client_id,cons_price_idx,euribor_three_months
0,93.994,4.857
1,93.994,4.857
2,93.994,4.857
3,93.994,4.857
4,93.994,4.857
5,93.994,4.857
6,93.994,4.857
7,93.994,4.857
8,93.994,4.857
9,93.994,4.857
10,93.994,4.857
11,93.994,4.857
12,93.994,4.857
13,93.994,4.857
14,93.994,4.857
15,93.994,4.857
16,93.994,4.857
17,93.994,4.857
18,93.994,4.857
19,93.994,4.857
20,93.994,4.857
21,93.994,4.857
22,93.994,4.857
23,93.994,4.857
24,93.994,4.857
25,93.994,4.857
26,93.994,4.857
27,93.994,4.857
28,93.994,4.857
29,93.994,4.857
30,93.994,4.857
31,93.994,4.857
32,93.994,4.857
33,93.994,4.857
34,93.994,4.857
35,93.994,4.857
36,93.994,4.857
37,93.994,4.857
38,93.994,4.857
39,93.994,4.857
40,93.994,4.857
41,93.994,4.857
42,93.994,4.857
43,93.994,4.857
44,93.994,4.857
45,93.994,4.857
46,93.994,4.857
47,93.994,4.857
48,93.994,4.857
49,93.994,4.857
50,93.994,4.857
51,93.994,4.857
52,93.994,4.857
53,93.994,4.857
54,93.994,4.857
55,93.994,4.857
56,93.994,4.857
57,93.994,4.857
58,93.994,4.857
59,93.994,4.857
60,93.994,4.857
61,93.994,4.857
62,93.994,4.857
63,93.994,4.857
64,93.994,4.857
65,93.994,4.857
66,93.994,4.857
67,93.994,4.857
68,93.994,4.857
69,93.994,4.857
70,93.994,4.857
71,93.994,4.857
72,93.994,4.857
73,93.994,4.857
74,93.994,4.857
75,93.994,4.857
76,93.994,4.857
77,93.994,4.857
78,93.994,4.857
79,93.994,4.857
80,93.994,4.857
81,93.994,4.857
82,93.994,4.857
83,93.994,4.857
84,93.994,4.857
85,93.994,4.857
86,93.994,4.857
87,93.994,4.857
88,93.994,4.857
89,93.994,4.857
90,93.994,4.857
91,93.994,4.857
92,93.994,4.857
93,93.994,4.857
94,93.994,4.857
95,93.994,4.857
96,93.994,4.857
97,93.994,4.857
98,93.994,4.857
99,93.994,4.857
100,93.994,4.857
101,93.994,4.857
102,93.994,4.857
103,93.994,4.857
104,93.994,4.857
105,93.994,4.857
106,93.994,4.857
107,93.994,4.857
108,93.994,4.857
109,93.994,4.857
110,93.994,4.857
111,93.994,4.857
112,93.994,4.857
113,93.994,4.857
114,93.994,4.857
115,93.994,4.857
116,93.994,4.857
117,93.994,4.857
118,93.994,4.857
119,93.994,4.857
120,93.994,4.857
121,93.994,4.857
122,93.994,4.857
123,93.994,4.857
124,93.994,4.857
125,93.994,4.857
126,93.994,4.857
127,93.994,4.857
128,93.994,4.857
129,93.994,4.857
130,93.994,4.857
131,93.994,4.857
132,93.994,4.857
133,93.994,4.857
134,93.994,4.857
135,93.994,4.857
136,93.994,4.857
137,93.994,4.857
138,93.994,4.857
139,93.994,4.857
140,93.994,4.857
141,93.994,4.857
142,93.994,4.857
143,93.994,4.857
144,93.994,4.857
145,93.994,4.857
146,93.994,4.857
147,93.994,4.857
148,93.994,4.857
149,93.994,4.857
150,93.994,4.857
151,93.994,4.857
152,93.994,4.857
153,93.994,4.857
154,93.994,4.857
155,93.994,4.857
156,93.994,4.857
157,93.994,4.857
158,93.994,4.857
159,93.994,4.857
160,93.994,4.857
161,93.994,4.857
162,93.994,4.857
163,93.994,4.857
164,93.994,4.857
165,93.994,4.857
166,93.994,4.857
167,93.994,4.857
168,93.994,4.857
169,93.994,4.857
170,93.994,4.857
171,93.994,4.857
172,93.994,4.857
173,93.994,4.857
174,93.994,4.857
175,93.994,4.857
176,93.994,4.857
177,93.994,4.857
178,93.994,4.857
179,93.994,4.857
180,93.994,4.857
181,93.994,4.857
182,93.994,4.857
183,93.994,4.857
184,93.994,4.857
185,93.994,4.857
186,93.994,4.857
187,93.994,4.857
188,93.994,4.857
189,93.994,4.857
190,93.994,4.857
191,93.994,4.857
192,93.994,4.857
193,93.994,4.857
194,93.994,4.857
195,93.994,4.857
196,93.994,4.857
197,93.994,4.857
198,93.994,4.857
199,93.994,4.857
200,93.994,4.857
201,93.994,4.857
202,93.994,4.857
203,93.994,4.857
204,93.994,4.857
205,93.994,4.857
206,93.994,4.857
207,93.994,4.857
208,93.994,4.857
209,93.994,4.857
210,93.994,4.857
211,93.994,4.857
212,93.994,4.857
213,93.994,4.857
214,93.994,4.857
215,93.994,4.857
216,93.994,4.857
217,93.994,4.857
218,93.994,4.857
219,93.994,4.857
220,93.994,4.857
221,93.994,4.857
222,93.994,4.857
223,93.994,4.857
224,93.994,4.857
225,93.994,4.857
226,93.994,4.857
227,93.994,4.857
228,93.994,4.857
229,93.994,4.857
230,93.994,4.857
231,93.994,4.857
232,93.994,4.857
233,93.994,4.857
234,93.994,4.857
235,93.994,4.857
236,93.994,4.857
237,93.994,4.857
238,93.994,4.857
239,93.994,4.857
240,93.994,4.857
241,93.994,4.857
242,93.994,4.857
243,93.994,4.857
244,93.994,4.857
245,93.994,4.857
246,93.994,4.857
247,93.994,4.857
248,93.994,4.857
249,93.994,4.857
250,93.994,4.857
251,93.994,4.857
252,93.994,4.857
253,93.994,4.857
254,93.994,4.857
255,93.994,4.857
256,93.994,4.857
257,93.994,4.857
258,93.994,4.857
259,93.994,4.857
260,93.994,4.857
261,93.994,4.857
262,93.994,4.857
263,93.994,4.857
264,93.994,4.857
265,93.994,4.857
266,93.994,4.857
267,93.994,4.857
268,93.994,4.857
269,93.994,4.857
270,93.994,4.857
271,93.994,4.857
272,93.994,4.857
273,93.994,4.857
274,93.994,4.857
275,93.994,4.857
276,93.994,4.857
277,93.994,4.857
278,93.994,4.857
279,93.994,4.857
280,93.994,4.857
281,93.994,4.857
282,93.994,4.857
283,93.994,4.857
284,93.994,4.857
285,93.994,4.857
286,93.994,4.857
287,93.994,4.857
288,93.994,4.857
289,93.994,4.857
290,93.994,4.857
291,93.994,4.857
292,93.994,4.857
293,93.994,4.857
294,93.994,4.857
295,93.994,4.857
296,93.994,4.857
297,93.994,4.857
298,93.994,4.857
299,93.994,4.857
300,93.994,4.857
301,93.994,4.857
302,93.994,4.857
303,93.994,4.857
304,93.994,4.857
305,93.994,4.857
306,93.994,4.857
307,93.994,4.857
308,93.994,4.857
309,93.994,4.857
310,93.994,4.857
311,93.994,4.857
312,93.994,4.857
313,93.994,4.857
314,93.994,4.857
315,93.994,4.857
316,93.994,4.857
317,93.994,4.857
318,93.994,4.857
319,93.994,4.857
320,93.994,4.857
321,93.994,4.857
322,93.994,4.857
323,93.994,4.857
324,93.994,4.857
325,93.994,4.857
326,93.994,4.857
327,93.994,4.857
328,93.994,4.857
329,93.994,4.857
330,93.994,4.857
331,93.994,4.857
332,93.994,4.857
333,93.994,4.857
334,93.994,4.857
335,93.994,4.857
336,93.994,4.857
337,93.994,4.857
338,93.994,4.857
339,93.994,4.857
340,93.994,4.857
341,93.994,4.857
342,93.994,4.857
343,93.994,4.857
344,93.994,4.857
345,93.994,4.857
346,93.994,4.857
347,93.994,4.857
348,93.994,4.857
349,93.994,4.857
350,93.994,4.857
351,93.994,4.857
352,93.994,4.857
353,93.994,4.857
354,93.994,4.857
355,93.994,4.857
356,93.994,4.857
357,93.994,4.857
358,93.994,4.857
359,93.994,4.857
360,93.994,4.857
361,93.994,4.857
362,93.994,4.857
363,93.994,4.857
364,93.994,4.857
365,93.994,4.857
366,93.994,4.857
367,93.994,4.857
368,93.994,4.857
369,93.994,4.857
370,93.994,4.857
371,93.994,4.857
372,93.994,4.857
373,93.994,4.857
374,93.994,4.857
375,93.994,4.857
376,93.994,4.857
377,93.994,4.857
378,93.994,4.857
379,93.994,4.857
380,93.994,4.857
381,93.994,4.857
382,93.994,4.857
383,93.994,4.857
384,93.994,4.857
385,93.994,4.857
386,93.994,4.857
387,93.994,4.857
388,93.994,4.857
389,93.994,4.857
390,93.994,4.857
391,93.994,4.857
392,93.994,4.857
393,93.994,4.857
394,93.994,4.857
395,93.994,4.857
396,93.994,4.857
397,93.994,4.857
398,93.994,4.857
399,93.994,4.857
400,93.994,4.857
401,93.994,4.857
402,93.994,4.857
403,93.994,4.857
404,93.994,4.857
405,93.994,4.857
406,93.994,4.857
407,93.994,4.857
408,93.994,4.857
409,93.994,4.857
410,93.994,4.857
411,93.994,4.857
412,93.994,4.857
413,93.994,4.857
414,93.994,4.857
415,93.994,4.857
416,93.994,4.857
417,93.994,4.857
418,93.994,4.857
419,93.994,4.857
420,93.994,4.857
421,93.994,4.857
422,93.994,4.857
423,93.994,4.857
424,93.994,4.857
425,93.994,4.857
426,93.994,4.857
427,93.994,4.857
428,93.994,4.857
429,93.994,4.857
430,93.994,4.857
431,93.994,4.857
432,93.994,4.857
433,93.994,4.857
434,93.994,4.857
435,93.994,4.857
436,93.994,4.857
437,93.994,4.857
438,93.994,4.857
439,93.994,4.857
440,93.994,4.857
441,93.994,4.857
442,93.994,4.857
443,93.994,4.857
444,93.994,4.857
445,93.994,4.857
446,93.994,4.857
447,93.994,4.857
448,93.994,4.857
449,93.994,4.857
450,93.994,4.857
451,93.994,4.857
452,93.994,4.857
453,93.994,4.857
454,93.994,4.857
455,93.994,4.857
456,93.994,4.857
457,93.994,4.857
458,93.994,4.857
459,93.994,4.857
460,93.994,4.857
461,93.994,4.857
462,93.994,4.857
463,93.994,4.857
464,93.994,4.857
465,93.994,4.857
466,93.994,4.857
467,93.994,4.857
468,93.994,4.857
469,93.994,4.857
470,93.994,4.857
471,93.994,4.857
472,93.994,4.857
473,93.994,4.857
474,93.994,4.857
475,93.994,4.857
476,93.994,4.857
477,93.994,4.857
478,93.994,4.857
479,93.994,4.857
480,93.994,4.857
481,93.994,4.857
482,93.994,4.857
483,93.994,4.857
484,93.994,4.857
485,93.994,4.857
486,93.994,4.857
487,93.994,4.857
488,93.994,4.857
489,93.994,4.857
490,93.994,4.857
491,93.994,4.857
492,93.994,4.857
493,93.994,4.857
494,93.994,4.857
495,93.994,4.857
496,93.994,4.857
497,93.994,4.857
498,93.994,4.857
499,93.994,4.857
500,93.994,4.857
501,93.994,4.857
502,93.994,4.857
503,93.994,4.857
504,93.994,4.857
505,93.994,4.857
506,93.994,4.857
507,93.994,4.857
508,93.994,4.857
509,93.994,4.857
510,93.994,4.857
511,93.994,4.857
512,93.994,4.857
513,93.994,4.857
514,93.994,4.857
515,93.994,4.857
516,93.994,4.857
517,93.994,4.857
518,93.994,4.857
519,93.994,4.857
520,93.994,4.857
521,93.994,4.857
522,93.994,4.857
523,93.994,4.857
524,93.994,4.857
525,93.994,4.857
526,93.994,4.857
527,93.994,4.857
528,93.994,4.857
529,93.994,4.857
530,93.994,4.857
531,93.994,4.857
532,93.994,4.857
533,93.994,4.857
534,93.994,4.857
535,93.994,4.857
536,93.994,4.857
537,93.994,4.857
538,93.994,4.857
539,93.994,4.857
540,93.994,4.857
541,93.994,4.857
542,93.994,4.857
543,93.994,4.857
544,93.994,4.857
545,93.994,4.857
546,93.994,4.857
547,93.994,4.857
548,93.994,4.857
549,93.994,4.857
550,93.994,4.857
551,93.994,4.857
552,93.994,4.857
553,93.994,4.857
554,93.994,4.857
555,93.994,4.857
556,93.994,4.857
557,93.994,4.857
558,93.994,4.857
559,93.994,4.857
560,93.994,4.857
561,93.994,4.857
562,93.994,4.857
563,93.994,4.857
564,93.994,4.857
565,93.994,4.857
566,93.994,4.857
567,93.994,4.857
568,93.994,4.857
569,93.994,4.857
570,93.994,4.857
571,93.994,4.857
572,93.994,4.857
573,93.994,4.857
574,93.994,4.857
575,93.994,4.857
576,93.994,4.857
577,93.994,4.857
578,93.994,4.857
579,93.994,4.857
580,93.994,4.857
581,93.994,4.857
582,93.994,4.857
583,93.994,4.857
584,93.994,4.857
585,93.994,4.857
586,93.994,4.857
587,93.994,4.857
588,93.994,4.857
589,93.994,4.857
590,93.994,4.857
591,93.994,4.857
592,93.994,4.857
593,93.994,4.857
594,93.994,4.857
595,93.994,4.857
596,93.994,4.857
597,93.994,4.857
598,93.994,4.857
599,93.994,4.857
600,93.994,4.857
601,93.994,4.857
602,93.994,4.857
603,93.994,4.857
604,93.994,4.857
605,93.994,4.857
606,93.994,4.857
607,93.994,4.857
608,93.994,4.857
609,93.994,4.857
610,93.994,4.857
611,93.994,4.857
612,93.994,4.857
613,93.994,4.857
614,93.994,4.857
615,93.994,4.857
616,93.994,4.857
617,93.994,4.857
618,93.994,4.857
619,93.994,4.857
620,93.994,4.857
621,93.994,4.857
622,93.994,4.857
623,93.994,4.857
624,93.994,4.857
625,93.994,4.857
626,93.994,4.857
627,93.994,4.857
628,93.994,4.857
629,93.994,4.857
630,93.994,4.857
631,93.994,4.857
632,93.994,4.857
633,93.994,4.857
634,93.994,4.857
635,93.994,4.857
636,93.994,4.857
637,93.994,4.857
638,93.994,4.857
639,93.994,4.857
640,93.994,4.857
641,93.994,4.857
642,93.994,4.857
643,93.994,4.857
644,93.994,4.857
645,93.994,4.857
646,93.994,4.857
647,93.994,4.857
648,93.994,4.857
649,93.994,4.857
650,93.994,4.857
651,93.994,4.857
652,93.994,4.857
653,93.994,4.857
654,93.994,4.857
655,93.994,4.857
656,93.994,4.857
657,93.994,4.857
658,93.994,4.857
659,93.994,4.857
660,93.994,4.857
661,93.994,4.857
662,93.994,4.857
663,93.994,4.857
664,93.994,4.857
665,93.994,4.857
666,93.994,4.857
667,93.994,4.857
668,93.994,4.857
669,93.994,4.857
670,93.994,4.857
671,93.994,4.857
672,93.994,4.857
673,93.994,4.857
674,93.994,4.857
675,93.994,4.857
676,93.994,4.857
677,93.994,4.857
678,93.994,4.857
679,93.994,4.857
680,93.994,4.857
681,93.994,4.857
682,93.994,4.857
683,93.994,4.857
684,93.994,4.857
685,93.994,4.857
686,93.994,4.857
687,93.994,4.857
688,93.994,4.857
689,93.994,4.857
690,93.994,4.857
691,93.994,4.857
692,93.994,4.857
693,93.994,4.857
694,93.994,4.857
695,93.994,4.857
696,93.994,4.857
697,93.994,4.857
698,93.994,4.857
699,93.994,4.857
700,93.994,4.857
701,93.994,4.857
702,93.994,4.857
703,93.994,4.857
704,93.994,4.857
705,93.994,4.857
706,93.994,4.857
707,93.994,4.857
708,93.994,4.857
709,93.994,4.857
710,93.994,4.857
711,93.994,4.857
712,93.994,4.857
713,93.994,4.857
714,93.994,4.857
715,93.994,4.857
716,93.994,4.857
717,93.994,4.857
718,93.994,4.857
719,93.994,4.857
720,93.994,4.857
721,93.994,4.857
722,93.994,4.857
723,93.994,4.857
724,93.994,4.857
725,93.994,4.857
726,93.994,4.857
727,93.994,4.857
728,93.994,4.857
729,93.994,4.857
730,93.994,4.857
731,93.994,4.857
732,93.994,4.857
733,93.994,4.857
734,93.994,4.857
735,93.994,4.857
736,93.994,4.857
737,93.994,4.857
738,93.994,4.857
739,93.994,4.857
740,93.994,4.857
741,93.994,4.857
742,93.994,4.857
743,93.994,4.857
744,93.994,4.857
745,93.994,4.857
746,93.994,4.857
747,93.994,4.857
748,93.994,4.857
749,93.994,4.857
750,93.994,4.857
751,93.994,4.857
752,93.994,4.857
753,93.994,4.857
754,93.994,4.857
755,93.994,4.857
756,93.994,4.856
757,93.994,4.856
758,93.994,4.856
759,93.994,4.856
760,93.994,4.856
761,93.994,4.856
762,93.994,4.856
763,93.994,4.856
764,93.994,4.856
765,93.994,4.856
766,93.994,4.856
767,93.994,4.856
768,93.994,4.856
769,93.994,4.856
770,93.994,4.856
771,93.994,4.856
772,93.994,4.856
773,93.994,4.856
774,93.994,4.856
775,93.994,4.856
776,93.994,4.856
777,93.994,4.856
778,93.994,4.856
779,93.994,4.856
780,93.994,4.856
781,93.994,4.856
782,93.994,4.856
783,93.994,4.856
784,93.994,4.856
785,93.994,4.856
786,93.994,4.856
787,93.994,4.856
788,93.994,4.856
789,93.994,4.856
790,93.994,4.856
791,93.994,4.856
792,93.994,4.856
793,93.994,4.856
794,93.994,4.856
795,93.994,4.856
796,93.994,4.856
797,93.994,4.856
798,93.994,4.856
799,93.994,4.856
800,93.994,4.856
801,93.994,4.856
802,93.994,4.856
803,93.994,4.856
804,93.994,4.856
805,93.994,4.856
806,93.994,4.856
807,93.994,4.856
808,93.994,4.856
809,93.994,4.856
810,93.994,4.856
811,93.994,4.856
812,93.994,4.856
813,93.994,4.856
814,93.994,4.856
815,93.994,4.856
816,93.994,4.856
817,93.994,4.856
818,93.994,4.856
819,93.994,4.856
820,93.994,4.856
821,93.994,4.856
822,93.994,4.856
823,93.994,4.856
824,93.994,4.856
825,93.994,4.856
826,93.994,4.856
827,93.994,4.856
828,93.994,4.856
829,93.994,4.856
830,93.994,4.856
831,93.994,4.856
832,93.994,4.856
833,93.994,4.856
834,93.994,4.856
835,93.994,4.856
836,93.994,4.856
837,93.994,4.856
838,93.994,4.856
839,93.994,4.856
840,93.994,4.856
841,93.994,4.856
842,93.994,4.856
843,93.994,4.856
844,93.994,4.856
845,93.994,4.856
846,93.994,4.856
847,93.994,4.856
848,93.994,4.856
849,93.994,4.856
850,93.994,4.856
851,93.994,4.856
852,93.994,4.856
853,93.994,4.856
854,93.994,4.856
855,93.994,4.856
856,93.994,4.856
857,93.994,4.856
858,93.994,4.856
859,93.994,4.856
860,93.994,4.856
861,93.994,4.856
862,93.994,4.856
863,93.994,4.856
864,93.994,4.856
865,93.994,4.856
866,93.994,4.856
867,93.994,4.856
868,93.994,4.856
869,93.994,4.856
870,93.994,4.856
871,93.994,4.856
872,93.994,4.856
873,93.994,4.856
874,93.994,4.856
875,93.994,4.856
876,93.994,4.856
877,93.994,4.856
878,93.994,4.856
879,93.994,4.856
880,93.994,4.856
881,93.994,4.856
882,93.994,4.856
883,93.994,4.856
884,93.994,4.856
885,93.994,4.856
886,93.994,4.856
887,93.994,4.856
888,93.994,4.856
889,93.994,4.856
890,93.994,4.856
891,93.994,4.856
892,93.994,4.856
893,93.994,4.856
894,93.994,4.856
895,93.994,4.856
896,93.994,4.856
897,93.994,4.856
898,93.994,4.856
899,93.994,4.856
900,93.994,4.856
901,93.994,4.856
902,93.994,4.856
903,93.994,4.856
904,93.994,4.856
905,93.994,4.856
906,93.994,4.856
907,93.994,4.856
908,93.994,4.856
909,93.994,4.856
910,93.994,4.856
911,93.994,4.856
912,93.994,4.856
913,93.994,4.856
914,93.994,4.856
915,93.994,4.856
916,93.994,4.856
917,93.994,4.856
918,93.994,4.856
919,93.994,4.856
920,93.994,4.856
921,93.994,4.856
922,93.994,4.856
923,93.994,4.856
924,93.994,4.856
925,93.994,4.856
926,93.994,4.856
927,93.994,4.856
928,93.994,4.856
929,93.994,4.856
930,93.994,4.856
931,93.994,4.856
932,93.994,4.856
933,93.994,4.856
934,93.994,4.856
935,93.994,4.856
936,93.994,4.856
937,93.994,4.856
938,93.994,4.856
939,93.994,4.856
940,93.994,4.856
941,93.994,4.856
942,93.994,4.856
943,93.994,4.856
944,93.994,4.856
945,93.994,4.856
946,93.994,4.856
947,93.994,4.856
948,93.994,4.856
949,93.994,4.856
950,93.994,4.856
951,93.994,4.856
952,93.994,4.856
953,93.994,4.856
954,93.994,4.856
955,93.994,4.856
956,93.994,4.856
957,93.994,4.856
958,93.994,4.856
959,93.994,4.856
960,93.994,4.856
961,93.994,4.856
962,93.994,4.856
963,93.994,4.856
964,93.994,4.856
965,93.994,4.856
966,93.994,4.856
967,93.994,4.856
968,93.994,4.856
969,93.994,4.856
970,93.994,4.856
971,93.994,4.856
972,93.994,4.856
973,93.994,4.856
974,93.994,4.856
975,93.994,4.856
976,93.994,4.856
977,93.994,4.856
978,93.994,4.856
979,93.994,4.856
980,93.994,4.856
981,93.994,4.856
982,93.994,4.856
983,93.994,4.856
984,93.994,4.856
985,93.994,4.856
986,93.994,4.856
987,93.994,4.856
988,93.994,4.856
989,93.994,4.856
990,93.994,4.856
991,93.994,4.856
992,93.994,4.856
993,93.994,4.856
994,93.994,4.856
995,93.994,4.856
996,93.994,4.856
997,93.994,4.856
998,93.994,4.856
999,93.994,4.856
1000,93.994,4.856
1001,93.994,4.856
1002,93.994,4.856
1003,93.994,4.856
1004,93.994,4.856
1005,93.994,4.856
1006,93.994,4.856
1007,93.994,4.856
1008,93.994,4.856
1009,93.994,4.856
1010,93.994,4.856
1011,93.994,4.856
1012,93.994,4.856
1013,93.994,4.856
1014,93.994,4.856
1015,93.994,4.856
1016,93.994,4.856
1017,93.994,4.856
1018,93.994,4.856
1019,93.994,4.856
1020,93.994,4.856
1021,93.994,4.856
1022,93.994,4.856
1023,93.994,4.856
1024,93.994,4.856
1025,93.994,4.856
1026,93.994,4.856
1027,93.994,4.856
1028,93.994,4.856
1029,93.994,4.856
1030,93.994,4.856
1031,93.994,4.856
1032,93.994,4.856
1033,93.994,4.856
1034,93.994,4.856
1035,93.994,4.856
1036,93.994,4.856
1037,93.994,4.856
1038,93.994,4.856
1039,93.994,4.856
1040,93.994,4.856
1041,93.994,4.856
1042,93.994,4.856
1043,93.994,4.856
1044,93.994,4.856
1045,93.994,4.856
1046,93.994,4.856
1047,93.994,4.856
1048,93.994,4.856
1049,93.994,4.856
1050,93.994,4.856
1051,93.994,4.856
1052,93.994,4.856
1053,93.994,4.856
1054,93.994,4.856
1055,93.994,4.856
1056,93.994,4.856
1057,93.994,4.856
1058,93.994,4.856
1059,93.994,4.856
1060,93.994,4.856
1061,93.994,4.856
1062,93.994,4.856
1063,93.994,4.856
1064,93.994,4.856
1065,93.994,4.856
1066,93.994,4.856
1067,93.994,4.856
1068,93.994,4.856
1069,93.994,4.856
1070,93.994,4.856
1071,93.994,4.856
1072,93.994,4.856
1073,93.994,4.856
1074,93.994,4.856
1075,93.994,4.856
1076,93.994,4.856
1077,93.994,4.856
1078,93.994,4.856
1079,93.994,4.856
1080,93.994,4.856
1081,93.994,4.856
1082,93.994,4.856
1083,93.994,4.856
1084,93.994,4.856
1085,93.994,4.856
1086,93.994,4.856
1087,93.994,4.856
1088,93.994,4.856
1089,93.994,4.856
1090,93.994,4.856
1091,93.994,4.856
1092,93.994,4.856
1093,93.994,4.856
1094,93.994,4.856
1095,93.994,4.856
1096,93.994,4.856
1097,93.994,4.856
1098,93.994,4.856
1099,93.994,4.856
1100,93.994,4.856
1101,93.994,4.856
1102,93.994,4.856
1103,93.994,4.856
1104,93.994,4.856
1105,93.994,4.856
1106,93.994,4.856
1107,93.994,4.856
1108,93.994,4.856
1109,93.994,4.856
1110,93.994,4.856
1111,93.994,4.856
1112,93.994,4.856
1113,93.994,4.856
1114,93.994,4.856
1115,93.994,4.856
1116,93.994,4.856
1117,93.994,4.856
1118,93.994,4.856
1119,93.994,4.856
1120,93.994,4.856
1121,93.994,4.856
1122,93.994,4.856
1123,93.994,4.856
1124,93.994,4.856
1125,93.994,4.856
1126,93.994,4.856
1127,93.994,4.856
1128,93.994,4.856
1129,93.994,4.856
1130,93.994,4.856
1131,93.994,4.856
1132,93.994,4.856
1133,93.994,4.856
1134,93.994,4.856
1135,93.994,4.856
1136,93.994,4.856
1137,93.994,4.856
1138,93.994,4.856
1139,93.994,4.856
1140,93.994,4.856
1141,93.994,4.856
1142,93.994,4.856
1143,93.994,4.856
1144,93.994,4.856
1145,93.994,4.856
1146,93.994,4.855
1147,93.994,4.855
1148,93.994,4.855
1149,93.994,4.855
1150,93.994,4.855
1151,93.994,4.855
1152,93.994,4.855
1153,93.994,4.855
1154,93.994,4.855
1155,93.994,4.855
1156,93.994,4.855
1157,93.994,4.855
1158,93.994,4.855
1159,93.994,4.855
1160,93.994,4.855
1161,93.994,4.855
1162,93.994,4.855
1163,93.994,4.855
1164,93.994,4.855
1165,93.994,4.855
1166,93.994,4.855
1167,93.994,4.855
1168,93.994,4.855
1169,93.994,4.855
1170,93.994,4.855
1171,93.994,4.855
1172,93.994,4.855
1173,93.994,4.855
1174,93.994,4.855
1175,93.994,4.855
1176,93.994,4.855
1177,93.994,4.855
1178,93.994,4.855
1179,93.994,4.855
1180,93.994,4.855
1181,93.994,4.855
1182,93.994,4.855
1183,93.994,4.855
1184,93.994,4.855
1185,93.994,4.855
1186,93.994,4.855
1187,93.994,4.855
1188,93.994,4.855
1189,93.994,4.855
1190,93.994,4.855
1191,93.994,4.855
1192,93.994,4.855
1193,93.994,4.855
1194,93.994,4.855
1195,93.994,4.855
1196,93.994,4.855
1197,93.994,4.855
1198,93.994,4.855
1199,93.994,4.855
1200,93.994,4.855
1201,93.994,4.855
1202,93.994,4.855
1203,93.994,4.855
1204,93.994,4.855
1205,93.994,4.855
1206,93.994,4.855
1207,93.994,4.855
1208,93.994,4.855
1209,93.994,4.855
1210,93.994,4.855
1211,93.994,4.855
1212,93.994,4.855
1213,93.994,4.855
1214,93.994,4.855
1215,93.994,4.855
1216,93.994,4.855
1217,93.994,4.855
1218,93.994,4.855
1219,93.994,4.855
1220,93.994,4.855
1221,93.994,4.855
1222,93.994,4.855
1223,93.994,4.855
1224,93.994,4.855
1225,93.994,4.855
1226,93.994,4.855
1227,93.994,4.855
1228,93.994,4.855
1229,93.994,4.855
1230,93.994,4.855
1231,93.994,4.855
1232,93.994,4.855
1233,93.994,4.855
1234,93.994,4.855
1235,93.994,4.855
1236,93.994,4.855
1237,93.994,4.855
1238,93.994,4.855
1239,93.994,4.855
1240,93.994,4.855
1241,93.994,4.855
1242,93.994,4.855
1243,93.994,4.855
1244,93.994,4.855
1245,93.994,4.855
1246,93.994,4.855
1247,93.994,4.855
1248,93.994,4.855
1249,93.994,4.855
1250,93.994,4.855
1251,93.994,4.855
1252,93.994,4.855
1253,93.994,4.855
1254,93.994,4.855
1255,93.994,4.855
1256,93.994,4.855
1257,93.994,4.855
1258,93.994,4.855
1259,93.994,4.855
1260,93.994,4.855
1261,93.994,4.855
1262,93.994,4.855
1263,93.994,4.855
1264,93.994,4.855
1265,93.994,4.855
1266,93.994,4.855
1267,93.994,4.855
1268,93.994,4.855
1269,93.994,4.855
1270,93.994,4.855
1271,93.994,4.855
1272,93.994,4.855
1273,93.994,4.855
1274,93.994,4.855
1275,93.994,4.855
1276,93.994,4.855
1277,93.994,4.855
1278,93.994,4.855
1279,93.994,4.855
1280,93.994,4.855
1281,93.994,4.855
1282,93.994,4.855
1283,93.994,4.855
1284,93.994,4.855
1285,93.994,4.855
1286,93.994,4.855
1287,93.994,4.855
1288,93.994,4.855
1289,93.994,4.855
1290,93.994,4.855
1291,93.994,4.855
1292,93.994,4.855
1293,93.994,4.855
1294,93.994,4.855
1295,93.994,4.855
1296,93.994,4.855
1297,93.994,4.855
1298,93.994,4.855
1299,93.994,4.855
1300,93.994,4.855
1301,93.994,4.855
1302,93.994,4.855
1303,93.994,4.855
1304,93.994,4.855
1305,93.994,4.855
1306,93.994,4.855
1307,93.994,4.855
1308,93.994,4.855
1309,93.994,4.855
1310,93.994,4.855
1311,93.994,4.855
1312,93.994,4.855
1313,93.994,4.855
1314,93.994,4.855
1315,93.994,4.855
1316,93.994,4.855
1317,93.994,4.855
1318,93.994,4.855
1319,93.994,4.855
1320,93.994,4.855
1321,93.994,4.855
1322,93.994,4.855
1323,93.994,4.855
1324,93.994,4.855
1325,93.994,4.855
1326,93.994,4.855
1327,93.994,4.855
1328,93.994,4.855
1329,93.994,4.855
1330,93.994,4.855
1331,93.994,4.855
1332,93.994,4.855
1333,93.994,4.855
1334,93.994,4.855
1335,93.994,4.855
1336,93.994,4.855
1337,93.994,4.855
1338,93.994,4.855
1339,93.994,4.855
1340,93.994,4.855
1341,93.994,4.855
1342,93.994,4.855
1343,93.994,4.855
1344,93.994,4.855
1345,93.994,4.855
1346,93.994,4.855
1347,93.994,4.855
1348,93.994,4.855
1349,93.994,4.855
1350,93.994,4.855
1351,93.994,4.855
1352,93.994,4.855
1353,93.994,4.855
1354,93.994,4.855
1355,93.994,4.855
1356,93.994,4.855
1357,93.994,4.855
1358,93.994,4.855
1359,93.994,4.855
1360,93.994,4.855
1361,93.994,4.855
1362,93.994,4.855
1363,93.994,4.855
1364,93.994,4.855
1365,93.994,4.855
1366,93.994,4.855
1367,93.994,4.855
1368,93.994,4.855
1369,93.994,4.855
1370,93.994,4.855
1371,93.994,4.855
1372,93.994,4.855
1373,93.994,4.855
1374,93.994,4.855
1375,93.994,4.855
1376,93.994,4.855
1377,93.994,4.855
1378,93.994,4.855
1379,93.994,4.855
1380,93.994,4.855
1381,93.994,4.855
1382,93.994,4.855
1383,93.994,4.855
1384,93.994,4.855
1385,93.994,4.855
1386,93.994,4.855
1387,93.994,4.855
1388,93.994,4.855
1389,93.994,4.855
1390,93.994,4.855
1391,93.994,4.855
1392,93.994,4.855
1393,93.994,4.855
1394,93.994,4.855
1395,93.994,4.855
1396,93.994,4.855
1397,93.994,4.855
1398,93.994,4.855
1399,93.994,4.855
1400,93.994,4.855
1401,93.994,4.855
1402,93.994,4.855
1403,93.994,4.855
1404,93.994,4.855
1405,93.994,4.855
1406,93.994,4.855
1407,93.994,4.855
1408,93.994,4.855
1409,93.994,4.855
1410,93.994,4.855
1411,93.994,4.855
1412,93.994,4.855
1413,93.994,4.855
1414,93.994,4.855
1415,93.994,4.855
1416,93.994,4.855
1417,93.994,4.855
1418,93.994,4.855
1419,93.994,4.855
1420,93.994,4.855
1421,93.994,4.855
1422,93.994,4.855
1423,93.994,4.855
1424,93.994,4.855
1425,93.994,4.855
1426,93.994,4.855
1427,93.994,4.855
1428,93.994,4.855
1429,93.994,4.855
1430,93.994,4.855
1431,93.994,4.855
1432,93.994,4.855
1433,93.994,4.855
1434,93.994,4.855
1435,93.994,4.855
1436,93.994,4.855
1437,93.994,4.855
1438,93.994,4.855
1439,93.994,4.855
1440,93.994,4.855
1441,93.994,4.855
1442,93.994,4.855
1443,93.994,4.855
1444,93.994,4.855
1445,93.994,4.855
1446,93.994,4.855
1447,93.994,4.855
1448,93.994,4.855
1449,93.994,4.855
1450,93.994,4.855
1451,93.994,4.855
1452,93.994,4.855
1453,93.994,4.855
1454,93.994,4.855
1455,93.994,4.855
1456,93.994,4.855
1457,93.994,4.855
1458,93.994,4.855
1459,93.994,4.855
1460,93.994,4.855
1461,93.994,4.855
1462,93.994,4.855
1463,93.994,4.855
1464,93.994,4.855
1465,93.994,4.855
1466,93.994,4.855
1467,93.994,4.855
1468,93.994,4.855
1469,93.994,4.855
1470,93.994,4.855
1471,93.994,4.855
1472,93.994,4.855
1473,93.994,4.855
1474,93.994,4.855
1475,93.994,4.855
1476,93.994,4.855
1477,93.994,4.855
1478,93.994,4.855
1479,93.994,4.855
1480,93.994,4.855
1481,93.994,4.855
1482,93.994,4.855
1483,93.994,4.855
1484,93.994,4.855
1485,93.994,4.855
1486,93.994,4.855
1487,93.994,4.855
1488,93.994,4.855
1489,93.994,4.855
1490,93.994,4.855
1491,93.994,4.855
1492,93.994,4.855
1493,93.994,4.855
1494,93.994,4.855
1495,93.994,4.855
1496,93.994,4.855
1497,93.994,4.855
1498,93.994,4.855
1499,93.994,4.855
1500,93.994,4.855
1501,93.994,4.855
1502,93.994,4.855
1503,93.994,4.855
1504,93.994,4.855
1505,93.994,4.855
1506,93.994,4.855
1507,93.994,4.855
1508,93.994,4.855
1509,93.994,4.855
1510,93.994,4.855
1511,93.994,4.855
1512,93.994,4.855
1513,93.994,4.855
1514,93.994,4.855
1515,93.994,4.855
1516,93.994,4.855
1517,93.994,4.855
1518,93.994,4.855
1519,93.994,4.855
1520,93.994,4.855
1521,93.994,4.855
1522,93.994,4.855
1523,93.994,4.855
1524,93.994,4.855
1525,93.994,4.855
1526,93.994,4.855
1527,93.994,4.855
1528,93.994,4.855
1529,93.994,4.855
1530,93.994,4.855
1531,93.994,4.855
1532,93.994,4.855
1533,93.994,4.855
1534,93.994,4.855
1535,93.994,4.855
1536,93.994,4.855
1537,93.994,4.855
1538,93.994,4.855
1539,93.994,4.855
1540,93.994,4.855
1541,93.994,4.855
1542,93.994,4.855
1543,93.994,4.855
1544,93.994,4.855
1545,93.994,4.855
1546,93.994,4.855
1547,93.994,4.855
1548,93.994,4.855
1549,93.994,4.855
1550,93.994,4.855
1551,93.994,4.855
1552,93.994,4.855
1553,93.994,4.855
1554,93.994,4.855
1555,93.994,4.855
1556,93.994,4.855
1557,93.994,4.855
1558,93.994,4.855
1559,93.994,4.855
1560,93.994,4.855
1561,93.994,4.855
1562,93.994,4.855
1563,93.994,4.855
1564,93.994,4.855
1565,93.994,4.855
1566,93.994,4.855
1567,93.994,4.855
1568,93.994,4.855
1569,93.994,4.855
1570,93.994,4.855
1571,93.994,4.855
1572,93.994,4.855
1573,93.994,4.855
1574,93.994,4.855
1575,93.994,4.855
1576,93.994,4.855
1577,93.994,4.855
1578,93.994,4.855
1579,93.994,4.855
1580,93.994,4.855
1581,93.994,4.855
1582,93.994,4.855
1583,93.994,4.855
1584,93.994,4.855
1585,93.994,4.855
1586,93.994,4.855
1587,93.994,4.855
1588,93.994,4.855
1589,93.994,4.855
1590,93.994,4.855
1591,93.994,4.855
1592,93.994,4.855
1593,93.994,4.855
1594,93.994,4.855
1595,93.994,4.855
1596,93.994,4.855
1597,93.994,4.855
1598,93.994,4.855
1599,93.994,4.855
1600,93.994,4.855
1601,93.994,4.855
1602,93.994,4.855
1603,93.994,4.855
1604,93.994,4.855
1605,93.994,4.855
1606,93.994,4.855
1607,93.994,4.855
1608,93.994,4.855
1609,93.994,4.855
1610,93.994,4.855
1611,93.994,4.855
1612,93.994,4.855
1613,93.994,4.855
1614,93.994,4.855
1615,93.994,4.855
1616,93.994,4.855
1617,93.994,4.855
1618,93.994,4.855
1619,93.994,4.855
1620,93.994,4.855
1621,93.994,4.855
1622,93.994,4.855
1623,93.994,4.855
1624,93.994,4.855
1625,93.994,4.855
1626,93.994,4.855
1627,93.994,4.855
1628,93.994,4.855
1629,93.994,4.855
1630,93.994,4.855
1631,93.994,4.855
1632,93.994,4.855
1633,93.994,4.855
1634,93.994,4.855
1635,93.994,4.855
1636,93.994,4.855
1637,93.994,4.855
1638,93.994,4.855
1639,93.994,4.855
1640,93.994,4.855
1641,93.994,4.855
1642,93.994,4.855
1643,93.994,4.855
1644,93.994,4.855
1645,93.994,4.855
1646,93.994,4.855
1647,93.994,4.855
1648,93.994,4.855
1649,93.994,4.855
1650,93.994,4.855
1651,93.994,4.855
1652,93.994,4.855
1653,93.994,4.855
1654,93.994,4.855
1655,93.994,4.855
1656,93.994,4.855
1657,93.994,4.855
1658,93.994,4.855
1659,93.994,4.855
1660,93.994,4.855
1661,93.994,4.855
1662,93.994,4.855
1663,93.994,4.855
1664,93.994,4.855
1665,93.994,4.855
1666,93.994,4.855
1667,93.994,4.855
1668,93.994,4.855
1669,93.994,4.855
1670,93.994,4.855
1671,93.994,4.855
1672,93.994,4.855
1673,93.994,4.855
1674,93.994,4.855
1675,93.994,4.855
1676,93.994,4.855
1677,93.994,4.855
1678,93.994,4.855
1679,93.994,4.855
1680,93.994,4.855
1681,93.994,4.855
1682,93.994,4.855
1683,93.994,4.855
1684,93.994,4.855
1685,93.994,4.855
1686,93.994,4.855
1687,93.994,4.855
1688,93.994,4.855
1689,93.994,4.855
1690,93.994,4.855
1691,93.994,4.855
1692,93.994,4.855
1693,93.994,4.855
1694,93.994,4.855
1695,93.994,4.855
1696,93.994,4.855
1697,93.994,4.855
1698,93.994,4.855
1699,93.994,4.855
1700,93.994,4.855
1701,93.994,4.855
1702,93.994,4.855
1703,93.994,4.855
1704,93.994,4.855
1705,93.994,4.855
1706,93.994,4.855
1707,93.994,4.855
1708,93.994,4.855
1709,93.994,4.855
1710,93.994,4.855
1711,93.994,4.855
1712,93.994,4.855
1713,93.994,4.855
1714,93.994,4.855
1715,93.994,4.855
1716,93.994,4.855
1717,93.994,4.855
1718,93.994,4.855
1719,93.994,4.855
1720,93.994,4.855
1721,93.994,4.855
1722,93.994,4.855
1723,93.994,4.855
1724,93.994,4.855
1725,93.994,4.855
1726,93.994,4.855
1727,93.994,4.855
1728,93.994,4.855
1729,93.994,4.855
1730,93.994,4.855
1731,93.994,4.855
1732,93.994,4.855
1733,93.994,4.855
1734,93.994,4.855
1735,93.994,4.855
1736,93.994,4.855
1737,93.994,4.855
1738,93.994,4.855
1739,93.994,4.855
1740,93.994,4.855
1741,93.994,4.855
1742,93.994,4.855
1743,93.994,4.855
1744,93.994,4.855
1745,93.994,4.855
1746,93.994,4.855
1747,93.994,4.855
1748,93.994,4.855
1749,93.994,4.855
1750,93.994,4.855
1751,93.994,4.855
1752,93.994,4.855
1753,93.994,4.855
1754,93.994,4.855
1755,93.994,4.855
1756,93.994,4.855
1757,93.994,4.855
1758,93.994,4.855
1759,93.994,4.855
1760,93.994,4.855
1761,93.994,4.855
1762,93.994,4.855
1763,93.994,4.855
1764,93.994,4.855
1765,93.994,4.855
1766,93.994,4.855
1767,93.994,4.855
1768,93.994,4.855
1769,93.994,4.855
1770,93.994,4.855
1771,93.994,4.855
1772,93.994,4.855
1773,93.994,4.855
1774,93.994,4.855
1775,93.994,4.855
1776,93.994,4.855
1777,93.994,4.855
1778,93.994,4.855
1779,93.994,4.855
1780,93.994,4.855
1781,93.994,4.855
1782,93.994,4.855
1783,93.994,4.855
1784,93.994,4.855
1785,93.994,4.855
1786,93.994,4.855
1787,93.994,4.855
1788,93.994,4.855
1789,93.994,4.855
1790,93.994,4.855
1791,93.994,4.855
1792,93.994,4.855
1793,93.994,4.855
1794,93.994,4.855
1795,93.994,4.855
1796,93.994,4.855
1797,93.994,4.855
1798,93.994,4.855
1799,93.994,4.855
1800,93.994,4.855
1801,93.994,4.855
1802,93.994,4.855
1803,93.994,4.855
1804,93.994,4.855
1805,93.994,4.855
1806,93.994,4.855
1807,93.994,4.855
1808,93.994,4.855
1809,93.994,4.855
1810,93.994,4.855
1811,93.994,4.855
1812,93.994,4.855
1813,93.994,4.855
1814,93.994,4.855
1815,93.994,4.855
1816,93.994,4.855
1817,93.994,4.855
1818,93.994,4.855
1819,93.994,4.855
1820,93.994,4.855
1821,93.994,4.855
1822,93.994,4.855
1823,93.994,4.855
1824,93.994,4.855
1825,93.994,4.855
1826,93.994,4.855
1827,93.994,4.855
1828,93.994,4.855
1829,93.994,4.855
1830,93.994,4.855
1831,93.994,4.855
1832,93.994,4.855
1833,93.994,4.855
1834,93.994,4.855
1835,93.994,4.855
1836,93.994,4.855
1837,93.994,4.855
1838,93.994,4.855
1839,93.994,4.855
1840,93.994,4.855
1841,93.994,4.855
1842,93.994,4.855
1843,93.994,4.855
1844,93.994,4.855
1845,93.994,4.855
1846,93.994,4.855
1847,93.994,4.855
1848,93.994,4.855
1849,93.994,4.855
1850,93.994,4.855
1851,93.994,4.855
1852,93.994,4.855
1853,93.994,4.855
1854,93.994,4.855
1855,93.994,4.855
1856,93.994,4.855
1857,93.994,4.855
1858,93.994,4.855
1859,93.994,4.855
1860,93.994,4.855
1861,93.994,4.855
1862,93.994,4.855
1863,93.994,4.855
1864,93.994,4.855
1865,93.994,4.855
1866,93.994,4.855
1867,93.994,4.855
1868,93.994,4.855
1869,93.994,4.855
1870,93.994,4.855
1871,93.994,4.855
1872,93.994,4.855
1873,93.994,4.855
1874,93.994,4.855
1875,93.994,4.855
1876,93.994,4.855
1877,93.994,4.855
1878,93.994,4.855
1879,93.994,4.855
1880,93.994,4.855
1881,93.994,4.855
1882,93.994,4.855
1883,93.994,4.855
1884,93.994,4.855
1885,93.994,4.855
1886,93.994,4.855
1887,93.994,4.855
1888,93.994,4.855
1889,93.994,4.855
1890,93.994,4.855
1891,93.994,4.855
1892,93.994,4.855
1893,93.994,4.855
1894,93.994,4.855
1895,93.994,4.855
1896,93.994,4.855
1897,93.994,4.855
1898,93.994,4.855
1899,93.994,4.855
1900,93.994,4.855
1901,93.994,4.855
1902,93.994,4.855
1903,93.994,4.855
1904,93.994,4.855
1905,93.994,4.855
1906,93.994,4.855
1907,93.994,4.855
1908,93.994,4.855
1909,93.994,4.855
1910,93.994,4.855
1911,93.994,4.855
1912,93.994,4.855
1913,93.994,4.855
1914,93.994,4.855
1915,93.994,4.855
1916,93.994,4.855
1917,93.994,4.855
1918,93.994,4.855
1919,93.994,4.855
1920,93.994,4.855
1921,93.994,4.855
1922,93.994,4.855
1923,93.994,4.855
1924,93.994,4.855
1925,93.994,4.855
1926,93.994,4.855
1927,93.994,4.855
1928,93.994,4.855
1929,93.994,4.855
1930,93.994,4.855
1931,93.994,4.855
1932,93.994,4.855
1933,93.994,4.855
1934,93.994,4.855
1935,93.994,4.855
1936,93.994,4.855
1937,93.994,4.855
1938,93.994,4.855
1939,93.994,4.855
1940,93.994,4.855
1941,93.994,4.855
1942,93.994,4.855
1943,93.994,4.855
1944,93.994,4.855
1945,93.994,4.855
1946,93.994,4.855
1947,93.994,4.855
1948,93.994,4.855
1949,93.994,4.855
1950,93.994,4.855
1951,93.994,4.855
1952,93.994,4.855
1953,93.994,4.855
1954,93.994,4.855
1955,93.994,4.855
1956,93.994,4.855
1957,93.994,4.855
1958,93.994,4.855
1959,93.994,4.855
1960,93.994,4.855
1961,93.994,4.855
1962,93.994,4.855
1963,93.994,4.855
1964,93.994,4.855
1965,93.994,4.855
1966,93.994,4.855
1967,93.994,4.855
1968,93.994,4.855
1969,93.994,4.855
1970,93.994,4.855
1971,93.994,4.855
1972,93.994,4.855
1973,93.994,4.855
1974,93.994,4.855
1975,93.994,4.855
1976,93.994,4.855
1977,93.994,4.855
1978,93.994,4.855
1979,93.994,4.855
1980,93.994,4.855
1981,93.994,4.855
1982,93.994,4.855
1983,93.994,4.855
1984,93.994,4.855
1985,93.994,4.855
1986,93.994,4.857
1987,93.994,4.857
1988,93.994,4.857
1989,93.994,4.857
1990,93.994,4.857
1991,93.994,4.857
1992,93.994,4.857
1993,93.994,4.857
1994,93.994,4.857
1995,93.994,4.857
1996,93.994,4.857
1997,93.994,4.857
1998,93.994,4.857
1999,93.994,4.857
2000,93.994,4.857
2001,93.994,4.857
2002,93.994,4.857
2003,93.994,4.857
2004,93.994,4.857
2005,93.994,4.857
2006,93.994,4.857
2007,93.994,4.857
2008,93.994,4.857
2009,93.994,4.857
2010,93.994,4.857
2011,93.994,4.857
2012,93.994,4.857
2013,93.994,4.857
2014,93.994,4.857
2015,93.994,4.857
2016,93.994,4.857
2017,93.994,4.857
2018,93.994,4.857
2019,93.994,4.857
2020,93.994,4.857
2021,93.994,4.857
2022,93.994,4.857
2023,93.994,4.857
2024,93.994,4.857
2025,93.994,4.857
2026,93.994,4.857
2027,93.994,4.857
2028,93.994,4.857
2029,93.994,4.857
2030,93.994,4.857
2031,93.994,4.857
2032,93.994,4.857
2033,93.994,4.857
2034,93.994,4.857
2035,93.994,4.857
2036,93.994,4.857
2037,93.994,4.857
2038,93.994,4.857
2039,93.994,4.857
2040,93.994,4.857
2041,93.994,4.857
2042,93.994,4.857
2043,93.994,4.857
2044,93.994,4.857
2045,93.994,4.857
2046,93.994,4.857
2047,93.994,4.857
2048,93.994,4.857
2049,93.994,4.857
2050,93.994,4.857
2051,93.994,4.857
2052,93.994,4.857
2053,93.994,4.857
2054,93.994,4.857
2055,93.994,4.857
2056,93.994,4.857
2057,93.994,4.857
2058,93.994,4.857
2059,93.994,4.857
2060,93.994,4.857
2061,93.994,4.857
2062,93.994,4.857
2063,93.994,4.857
2064,93.994,4.857
2065,93.994,4.857
2066,93.994,4.857
2067,93.994,4.857
2068,93.994,4.857
2069,93.994,4.857
2070,93.994,4.857
2071,93.994,4.857
2072,93.994,4.857
2073,93.994,4.857
2074,93.994,4.857
2075,93.994,4.857
2076,93.994,4.857
2077,93.994,4.857
2078,93.994,4.857
2079,93.994,4.857
2080,93.994,4.857
2081,93.994,4.857
2082,93.994,4.857
2083,93.994,4.857
2084,93.994,4.857
2085,93.994,4.857
2086,93.994,4.857
2087,93.994,4.857
2088,93.994,4.857
2089,93.994,4.857
2090,93.994,4.857
2091,93.994,4.857
2092,93.994,4.857
2093,93.994,4.857
2094,93.994,4.857
2095,93.994,4.857
2096,93.994,4.857
2097,93.994,4.857
2098,93.994,4.857
2099,93.994,4.857
2100,93.994,4.857
2101,93.994,4.857
2102,93.994,4.857
2103,93.994,4.857
2104,93.994,4.857
2105,93.994,4.857
2106,93.994,4.857
2107,93.994,4.857
2108,93.994,4.857
2109,93.994,4.857
2110,93.994,4.857
2111,93.994,4.857
2112,93.994,4.857
2113,93.994,4.857
2114,93.994,4.857
2115,93.994,4.857
2116,93.994,4.857
2117,93.994,4.857
2118,93.994,4.857
2119,93.994,4.857
2120,93.994,4.857
2121,93.994,4.857
2122,93.994,4.857
2123,93.994,4.857
2124,93.994,4.857
2125,93.994,4.857
2126,93.994,4.857
2127,93.994,4.857
2128,93.994,4.857
2129,93.994,4.857
2130,93.994,4.857
2131,93.994,4.857
2132,93.994,4.857
2133,93.994,4.857
2134,93.994,4.857
2135,93.994,4.857
2136,93.994,4.857
2137,93.994,4.857
2138,93.994,4.857
2139,93.994,4.857
2140,93.994,4.857
2141,93.994,4.857
2142,93.994,4.857
2143,93.994,4.857
2144,93.994,4.857
2145,93.994,4.857
2146,93.994,4.857
2147,93.994,4.857
2148,93.994,4.857
2149,93.994,4.857
2150,93.994,4.857
2151,93.994,4.857
2152,93.994,4.857
2153,93.994,4.857
2154,93.994,4.857
2155,93.994,4.857
2156,93.994,4.857
2157,93.994,4.857
2158,93.994,4.857
2159,93.994,4.857
2160,93.994,4.857
2161,93.994,4.857
2162,93.994,4.857
2163,93.994,4.857
2164,93.994,4.857
2165,93.994,4.857
2166,93.994,4.857
2167,93.994,4.857
2168,93.994,4.857
2169,93.994,4.857
2170,93.994,4.857
2171,93.994,4.857
2172,93.994,4.857
2173,93.994,4.857
2174,93.994,4.857
2175,93.994,4.857
2176,93.994,4.857
2177,93.994,4.857
2178,93.994,4.857
2179,93.994,4.857
2180,93.994,4.857
2181,93.994,4.857
2182,93.994,4.857
2183,93.994,4.857
2184,93.994,4.857
2185,93.994,4.857
2186,93.994,4.857
2187,93.994,4.857
2188,93.994,4.857
2189,93.994,4.857
2190,93.994,4.857
2191,93.994,4.857
2192,93.994,4.857
2193,93.994,4.857
2194,93.994,4.857
2195,93.994,4.857
2196,93.994,4.857
2197,93.994,4.857
2198,93.994,4.857
2199,93.994,4.857
2200,93.994,4.857
2201,93.994,4.857
2202,93.994,4.857
2203,93.994,4.857
2204,93.994,4.857
2205,93.994,4.857
2206,93.994,4.857
2207,93.994,4.857
2208,93.994,4.857
2209,93.994,4.857
2210,93.994,4.857
2211,93.994,4.857
2212,93.994,4.857
2213,93.994,4.857
2214,93.994,4.857
2215,93.994,4.857
2216,93.994,4.857
2217,93.994,4.857
2218,93.994,4.857
2219,93.994,4.857
2220,93.994,4.857
2221,93.994,4.857
2222,93.994,4.857
2223,93.994,4.857
2224,93.994,4.857
2225,93.994,4.857
2226,93.994,4.857
2227,93.994,4.857
2228,93.994,4.857
2229,93.994,4.857
2230,93.994,4.857
2231,93.994,4.857
2232,93.994,4.857
2233,93.994,4.857
2234,93.994,4.857
2235,93.994,4.857
2236,93.994,4.857
2237,93.994,4.857
2238,93.994,4.857
2239,93.994,4.857
2240,93.994,4.857
2241,93.994,4.857
2242,93.994,4.857
2243,93.994,4.857
2244,93.994,4.857
2245,93.994,4.857
2246,93.994,4.857
2247,93.994,4.856
2248,93.994,4.856
2249,93.994,4.856
2250,93.994,4.856
2251,93.994,4.856
2252,93.994,4.856
2253,93.994,4.856
2254,93.994,4.856
2255,93.994,4.856
2256,93.994,4.856
2257,93.994,4.856
2258,93.994,4.856
2259,93.994,4.856
2260,93.994,4.856
2261,93.994,4.856
2262,93.994,4.856
2263,93.994,4.856
2264,93.994,4.856
2265,93.994,4.856
2266,93.994,4.856
2267,93.994,4.856
2268,93.994,4.856
2269,93.994,4.856
2270,93.994,4.856
2271,93.994,4.856
2272,93.994,4.856
2273,93.994,4.856
2274,93.994,4.856
2275,93.994,4.856
2276,93.994,4.856
2277,93.994,4.856
2278,93.994,4.856
2279,93.994,4.856
2280,93.994,4.856
2281,93.994,4.856
2282,93.994,4.856
2283,93.994,4.856
2284,93.994,4.856
2285,93.994,4.856
2286,93.994,4.856
2287,93.994,4.856
2288,93.994,4.856
2289,93.994,4.856
2290,93.994,4.856
2291,93.994,4.856
2292,93.994,4.856
2293,93.994,4.856
2294,93.994,4.856
2295,93.994,4.856
2296,93.994,4.856
2297,93.994,4.856
2298,93.994,4.856
2299,93.994,4.856
2300,93.994,4.856
2301,93.994,4.856
2302,93.994,4.856
2303,93.994,4.856
2304,93.994,4.856
2305,93.994,4.856
2306,93.994,4.856
2307,93.994,4.856
2308,93.994,4.856
2309,93.994,4.856
2310,93.994,4.856
2311,93.994,4.856
2312,93.994,4.856
2313,93.994,4.856
2314,93.994,4.856
2315,93.994,4.856
2316,93.994,4.856
2317,93.994,4.856
2318,93.994,4.856
2319,93.994,4.856
2320,93.994,4.856
2321,93.994,4.856
2322,93.994,4.856
2323,93.994,4.856
2324,93.994,4.856
2325,93.994,4.856
2326,93.994,4.856
2327,93.994,4.856
2328,93.994,4.856
2329,93.994,4.856
2330,93.994,4.856
2331,93.994,4.856
2332,93.994,4.856
2333,93.994,4.856
2334,93.994,4.856
2335,93.994,4.856
2336,93.994,4.856
2337,93.994,4.856
2338,93.994,4.856
2339,93.994,4.856
2340,93.994,4.856
2341,93.994,4.856
2342,93.994,4.856
2343,93.994,4.856
2344,93.994,4.856
2345,93.994,4.856
2346,93.994,4.856
2347,93.994,4.856
2348,93.994,4.856
2349,93.994,4.856
2350,93.994,4.856
2351,93.994,4.856
2352,93.994,4.856
2353,93.994,4.856
2354,93.994,4.856
2355,93.994,4.856
2356,93.994,4.856
2357,93.994,4.856
2358,93.994,4.856
2359,93.994,4.856
2360,93.994,4.856
2361,93.994,4.856
2362,93.994,4.856
2363,93.994,4.856
2364,93.994,4.856
2365,93.994,4.856
2366,93.994,4.856
2367,93.994,4.856
2368,93.994,4.856
2369,93.994,4.856
2370,93.994,4.856
2371,93.994,4.856
2372,93.994,4.856
2373,93.994,4.856
2374,93.994,4.856
2375,93.994,4.856
2376,93.994,4.856
2377,93.994,4.856
2378,93.994,4.856
2379,93.994,4.856
2380,93.994,4.856
2381,93.994,4.856
2382,93.994,4.856
2383,93.994,4.856
2384,93.994,4.856
2385,93.994,4.856
2386,93.994,4.856
2387,93.994,4.856
2388,93.994,4.856
2389,93.994,4.856
2390,93.994,4.856
2391,93.994,4.856
2392,93.994,4.856
2393,93.994,4.856
2394,93.994,4.856
2395,93.994,4.856
2396,93.994,4.856
2397,93.994,4.856
2398,93.994,4.856
2399,93.994,4.856
2400,93.994,4.856
2401,93.994,4.856
2402,93.994,4.856
2403,93.994,4.856
2404,93.994,4.856
2405,93.994,4.856
2406,93.994,4.856
2407,93.994,4.856
2408,93.994,4.856
2409,93.994,4.856
2410,93.994,4.856
2411,93.994,4.856
2412,93.994,4.856
2413,93.994,4.856
2414,93.994,4.856
2415,93.994,4.856
2416,93.994,4.856
2417,93.994,4.856
2418,93.994,4.856
2419,93.994,4.856
2420,93.994,4.856
2421,93.994,4.856
2422,93.994,4.856
2423,93.994,4.856
2424,93.994,4.856
2425,93.994,4.856
2426,93.994,4.856
2427,93.994,4.856
2428,93.994,4.856
2429,93.994,4.856
2430,93.994,4.856
2431,93.994,4.856
2432,93.994,4.856
2433,93.994,4.856
2434,93.994,4.856
2435,93.994,4.856
2436,93.994,4.856
2437,93.994,4.856
2438,93.994,4.856
2439,93.994,4.856
2440,93.994,4.856
2441,93.994,4.856
2442,93.994,4.856
2443,93.994,4.856
2444,93.994,4.856
2445,93.994,4.856
2446,93.994,4.856
2447,93.994,4.856
2448,93.994,4.856
2449,93.994,4.856
2450,93.994,4.856
2451,93.994,4.856
2452,93.994,4.856
2453,93.994,4.856
2454,93.994,4.856
2455,93.994,4.856
2456,93.994,4.856
2457,93.994,4.856
2458,93.994,4.856
2459,93.994,4.856
2460,93.994,4.856
2461,93.994,4.856
2462,93.994,4.856
2463,93.994,4.856
2464,93.994,4.856
2465,93.994,4.856
2466,93.994,4.856
2467,93.994,4.856
2468,93.994,4.856
2469,93.994,4.856
2470,93.994,4.856
2471,93.994,4.856
2472,93.994,4.856
2473,93.994,4.856
2474,93.994,4.856
2475,93.994,4.856
2476,93.994,4.856
2477,93.994,4.856
2478,93.994,4.856
2479,93.994,4.856
2480,93.994,4.856
2481,93.994,4.856
2482,93.994,4.856
2483,93.994,4.856
2484,93.994,4.856
2485,93.994,4.856
2486,93.994,4.856
2487,93.994,4.856
2488,93.994,4.856
2489,93.994,4.856
2490,93.994,4.856
2491,93.994,4.856
2492,93.994,4.856
2493,93.994,4.856
2494,93.994,4.856
2495,93.994,4.856
2496,93.994,4.856
2497,93.994,4.856
2498,93.994,4.856
2499,93.994,4.856
2500,93.994,4.856
2501,93.994,4.856
2502,93.994,4.856
2503,93.994,4.856
2504,93.994,4.856
2505,93.994,4.856
2506,93.994,4.856
2507,93.994,4.856
2508,93.994,4.856
2509,93.994,4.856
2510,93.994,4.856
2511,93.994,4.856
2512,93.994,4.856
2513,93.994,4.856
2514,93.994,4.856
2515,93.994,4.856
2516,93.994,4.856
2517,93.994,4.856
2518,93.994,4.856
2519,93.994,4.856
2520,93.994,4.856
2521,93.994,4.856
2522,93.994,4.856
2523,93.994,4.856
2524,93.994,4.856
2525,93.994,4.856
2526,93.994,4.856
2527,93.994,4.856
2528,93.994,4.856
2529,93.994,4.856
2530,93.994,4.856
2531,93.994,4.856
2532,93.994,4.856
2533,93.994,4.856
2534,93.994,4.856
2535,93.994,4.856
2536,93.994,4.856
2537,93.994,4.856
2538,93.994,4.856
2539,93.994,4.856
2540,93.994,4.856
2541,93.994,4.856
2542,93.994,4.856
2543,93.994,4.856
2544,93.994,4.856
2545,93.994,4.856
2546,93.994,4.856
2547,93.994,4.856
2548,93.994,4.856
2549,93.994,4.856
2550,93.994,4.856
2551,93.994,4.856
2552,93.994,4.856
2553,93.994,4.856
2554,93.994,4.856
2555,93.994,4.856
2556,93.994,4.856
2557,93.994,4.856
2558,93.994,4.856
2559,93.994,4.856
2560,93.994,4.856
2561,93.994,4.856
2562,93.994,4.856
2563,93.994,4.856
2564,93.994,4.856
2565,93.994,4.856
2566,93.994,4.856
2567,93.994,4.856
2568,93.994,4.856
2569,93.994,4.856
2570,93.994,4.856
2571,93.994,4.856
2572,93.994,4.856
2573,93.994,4.856
2574,93.994,4.856
2575,93.994,4.856
2576,93.994,4.856
2577,93.994,4.856
2578,93.994,4.856
2579,93.994,4.856
2580,93.994,4.856
2581,93.994,4.856
2582,93.994,4.856
2583,93.994,4.856
2584,93.994,4.856
2585,93.994,4.856
2586,93.994,4.856
2587,93.994,4.856
2588,93.994,4.856
2589,93.994,4.856
2590,93.994,4.856
2591,93.994,4.856
2592,93.994,4.856
2593,93.994,4.856
2594,93.994,4.856
2595,93.994,4.856
2596,93.994,4.856
2597,93.994,4.856
2598,93.994,4.856
2599,93.994,4.856
2600,93.994,4.856
2601,93.994,4.856
2602,93.994,4.856
2603,93.994,4.856
2604,93.994,4.856
2605,93.994,4.856
2606,93.994,4.856
2607,93.994,4.856
2608,93.994,4.856
2609,93.994,4.856
2610,93.994,4.856
2611,93.994,4.856
2612,93.994,4.856
2613,93.994,4.856
2614,93.994,4.856
2615,93.994,4.856
2616,93.994,4.856
2617,93.994,4.856
2618,93.994,4.856
2619,93.994,4.856
2620,93.994,4.856
2621,93.994,4.856
2622,93.994,4.856
2623,93.994,4.856
2624,93.994,4.856
2625,93.994,4.856
2626,93.994,4.856
2627,93.994,4.856
2628,93.994,4.856
2629,93.994,4.856
2630,93.994,4.856
2631,93.994,4.856
2632,93.994,4.856
2633,93.994,4.856
2634,93.994,4.856
2635,93.994,4.856
2636,93.994,4.856
2637,93.994,4.856
2638,93.994,4.856
2639,93.994,4.856
2640,93.994,4.856
2641,93.994,4.856
2642,93.994,4.856
2643,93.994,4.856
2644,93.994,4.856
2645,93.994,4.856
2646,93.994,4.856
2647,93.994,4.856
2648,93.994,4.856
2649,93.994,4.856
2650,93.994,4.856
2651,93.994,4.856
2652,93.994,4.856
2653,93.994,4.856
2654,93.994,4.856
2655,93.994,4.859
2656,93.994,4.859
2657,93.994,4.859
2658,93.994,4.859
2659,93.994,4.859
2660,93.994,4.859
2661,93.994,4.859
2662,93.994,4.859
2663,93.994,4.859
2664,93.994,4.859
2665,93.994,4.859
2666,93.994,4.859
2667,93.994,4.859
2668,93.994,4.859
2669,93.994,4.859
2670,93.994,4.859
2671,93.994,4.859
2672,93.994,4.859
2673,93.994,4.859
2674,93.994,4.859
2675,93.994,4.859
2676,93.994,4.859
2677,93.994,4.859
2678,93.994,4.859
2679,93.994,4.859
2680,93.994,4.859
2681,93.994,4.859
2682,93.994,4.859
2683,93.994,4.859
2684,93.994,4.859
2685,93.994,4.859
2686,93.994,4.859
2687,93.994,4.859
2688,93.994,4.859
2689,93.994,4.859
2690,93.994,4.859
2691,93.994,4.859
2692,93.994,4.859
2693,93.994,4.859
2694,93.994,4.859
2695,93.994,4.859
2696,93.994,4.859
2697,93.994,4.859
2698,93.994,4.859
2699,93.994,4.859
2700,93.994,4.859
2701,93.994,4.859
2702,93.994,4.859
2703,93.994,4.859
2704,93.994,4.859
2705,93.994,4.859
2706,93.994,4.859
2707,93.994,4.859
2708,93.994,4.859
2709,93.994,4.859
2710,93.994,4.859
2711,93.994,4.859
2712,93.994,4.859
2713,93.994,4.859
2714,93.994,4.859
2715,93.994,4.859
2716,93.994,4.859
2717,93.994,4.859
2718,93.994,4.859
2719,93.994,4.859
2720,93.994,4.859
2721,93.994,4.859
2722,93.994,4.859
2723,93.994,4.859
2724,93.994,4.859
2725,93.994,4.859
2726,93.994,4.859
2727,93.994,4.859
2728,93.994,4.859
2729,93.994,4.859
2730,93.994,4.859
2731,93.994,4.859
2732,93.994,4.859
2733,93.994,4.859
2734,93.994,4.859
2735,93.994,4.859
2736,93.994,4.859
2737,93.994,4.859
2738,93.994,4.859
2739,93.994,4.859
2740,93.994,4.859
2741,93.994,4.859
2742,93.994,4.859
2743,93.994,4.859
2744,93.994,4.859
2745,93.994,4.859
2746,93.994,4.859
2747,93.994,4.859
2748,93.994,4.859
2749,93.994,4.859
2750,93.994,4.859
2751,93.994,4.859
2752,93.994,4.859
2753,93.994,4.859
2754,93.994,4.859
2755,93.994,4.859
2756,93.994,4.859
2757,93.994,4.859
2758,93.994,4.859
2759,93.994,4.859
2760,93.994,4.859
2761,93.994,4.859
2762,93.994,4.859
2763,93.994,4.859
2764,93.994,4.859
2765,93.994,4.859
2766,93.994,4.859
2767,93.994,4.859
2768,93.994,4.859
2769,93.994,4.859
2770,93.994,4.859
2771,93.994,4.859
2772,93.994,4.859
2773,93.994,4.859
2774,93.994,4.859
2775,93.994,4.859
2776,93.994,4.859
2777,93.994,4.859
2778,93.994,4.859
2779,93.994,4.859
2780,93.994,4.859
2781,93.994,4.859
2782,93.994,4.859
2783,93.994,4.859
2784,93.994,4.859
2785,93.994,4.859
2786,93.994,4.859
2787,93.994,4.859
2788,93.994,4.859
2789,93.994,4.859
2790,93.994,4.859
2791,93.994,4.859
2792,93.994,4.859
2793,93.994,4.859
2794,93.994,4.859
2795,93.994,4.859
2796,93.994,4.859
2797,93.994,4.859
2798,93.994,4.859
2799,93.994,4.859
2800,93.994,4.859
2801,93.994,4.859
2802,93.994,4.859
2803,93.994,4.859
2804,93.994,4.859
2805,93.994,4.859
2806,93.994,4.859
2807,93.994,4.859
2808,93.994,4.859
2809,93.994,4.859
2810,93.994,4.859
2811,93.994,4.859
2812,93.994,4.859
2813,93.994,4.859
2814,93.994,4.859
2815,93.994,4.859
2816,93.994,4.859
2817,93.994,4.859
2818,93.994,4.859
2819,93.994,4.859
2820,93.994,4.859
2821,93.994,4.859
2822,93.994,4.859
2823,93.994,4.859
2824,93.994,4.859
2825,93.994,4.859
2826,93.994,4.859
2827,93.994,4.859
2828,93.994,4.859
2829,93.994,4.859
2830,93.994,4.859
2831,93.994,4.859
2832,93.994,4.859
2833,93.994,4.859
2834,93.994,4.859
2835,93.994,4.859
2836,93.994,4.859
2837,93.994,4.859
2838,93.994,4.859
2839,93.994,4.859
2840,93.994,4.859
2841,93.994,4.859
2842,93.994,4.859
2843,93.994,4.859
2844,93.994,4.859
2845,93.994,4.859
2846,93.994,4.859
2847,93.994,4.859
2848,93.994,4.859
2849,93.994,4.859
2850,93.994,4.859
2851,93.994,4.859
2852,93.994,4.859
2853,93.994,4.859
2854,93.994,4.859
2855,93.994,4.859
2856,93.994,4.859
2857,93.994,4.859
2858,93.994,4.859
2859,93.994,4.859
2860,93.994,4.859
2861,93.994,4.859
2862,93.994,4.859
2863,93.994,4.859
2864,93.994,4.859
2865,93.994,4.859
2866,93.994,4.859
2867,93.994,4.859
2868,93.994,4.859
2869,93.994,4.859
2870,93.994,4.859
2871,93.994,4.859
2872,93.994,4.859
2873,93.994,4.859
2874,93.994,4.859
2875,93.994,4.859
2876,93.994,4.859
2877,93.994,4.859
2878,93.994,4.859
2879,93.994,4.859
2880,93.994,4.859
2881,93.994,4.859
2882,93.994,4.859
2883,93.994,4.859
2884,93.994,4.859
2885,93.994,4.859
2886,93.994,4.859
2887,93.994,4.859
2888,93.994,4.859
2889,93.994,4.859
2890,93.994,4.859
2891,93.994,4.859
2892,93.994,4.859
2893,93.994,4.859
2894,93.994,4.859
2895,93.994,4.859
2896,93.994,4.859
2897,93.994,4.859
2898,93.994,4.859
2899,93.994,4.859
2900,93.994,4.859
2901,93.994,4.859
2902,93.994,4.859
2903,93.994,4.859
2904,93.994,4.859
2905,93.994,4.859
2906,93.994,4.859
2907,93.994,4.859
2908,93.994,4.859
2909,93.994,4.859
2910,93.994,4.859
2911,93.994,4.859
2912,93.994,4.859
2913,93.994,4.859
2914,93.994,4.859
2915,93.994,4.859
2916,93.994,4.859
2917,93.994,4.859
2918,93.994,4.859
2919,93.994,4.859
2920,93.994,4.859
2921,93.994,4.859
2922,93.994,4.859
2923,93.994,4.859
2924,93.994,4.859
2925,93.994,4.859
2926,93.994,4.859
2927,93.994,4.859
2928,93.994,4.859
2929,93.994,4.859
2930,93.994,4.859
2931,93.994,4.859
2932,93.994,4.859
2933,93.994,4.859
2934,93.994,4.859
2935,93.994,4.859
2936,93.994,4.859
2937,93.994,4.859
2938,93.994,4.859
2939,93.994,4.859
2940,93.994,4.859
2941,93.994,4.859
2942,93.994,4.859
2943,93.994,4.859
2944,93.994,4.859
2945,93.994,4.859
2946,93.994,4.859
2947,93.994,4.859
2948,93.994,4.859
2949,93.994,4.859
2950,93.994,4.859
2951,93.994,4.859
2952,93.994,4.859
2953,93.994,4.859
2954,93.994,4.859
2955,93.994,4.859
2956,93.994,4.859
2957,93.994,4.859
2958,93.994,4.859
2959,93.994,4.859
2960,93.994,4.859
2961,93.994,4.859
2962,93.994,4.859
2963,93.994,4.859
2964,93.994,4.859
2965,93.994,4.859
2966,93.994,4.859
2967,93.994,4.859
2968,93.994,4.859
2969,93.994,4.859
2970,93.994,4.859
2971,93.994,4.859
2972,93.994,4.859
2973,93.994,4.859
2974,93.994,4.859
2975,93.994,4.859
2976,93.994,4.859
2977,93.994,4.859
2978,93.994,4.859
2979,93.994,4.859
2980,93.994,4.859
2981,93.994,4.859
2982,93.994,4.859
2983,93.994,4.859
2984,93.994,4.859
2985,93.994,4.859
2986,93.994,4.859
2987,93.994,4.859
2988,93.994,4.859
2989,93.994,4.859
2990,93.994,4.859
2991,93.994,4.859
2992,93.994,4.859
2993,93.994,4.859
2994,93.994,4.859
2995,93.994,4.859
2996,93.994,4.859
2997,93.994,4.859
2998,93.994,4.859
2999,93.994,4.859
3000,93.994,4.859
3001,93.994,4.859
3002,93.994,4.859
3003,93.994,4.859
3004,93.994,4.859
3005,93.994,4.859
3006,93.994,4.859
3007,93.994,4.859
3008,93.994,4.859
3009,93.994,4.859
3010,93.994,4.859
3011,93.994,4.859
3012,93.994,4.859
3013,93.994,4.859
3014,93.994,4.859
3015,93.994,4.859
3016,93.994,4.859
3017,93.994,4.859
3018,93.994,4.859
3019,93.994,4.859
3020,93.994,4.859
3021,93.994,4.859
3022,93.994,4.859
3023,93.994,4.859
3024,93.994,4.859
3025,93.994,4.859
3026,93.994,4.859
3027,93.994,4.859
3028,93.994,4.859
3029,93.994,4.859
3030,93.994,4.859
3031,93.994,4.859
3032,93.994,4.859
3033,93.994,4.859
3034,93.994,4.859
3035,93.994,4.859
3036,93.994,4.859
3037,93.994,4.859
3038,93.994,4.859
3039,93.994,4.859
3040,93.994,4.859
3041,93.994,4.859
3042,93.994,4.859
3043,93.994,4.859
3044,93.994,4.859
3045,93.994,4.859
3046,93.994,4.859
3047,93.994,4.859
3048,93.994,4.859
3049,93.994,4.859
3050,93.994,4.859
3051,93.994,4.859
3052,93.994,4.859
3053,93.994,4.859
3054,93.994,4.859
3055,93.994,4.859
3056,93.994,4.859
3057,93.994,4.859
3058,93.994,4.859
3059,93.994,4.859
3060,93.994,4.859
3061,93.994,4.859
3062,93.994,4.859
3063,93.994,4.859
3064,93.994,4.859
3065,93.994,4.859
3066,93.994,4.859
3067,93.994,4.859
3068,93.994,4.859
3069,93.994,4.859
3070,93.994,4.859
3071,93.994,4.859
3072,93.994,4.86
3073,93.994,4.86
3074,93.994,4.86
3075,93.994,4.86
3076,93.994,4.86
3077,93.994,4.86
3078,93.994,4.86
3079,93.994,4.86
3080,93.994,4.86
3081,93.994,4.86
3082,93.994,4.86
3083,93.994,4.86
3084,93.994,4.86
3085,93.994,4.86
3086,93.994,4.86
3087,93.994,4.86
3088,93.994,4.86
3089,93.994,4.86
3090,93.994,4.86
3091,93.994,4.86
3092,93.994,4.86
3093,93.994,4.86
3094,93.994,4.86
3095,93.994,4.86
3096,93.994,4.86
3097,93.994,4.86
3098,93.994,4.86
3099,93.994,4.86
3100,93.994,4.86
3101,93.994,4.86
3102,93.994,4.86
3103,93.994,4.86
3104,93.994,4.86
3105,93.994,4.86
3106,93.994,4.86
3107,93.994,4.86
3108,93.994,4.86
3109,93.994,4.86
3110,93.994,4.86
3111,93.994,4.86
3112,93.994,4.86
3113,93.994,4.86
3114,93.994,4.86
3115,93.994,4.86
3116,93.994,4.86
3117,93.994,4.86
3118,93.994,4.86
3119,93.994,4.86
3120,93.994,4.86
3121,93.994,4.86
3122,93.994,4.86
3123,93.994,4.86
3124,93.994,4.86
3125,93.994,4.86
3126,93.994,4.86
3127,93.994,4.86
3128,93.994,4.86
3129,93.994,4.86
3130,93.994,4.86
3131,93.994,4.86
3132,93.994,4.86
3133,93.994,4.86
3134,93.994,4.86
3135,93.994,4.86
3136,93.994,4.86
3137,93.994,4.86
3138,93.994,4.86
3139,93.994,4.86
3140,93.994,4.86
3141,93.994,4.86
3142,93.994,4.86
3143,93.994,4.86
3144,93.994,4.86
3145,93.994,4.86
3146,93.994,4.86
3147,93.994,4.86
3148,93.994,4.86
3149,93.994,4.86
3150,93.994,4.86
3151,93.994,4.86
3152,93.994,4.86
3153,93.994,4.86
3154,93.994,4.86
3155,93.994,4.86
3156,93.994,4.86
3157,93.994,4.86
3158,93.994,4.86
3159,93.994,4.86
3160,93.994,4.86
3161,93.994,4.86
3162,93.994,4.86
3163,93.994,4.86
3164,93.994,4.86
3165,93.994,4.86
3166,93.994,4.86
3167,93.994,4.86
3168,93.994,4.86
3169,93.994,4.86
3170,93.994,4.86
3171,93.994,4.86
3172,93.994,4.86
3173,93.994,4.86
3174,93.994,4.86
3175,93.994,4.86
3176,93.994,4.86
3177,93.994,4.86
3178,93.994,4.86
3179,93.994,4.86
3180,93.994,4.86
3181,93.994,4.86
3182,93.994,4.86
3183,93.994,4.86
3184,93.994,4.86
3185,93.994,4.86
3186,93.994,4.86
3187,93.994,4.86
3188,93.994,4.86
3189,93.994,4.86
3190,93.994,4.86
3191,93.994,4.86
3192,93.994,4.86
3193,93.994,4.86
3194,93.994,4.86
3195,93.994,4.86
3196,93.994,4.86
3197,93.994,4.86
3198,93.994,4.86
3199,93.994,4.86
3200,93.994,4.86
3201,93.994,4.86
3202,93.994,4.86
3203,93.994,4.86
3204,93.994,4.86
3205,93.994,4.86
3206,93.994,4.86
3207,93.994,4.86
3208,93.994,4.86
3209,93.994,4.86
3210,93.994,4.86
3211,93.994,4.86
3212,93.994,4.86
3213,93.994,4.86
3214,93.994,4.86
3215,93.994,4.86
3216,93.994,4.86
3217,93.994,4.86
3218,93.994,4.86
3219,93.994,4.86
3220,93.994,4.86
3221,93.994,4.86
3222,93.994,4.86
3223,93.994,4.86
3224,93.994,4.86
3225,93.994,4.86
3226,93.994,4.86
3227,93.994,4.86
3228,93.994,4.86
3229,93.994,4.86
3230,93.994,4.86
3231,93.994,4.86
3232,93.994,4.86
3233,93.994,4.86
3234,93.994,4.86
3235,93.994,4.86
3236,93.994,4.86
3237,93.994,4.86
3238,93.994,4.86
3239,93.994,4.86
3240,93.994,4.86
3241,93.994,4.86
3242,93.994,4.86
3243,93.994,4.86
3244,93.994,4.86
3245,93.994,4.86
3246,93.994,4.86
3247,93.994,4.86
3248,93.994,4.86
3249,93.994,4.86
3250,93.994,4.86
3251,93.994,4.86
3252,93.994,4.86
3253,93.994,4.86
3254,93.994,4.86
3255,93.994,4.86
3256,93.994,4.86
3257,93.994,4.86
3258,93.994,4.86
3259,93.994,4.86
3260,93.994,4.86
3261,93.994,4.86
3262,93.994,4.86
3263,93.994,4.86
3264,93.994,4.86
3265,93.994,4.86
3266,93.994,4.86
3267,93.994,4.86
3268,93.994,4.86
3269,93.994,4.86
3270,93.994,4.86
3271,93.994,4.86
3272,93.994,4.86
3273,93.994,4.86
3274,93.994,4.86
3275,93.994,4.86
3276,93.994,4.86
3277,93.994,4.86
3278,93.994,4.86
3279,93.994,4.86
3280,93.994,4.86
3281,93.994,4.86
3282,93.994,4.86
3283,93.994,4.86
3284,93.994,4.86
3285,93.994,4.86
3286,93.994,4.86
3287,93.994,4.86
3288,93.994,4.86
3289,93.994,4.86
3290,93.994,4.86
3291,93.994,4.86
3292,93.994,4.86
3293,93.994,4.86
3294,93.994,4.86
3295,93.994,4.86
3296,93.994,4.86
3297,93.994,4.86
3298,93.994,4.86
3299,93.994,4.86
3300,93.994,4.86
3301,93.994,4.86
3302,93.994,4.86
3303,93.994,4.86
3304,93.994,4.86
3305,93.994,4.86
3306,93.994,4.86
3307,93.994,4.86
3308,93.994,4.86
3309,93.994,4.86
3310,93.994,4.86
3311,93.994,4.86
3312,93.994,4.86
3313,93.994,4.86
3314,93.994,4.86
3315,93.994,4.86
3316,93.994,4.86
3317,93.994,4.86
3318,93.994,4.86
3319,93.994,4.86
3320,93.994,4.86
3321,93.994,4.86
3322,93.994,4.86
3323,93.994,4.86
3324,93.994,4.86
3325,93.994,4.86
3326,93.994,4.86
3327,93.994,4.86
3328,93.994,4.86
3329,93.994,4.86
3330,93.994,4.86
3331,93.994,4.86
3332,93.994,4.86
3333,93.994,4.86
3334,93.994,4.86
3335,93.994,4.86
3336,93.994,4.86
3337,93.994,4.86
3338,93.994,4.86
3339,93.994,4.86
3340,93.994,4.86
3341,93.994,4.86
3342,93.994,4.86
3343,93.994,4.86
3344,93.994,4.86
3345,93.994,4.86
3346,93.994,4.86
3347,93.994,4.86
3348,93.994,4.86
3349,93.994,4.86
3350,93.994,4.86
3351,93.994,4.86
3352,93.994,4.86
3353,93.994,4.86
3354,93.994,4.86
3355,93.994,4.86
3356,93.994,4.86
3357,93.994,4.86
3358,93.994,4.86
3359,93.994,4.86
3360,93.994,4.86
3361,93.994,4.86
3362,93.994,4.86
3363,93.994,4.86
3364,93.994,4.86
3365,93.994,4.86
3366,93.994,4.86
3367,93.994,4.86
3368,93.994,4.86
3369,93.994,4.86
3370,93.994,4.86
3371,93.994,4.86
3372,93.994,4.86
3373,93.994,4.86
3374,93.994,4.86
3375,93.994,4.86
3376,93.994,4.86
3377,93.994,4.86
3378,93.994,4.86
3379,93.994,4.86
3380,93.994,4.86
3381,93.994,4.86
3382,93.994,4.86
3383,93.994,4.86
3384,93.994,4.86
3385,93.994,4.86
3386,93.994,4.86
3387,93.994,4.86
3388,93.994,4.86
3389,93.994,4.86
3390,93.994,4.86
3391,93.994,4.86
3392,93.994,4.86
3393,93.994,4.86
3394,93.994,4.86
3395,93.994,4.86
3396,93.994,4.86
3397,93.994,4.86
3398,93.994,4.86
3399,93.994,4.86
3400,93.994,4.86
3401,93.994,4.86
3402,93.994,4.86
3403,93.994,4.86
3404,93.994,4.86
3405,93.994,4.86
3406,93.994,4.86
3407,93.994,4.86
3408,93.994,4.86
3409,93.994,4.86
3410,93.994,4.86
3411,93.994,4.86
3412,93.994,4.86
3413,93.994,4.86
3414,93.994,4.86
3415,93.994,4.86
3416,93.994,4.86
3417,93.994,4.86
3418,93.994,4.86
3419,93.994,4.86
3420,93.994,4.86
3421,93.994,4.86
3422,93.994,4.86
3423,93.994,4.86
3424,93.994,4.86
3425,93.994,4.86
3426,93.994,4.86
3427,93.994,4.86
3428,93.994,4.86
3429,93.994,4.86
3430,93.994,4.86
3431,93.994,4.86
3432,93.994,4.86
3433,93.994,4.86
3434,93.994,4.86
3435,93.994,4.86
3436,93.994,4.86
3437,93.994,4.86
3438,93.994,4.86
3439,93.994,4.86
3440,93.994,4.86
3441,93.994,4.86
3442,93.994,4.86
3443,93.994,4.86
3444,93.994,4.86
3445,93.994,4.86
3446,93.994,4.86
3447,93.994,4.86
3448,93.994,4.86
3449,93.994,4.86
3450,93.994,4.86
3451,93.994,4.86
3452,93.994,4.86
3453,93.994,4.86
3454,93.994,4.86
3455,93.994,4.86
3456,93.994,4.86
3457,93.994,4.86
3458,93.994,4.86
3459,93.994,4.86
3460,93.994,4.86
3461,93.994,4.86
3462,93.994,4.86
3463,93.994,4.86
3464,93.994,4.86
3465,93.994,4.86
3466,93.994,4.86
3467,93.994,4.86
3468,93.994,4.86
3469,93.994,4.86
3470,93.994,4.86
3471,93.994,4.86
3472,93.994,4.86
3473,93.994,4.86
3474,93.994,4.86
3475,93.994,4.86
3476,93.994,4.86
3477,93.994,4.86
3478,93.994,4.86
3479,93.994,4.86
3480,93.994,4.86
3481,93.994,4.86
3482,93.994,4.86
3483,93.994,4.86
3484,93.994,4.86
3485,93.994,4.86
3486,93.994,4.86
3487,93.994,4.86
3488,93.994,4.86
3489,93.994,4.86
3490,93.994,4.86
3491,93.994,4.86
3492,93.994,4.86
3493,93.994,4.86
3494,93.994,4.86
3495,93.994,4.86
3496,93.994,4.86
3497,93.994,4.86
3498,93.994,4.86
3499,93.994,4.86
3500,93.994,4.86
3501,93.994,4.86
3502,93.994,4.86
3503,93.994,4.86
3504,93.994,4.86
3505,93.994,4.86
3506,93.994,4.86
3507,93.994,4.86
3508,93.994,4.86
3509,93.994,4.86
3510,93.994,4.86
3511,93.994,4.86
3512,93.994,4.86
3513,93.994,4.86
3514,93.994,4.86
3515,93.994,4.86
3516,93.994,4.86
3517,93.994,4.86
3518,93.994,4.86
3519,93.994,4.86
3520,93.994,4.86
3521,93.994,4.86
3522,93.994,4.859
3523,93.994,4.859
3524,93.994,4.859
3525,93.994,4.859
3526,93.994,4.859
3527,93.994,4.859
3528,93.994,4.859
3529,93.994,4.859
3530,93.994,4.859
3531,93.994,4.859
3532,93.994,4.859
3533,93.994,4.859
3534,93.994,4.859
3535,93.994,4.859
3536,93.994,4.859
3537,93.994,4.859
3538,93.994,4.859
3539,93.994,4.859
3540,93.994,4.859
3541,93.994,4.859
3542,93.994,4.859
3543,93.994,4.859
3544,93.994,4.859
3545,93.994,4.859
3546,93.994,4.859
3547,93.994,4.859
3548,93.994,4.859
3549,93.994,4.859
3550,93.994,4.859
3551,93.994,4.859
3552,93.994,4.859
3553,93.994,4.859
3554,93.994,4.859
3555,93.994,4.859
3556,93.994,4.859
3557,93.994,4.859
3558,93.994,4.859
3559,93.994,4.859
3560,93.994,4.859
3561,93.994,4.859
3562,93.994,4.859
3563,93.994,4.859
3564,93.994,4.859
3565,93.994,4.859
3566,93.994,4.859
3567,93.994,4.859
3568,93.994,4.859
3569,93.994,4.859
3570,93.994,4.859
3571,93.994,4.859
3572,93.994,4.859
3573,93.994,4.859
3574,93.994,4.859
3575,93.994,4.859
3576,93.994,4.859
3577,93.994,4.859
3578,93.994,4.859
3579,93.994,4.859
3580,93.994,4.859
3581,93.994,4.859
3582,93.994,4.859
3583,93.994,4.859
3584,93.994,4.859
3585,93.994,4.859
3586,93.994,4.859
3587,93.994,4.859
3588,93.994,4.859
3589,93.994,4.859
3590,93.994,4.859
3591,93.994,4.859
3592,93.994,4.859
3593,93.994,4.859
3594,93.994,4.859
3595,93.994,4.859
3596,93.994,4.859
3597,93.994,4.859
3598,93.994,4.859
3599,93.994,4.859
3600,93.994,4.859
3601,93.994,4.859
3602,93.994,4.859
3603,93.994,4.859
3604,93.994,4.859
3605,93.994,4.859
3606,93.994,4.859
3607,93.994,4.859
3608,93.994,4.859
3609,93.994,4.859
3610,93.994,4.859
3611,93.994,4.859
3612,93.994,4.859
3613,93.994,4.859
3614,93.994,4.859
3615,93.994,4.859
3616,93.994,4.859
3617,93.994,4.859
3618,93.994,4.859
3619,93.994,4.859
3620,93.994,4.859
3621,93.994,4.859
3622,93.994,4.859
3623,93.994,4.859
3624,93.994,4.859
3625,93.994,4.859
3626,93.994,4.859
3627,93.994,4.859
3628,93.994,4.859
3629,93.994,4.859
3630,93.994,4.859
3631,93.994,4.859
3632,93.994,4.859
3633,93.994,4.859
3634,93.994,4.859
3635,93.994,4.859
3636,93.994,4.859
3637,93.994,4.859
3638,93.994,4.859
3639,93.994,4.859
3640,93.994,4.859
3641,93.994,4.859
3642,93.994,4.859
3643,93.994,4.859
3644,93.994,4.859
3645,93.994,4.859
3646,93.994,4.859
3647,93.994,4.859
3648,93.994,4.859
3649,93.994,4.859
3650,93.994,4.859
3651,93.994,4.859
3652,93.994,4.859
3653,93.994,4.859
3654,93.994,4.859
3655,93.994,4.859
3656,93.994,4.859
3657,93.994,4.859
3658,93.994,4.859
3659,93.994,4.859
3660,93.994,4.859
3661,93.994,4.859
3662,93.994,4.859
3663,93.994,4.859
3664,93.994,4.859
3665,93.994,4.859
3666,93.994,4.859
3667,93.994,4.859
3668,93.994,4.859
3669,93.994,4.859
3670,93.994,4.859
3671,93.994,4.859
3672,93.994,4.859
3673,93.994,4.859
3674,93.994,4.859
3675,93.994,4.859
3676,93.994,4.859
3677,93.994,4.859
3678,93.994,4.859
3679,93.994,4.859
3680,93.994,4.859
3681,93.994,4.859
3682,93.994,4.859
3683,93.994,4.859
3684,93.994,4.859
3685,93.994,4.859
3686,93.994,4.859
3687,93.994,4.859
3688,93.994,4.859
3689,93.994,4.859
3690,93.994,4.859
3691,93.994,4.859
3692,93.994,4.859
3693,93.994,4.859
3694,93.994,4.859
3695,93.994,4.859
3696,93.994,4.859
3697,93.994,4.859
3698,93.994,4.859
3699,93.994,4.859
3700,93.994,4.859
3701,93.994,4.859
3702,93.994,4.859
3703,93.994,4.859
3704,93.994,4.859
3705,93.994,4.859
3706,93.994,4.859
3707,93.994,4.859
3708,93.994,4.859
3709,93.994,4.859
3710,93.994,4.859
3711,93.994,4.859
3712,93.994,4.859
3713,93.994,4.859
3714,93.994,4.859
3715,93.994,4.859
3716,93.994,4.859
3717,93.994,4.859
3718,93.994,4.859
3719,93.994,4.859
3720,93.994,4.859
3721,93.994,4.859
3722,93.994,4.859
3723,93.994,4.859
3724,93.994,4.859
3725,93.994,4.859
3726,93.994,4.859
3727,93.994,4.859
3728,93.994,4.859
3729,93.994,4.859
3730,93.994,4.859
3731,93.994,4.859
3732,93.994,4.859
3733,93.994,4.859
3734,93.994,4.859
3735,93.994,4.859
3736,93.994,4.859
3737,93.994,4.859
3738,93.994,4.859
3739,93.994,4.859
3740,93.994,4.859
3741,93.994,4.859
3742,93.994,4.859
3743,93.994,4.859
3744,93.994,4.859
3745,93.994,4.859
3746,93.994,4.859
3747,93.994,4.859
3748,93.994,4.859
3749,93.994,4.859
3750,93.994,4.859
3751,93.994,4.859
3752,93.994,4.859
3753,93.994,4.859
3754,93.994,4.859
3755,93.994,4.859
3756,93.994,4.859
3757,93.994,4.859
3758,93.994,4.859
3759,93.994,4.859
3760,93.994,4.859
3761,93.994,4.859
3762,93.994,4.859
3763,93.994,4.859
3764,93.994,4.859
3765,93.994,4.859
3766,93.994,4.859
3767,93.994,4.859
3768,93.994,4.859
3769,93.994,4.859
3770,93.994,4.859
3771,93.994,4.859
3772,93.994,4.859
3773,93.994,4.859
3774,93.994,4.859
3775,93.994,4.859
3776,93.994,4.859
3777,93.994,4.859
3778,93.994,4.859
3779,93.994,4.859
3780,93.994,4.859
3781,93.994,4.859
3782,93.994,4.859
3783,93.994,4.859
3784,93.994,4.859
3785,93.994,4.859
3786,93.994,4.859
3787,93.994,4.859
3788,93.994,4.859
3789,93.994,4.859
3790,93.994,4.859
3791,93.994,4.859
3792,93.994,4.859
3793,93.994,4.859
3794,93.994,4.859
3795,93.994,4.859
3796,93.994,4.859
3797,93.994,4.859
3798,93.994,4.859
3799,93.994,4.859
3800,93.994,4.859
3801,93.994,4.859
3802,93.994,4.859
3803,93.994,4.859
3804,93.994,4.859
3805,93.994,4.859
3806,93.994,4.859
3807,93.994,4.859
3808,93.994,4.859
3809,93.994,4.859
3810,93.994,4.859
3811,93.994,4.859
3812,93.994,4.859
3813,93.994,4.859
3814,93.994,4.859
3815,93.994,4.859
3816,93.994,4.859
3817,93.994,4.859
3818,93.994,4.859
3819,93.994,4.859
3820,93.994,4.859
3821,93.994,4.859
3822,93.994,4.859
3823,93.994,4.859
3824,93.994,4.859
3825,93.994,4.859
3826,93.994,4.859
3827,93.994,4.859
3828,93.994,4.859
3829,93.994,4.859
3830,93.994,4.859
3831,93.994,4.859
3832,93.994,4.859
3833,93.994,4.859
3834,93.994,4.859
3835,93.994,4.859
3836,93.994,4.859
3837,93.994,4.859
3838,93.994,4.859
3839,93.994,4.859
3840,93.994,4.859
3841,93.994,4.859
3842,93.994,4.859
3843,93.994,4.859
3844,93.994,4.859
3845,93.994,4.859
3846,93.994,4.859
3847,93.994,4.859
3848,93.994,4.859
3849,93.994,4.859
3850,93.994,4.859
3851,93.994,4.859
3852,93.994,4.859
3853,93.994,4.859
3854,93.994,4.859
3855,93.994,4.859
3856,93.994,4.859
3857,93.994,4.859
3858,93.994,4.859
3859,93.994,4.859
3860,93.994,4.859
3861,93.994,4.859
3862,93.994,4.859
3863,93.994,4.859
3864,93.994,4.859
3865,93.994,4.859
3866,93.994,4.859
3867,93.994,4.859
3868,93.994,4.859
3869,93.994,4.859
3870,93.994,4.859
3871,93.994,4.859
3872,93.994,4.859
3873,93.994,4.859
3874,93.994,4.859
3875,93.994,4.859
3876,93.994,4.859
3877,93.994,4.859
3878,93.994,4.859
3879,93.994,4.859
3880,93.994,4.859
3881,93.994,4.859
3882,93.994,4.859
3883,93.994,4.859
3884,93.994,4.859
3885,93.994,4.859
3886,93.994,4.859
3887,93.994,4.859
3888,93.994,4.859
3889,93.994,4.859
3890,93.994,4.859
3891,93.994,4.859
3892,93.994,4.859
3893,93.994,4.858
3894,93.994,4.858
3895,93.994,4.858
3896,93.994,4.858
3897,93.994,4.858
3898,93.994,4.858
3899,93.994,4.858
3900,93.994,4.858
3901,93.994,4.858
3902,93.994,4.858
3903,93.994,4.858
3904,93.994,4.858
3905,93.994,4.858
3906,93.994,4.858
3907,93.994,4.858
3908,93.994,4.858
3909,93.994,4.858
3910,93.994,4.858
3911,93.994,4.858
3912,93.994,4.858
3913,93.994,4.858
3914,93.994,4.858
3915,93.994,4.858
3916,93.994,4.858
3917,93.994,4.858
3918,93.994,4.858
3919,93.994,4.858
3920,93.994,4.858
3921,93.994,4.858
3922,93.994,4.858
3923,93.994,4.858
3924,93.994,4.858
3925,93.994,4.858
3926,93.994,4.858
3927,93.994,4.858
3928,93.994,4.858
3929,93.994,4.858
3930,93.994,4.858
3931,93.994,4.858
3932,93.994,4.858
3933,93.994,4.858
3934,93.994,4.858
3935,93.994,4.858
3936,93.994,4.858
3937,93.994,4.858
3938,93.994,4.858
3939,93.994,4.858
3940,93.994,4.858
3941,93.994,4.858
3942,93.994,4.858
3943,93.994,4.858
3944,93.994,4.858
3945,93.994,4.858
3946,93.994,4.858
3947,93.994,4.858
3948,93.994,4.858
3949,93.994,4.858
3950,93.994,4.858
3951,93.994,4.858
3952,93.994,4.858
3953,93.994,4.858
3954,93.994,4.858
3955,93.994,4.858
3956,93.994,4.858
3957,93.994,4.858
3958,93.994,4.858
3959,93.994,4.858
3960,93.994,4.858
3961,93.994,4.858
3962,93.994,4.858
3963,93.994,4.858
3964,93.994,4.858
3965,93.994,4.858
3966,93.994,4.858
3967,93.994,4.858
3968,93.994,4.858
3969,93.994,4.858
3970,93.994,4.858
3971,93.994,4.858
3972,93.994,4.858
3973,93.994,4.858
3974,93.994,4.858
3975,93.994,4.858
3976,93.994,4.858
3977,93.994,4.858
3978,93.994,4.858
3979,93.994,4.858
3980,93.994,4.858
3981,93.994,4.858
3982,93.994,4.858
3983,93.994,4.858
3984,93.994,4.858
3985,93.994,4.858
3986,93.994,4.858
3987,93.994,4.858
3988,93.994,4.858
3989,93.994,4.858
3990,93.994,4.858
3991,93.994,4.858
3992,93.994,4.858
3993,93.994,4.858
3994,93.994,4.858
3995,93.994,4.858
3996,93.994,4.858
3997,93.994,4.858
3998,93.994,4.858
3999,93.994,4.858
4000,93.994,4.858
4001,93.994,4.858
4002,93.994,4.858
4003,93.994,4.858
4004,93.994,4.858
4005,93.994,4.858
4006,93.994,4.858
4007,93.994,4.858
4008,93.994,4.858
4009,93.994,4.858
4010,93.994,4.858
4011,93.994,4.858
4012,93.994,4.858
4013,93.994,4.858
4014,93.994,4.858
4015,93.994,4.858
4016,93.994,4.858
4017,93.994,4.858
4018,93.994,4.858
4019,93.994,4.858
4020,93.994,4.858
4021,93.994,4.858
4022,93.994,4.858
4023,93.994,4.858
4024,93.994,4.858
4025,93.994,4.858
4026,93.994,4.858
4027,93.994,4.858
4028,93.994,4.858
4029,93.994,4.858
4030,93.994,4.858
4031,93.994,4.858
4032,93.994,4.858
4033,93.994,4.858
4034,93.994,4.858
4035,93.994,4.858
4036,93.994,4.858
4037,93.994,4.858
4038,93.994,4.858
4039,93.994,4.858
4040,93.994,4.858
4041,93.994,4.858
4042,93.994,4.858
4043,93.994,4.858
4044,93.994,4.858
4045,93.994,4.858
4046,93.994,4.858
4047,93.994,4.858
4048,93.994,4.858
4049,93.994,4.858
4050,93.994,4.858
4051,93.994,4.858
4052,93.994,4.858
4053,93.994,4.858
4054,93.994,4.858
4055,93.994,4.858
4056,93.994,4.858
4057,93.994,4.858
4058,93.994,4.858
4059,93.994,4.858
4060,93.994,4.858
4061,93.994,4.858
4062,93.994,4.858
4063,93.994,4.858
4064,93.994,4.858
4065,93.994,4.858
4066,93.994,4.858
4067,93.994,4.858
4068,93.994,4.858
4069,93.994,4.858
4070,93.994,4.858
4071,93.994,4.858
4072,93.994,4.858
4073,93.994,4.858
4074,93.994,4.858
4075,93.994,4.858
4076,93.994,4.858
4077,93.994,4.858
4078,93.994,4.858
4079,93.994,4.858
4080,93.994,4.858
4081,93.994,4.858
4082,93.994,4.858
4083,93.994,4.858
4084,93.994,4.858
4085,93.994,4.858
4086,93.994,4.858
4087,93.994,4.858
4088,93.994,4.858
4089,93.994,4.858
4090,93.994,4.858
4091,93.994,4.858
4092,93.994,4.858
4093,93.994,4.858
4094,93.994,4.858
4095,93.994,4.858
4096,93.994,4.858
4097,93.994,4.858
4098,93.994,4.858
4099,93.994,4.858
4100,93.994,4.858
4101,93.994,4.858
4102,93.994,4.858
4103,93.994,4.858
4104,93.994,4.858
4105,93.994,4.858
4106,93.994,4.858
4107,93.994,4.858
4108,93.994,4.858
4109,93.994,4.858
4110,93.994,4.858
4111,93.994,4.858
4112,93.994,4.858
4113,93.994,4.858
4114,93.994,4.858
4115,93.994,4.858
4116,93.994,4.858
4117,93.994,4.858
4118,93.994,4.858
0,93.994,4.858
1,93.994,4.858
2,93.994,4.858
3,93.994,4.858
4,93.994,4.858
5,93.994,4.858
6,93.994,4.858
7,93.994,4.858
8,93.994,4.858
9,93.994,4.858
10,93.994,4.858
11,93.994,4.858
12,93.994,4.858
13,93.994,4.858
14,93.994,4.858
15,93.994,4.858
16,93.994,4.858
17,93.994,4.858
18,93.994,4.858
19,93.994,4.858
20,93.994,4.858
21,93.994,4.858
22,93.994,4.858
23,93.994,4.858
24,93.994,4.858
25,93.994,4.858
26,93.994,4.858
27,93.994,4.858
28,93.994,4.858
29,93.994,4.858
30,93.994,4.858
31,93.994,4.858
32,93.994,4.858
33,93.994,4.858
34,93.994,4.858
35,93.994,4.858
36,93.994,4.858
37,93.994,4.858
38,93.994,4.858
39,93.994,4.858
40,93.994,4.858
41,93.994,4.858
42,93.994,4.858
43,93.994,4.858
44,93.994,4.858
45,93.994,4.858
46,93.994,4.858
47,93.994,4.858
48,93.994,4.858
49,93.994,4.858
50,93.994,4.858
51,93.994,4.858
52,93.994,4.858
53,93.994,4.858
54,93.994,4.858
55,93.994,4.858
56,93.994,4.858
57,93.994,4.858
58,93.994,4.858
59,93.994,4.858
60,93.994,4.858
61,93.994,4.858
62,93.994,4.858
63,93.994,4.858
64,93.994,4.858
65,93.994,4.858
66,93.994,4.858
67,93.994,4.858
68,93.994,4.858
69,93.994,4.858
70,93.994,4.858
71,93.994,4.858
72,93.994,4.858
73,93.994,4.858
74,93.994,4.858
75,93.994,4.858
76,93.994,4.858
77,93.994,4.858
78,93.994,4.858
79,93.994,4.858
80,93.994,4.858
81,93.994,4.858
82,93.994,4.858
83,93.994,4.858
84,93.994,4.858
85,93.994,4.858
86,93.994,4.858
87,93.994,4.858
88,93.994,4.858
89,93.994,4.858
90,93.994,4.858
91,93.994,4.858
92,93.994,4.858
93,93.994,4.858
94,93.994,4.858
95,93.994,4.856
96,93.994,4.856
97,93.994,4.856
98,93.994,4.856
99,93.994,4.856
100,93.994,4.856
101,93.994,4.856
102,93.994,4.856
103,93.994,4.856
104,93.994,4.856
105,93.994,4.856
106,93.994,4.856
107,93.994,4.856
108,93.994,4.856
109,93.994,4.856
110,93.994,4.856
111,93.994,4.856
112,93.994,4.856
113,93.994,4.856
114,93.994,4.856
115,93.994,4.856
116,93.994,4.856
117,93.994,4.856
118,93.994,4.856
119,93.994,4.856
120,93.994,4.856
121,93.994,4.856
122,93.994,4.856
123,93.994,4.856
124,93.994,4.856
125,93.994,4.856
126,93.994,4.856
127,93.994,4.856
128,93.994,4.856
129,93.994,4.856
130,93.994,4.856
131,93.994,4.856
132,93.994,4.856
133,93.994,4.856
134,93.994,4.856
135,93.994,4.856
136,93.994,4.856
137,93.994,4.856
138,93.994,4.856
139,93.994,4.856
140,93.994,4.856
141,93.994,4.856
142,93.994,4.856
143,93.994,4.856
144,93.994,4.856
145,93.994,4.856
146,93.994,4.856
147,93.994,4.856
148,93.994,4.856
149,93.994,4.856
150,93.994,4.856
151,93.994,4.856
152,93.994,4.856
153,93.994,4.856
154,93.994,4.856
155,93.994,4.856
156,93.994,4.856
157,93.994,4.856
158,93.994,4.856
159,93.994,4.856
160,93.994,4.856
161,93.994,4.856
162,93.994,4.856
163,93.994,4.856
164,93.994,4.856
165,93.994,4.856
166,93.994,4.856
167,93.994,4.856
168,93.994,4.856
169,93.994,4.856
170,93.994,4.856
171,93.994,4.856
172,93.994,4.856
173,93.994,4.856
174,93.994,4.856
175,93.994,4.856
176,93.994,4.856
177,93.994,4.856
178,93.994,4.856
179,93.994,4.856
180,93.994,4.856
181,93.994,4.856
182,93.994,4.856
183,93.994,4.856
184,93.994,4.856
185,93.994,4.856
186,93.994,4.856
187,93.994,4.856
188,93.994,4.856
189,93.994,4.856
190,93.994,4.856
191,93.994,4.856
192,93.994,4.856
193,93.994,4.856
194,93.994,4.856
195,93.994,4.856
196,93.994,4.856
197,93.994,4.856
198,93.994,4.856
199,93.994,4.856
200,93.994,4.856
201,93.994,4.856
202,93.994,4.856
203,93.994,4.856
204,93.994,4.856
205,93.994,4.856
206,93.994,4.856
207,93.994,4.856
208,93.994,4.856
209,93.994,4.856
210,93.994,4.856
211,93.994,4.856
212,93.994,4.856
213,93.994,4.856
214,93.994,4.856
215,93.994,4.856
216,93.994,4.856
217,93.994,4.856
218,93.994,4.856
219,93.994,4.856
220,93.994,4.856
221,93.994,4.856
222,93.994,4.856
223,93.994,4.856
224,93.994,4.856
225,93.994,4.856
226,93.994,4.856
227,93.994,4.856
228,93.994,4.856
229,93.994,4.856
230,93.994,4.856
231,93.994,4.856
232,93.994,4.856
233,93.994,4.856
234,93.994,4.856
235,93.994,4.856
236,93.994,4.856
237,93.994,4.856
238,93.994,4.856
239,93.994,4.856
240,93.994,4.856
241,93.994,4.856
242,93.994,4.856
243,93.994,4.856
244,93.994,4.856
245,93.994,4.856
246,93.994,4.856
247,93.994,4.856
248,93.994,4.856
249,93.994,4.856
250,93.994,4.856
251,93.994,4.856
252,93.994,4.856
253,93.994,4.856
254,93.994,4.856
255,93.994,4.856
256,93.994,4.856
257,93.994,4.856
258,93.994,4.856
259,93.994,4.856
260,93.994,4.856
261,93.994,4.856
262,93.994,4.856
263,93.994,4.856
264,93.994,4.856
265,93.994,4.856
266,93.994,4.856
267,93.994,4.856
268,93.994,4.856
269,93.994,4.856
270,93.994,4.856
271,93.994,4.856
272,93.994,4.856
273,93.994,4.856
274,93.994,4.856
275,93.994,4.856
276,93.994,4.856
277,93.994,4.856
278,93.994,4.856
279,93.994,4.856
280,93.994,4.856
281,93.994,4.856
282,93.994,4.856
283,93.994,4.856
284,93.994,4.856
285,93.994,4.856
286,93.994,4.856
287,93.994,4.856
288,93.994,4.856
289,93.994,4.856
290,93.994,4.856
291,93.994,4.856
292,93.994,4.856
293,93.994,4.856
294,93.994,4.856
295,93.994,4.856
296,93.994,4.856
297,93.994,4.856
298,93.994,4.856
299,93.994,4.856
300,93.994,4.856
301,93.994,4.856
302,93.994,4.856
303,93.994,4.856
304,93.994,4.856
305,93.994,4.856
306,93.994,4.856
307,93.994,4.856
308,93.994,4.856
309,93.994,4.856
310,93.994,4.856
311,93.994,4.856
312,93.994,4.856
313,93.994,4.856
314,93.994,4.856
315,93.994,4.856
316,93.994,4.856
317,93.994,4.856
318,93.994,4.856
319,93.994,4.856
320,93.994,4.856
321,93.994,4.856
322,93.994,4.856
323,93.994,4.856
324,93.994,4.856
325,93.994,4.856
326,93.994,4.856
327,93.994,4.856
328,93.994,4.856
329,93.994,4.856
330,93.994,4.856
331,93.994,4.856
332,93.994,4.856
333,93.994,4.856
334,93.994,4.856
335,93.994,4.856
336,93.994,4.856
337,93.994,4.856
338,93.994,4.856
339,93.994,4.856
340,93.994,4.856
341,93.994,4.856
342,93.994,4.856
343,93.994,4.856
344,93.994,4.856
345,93.994,4.856
346,93.994,4.856
347,93.994,4.856
348,93.994,4.856
349,93.994,4.856
350,93.994,4.856
351,93.994,4.856
352,93.994,4.856
353,93.994,4.856
354,93.994,4.856
355,93.994,4.856
356,93.994,4.856
357,93.994,4.856
358,93.994,4.856
359,93.994,4.856
360,93.994,4.856
361,93.994,4.856
362,93.994,4.856
363,93.994,4.856
364,93.994,4.856
365,93.994,4.856
366,93.994,4.856
367,93.994,4.856
368,93.994,4.856
369,93.994,4.856
370,93.994,4.856
371,93.994,4.856
372,93.994,4.856
373,93.994,4.856
374,93.994,4.856
375,93.994,4.856
376,93.994,4.856
377,93.994,4.856
378,93.994,4.856
379,93.994,4.856
380,93.994,4.856
381,93.994,4.856
382,93.994,4.856
383,93.994,4.856
384,93.994,4.856
385,93.994,4.856
386,93.994,4.856
387,93.994,4.856
388,93.994,4.856
389,93.994,4.856
390,93.994,4.856
391,93.994,4.856
392,93.994,4.856
393,93.994,4.856
394,93.994,4.856
395,93.994,4.856
396,93.994,4.856
397,93.994,4.856
398,93.994,4.856
399,93.994,4.856
400,93.994,4.856
401,93.994,4.856
402,93.994,4.856
403,93.994,4.856
404,93.994,4.856
405,93.994,4.856
406,93.994,4.856
407,93.994,4.856
408,93.994,4.856
409,93.994,4.856
410,93.994,4.856
411,93.994,4.856
412,93.994,4.856
413,93.994,4.856
414,93.994,4.856
415,93.994,4.856
416,93.994,4.856
417,93.994,4.856
418,93.994,4.856
419,93.994,4.856
420,93.994,4.856
421,93.994,4.856
422,93.994,4.856
423,93.994,4.856
424,93.994,4.856
425,93.994,4.856
426,93.994,4.856
427,93.994,4.856
428,93.994,4.856
429,93.994,4.856
430,93.994,4.856
431,93.994,4.856
432,93.994,4.856
433,93.994,4.856
434,93.994,4.856
435,93.994,4.856
436,93.994,4.856
437,93.994,4.856
438,93.994,4.856
439,93.994,4.856
440,93.994,4.856
441,93.994,4.856
442,93.994,4.856
443,93.994,4.856
444,93.994,4.856
445,93.994,4.856
446,93.994,4.856
447,93.994,4.856
448,93.994,4.856
449,93.994,4.856
450,93.994,4.856
451,93.994,4.856
452,93.994,4.856
453,93.994,4.856
454,93.994,4.856
455,93.994,4.856
456,93.994,4.856
457,93.994,4.856
458,93.994,4.856
459,93.994,4.856
460,93.994,4.856
461,93.994,4.856
462,93.994,4.856
463,93.994,4.856
464,93.994,4.856
465,93.994,4.856
466,93.994,4.856
467,93.994,4.856
468,93.994,4.856
469,93.994,4.856
470,93.994,4.856
471,93.994,4.856
472,93.994,4.856
473,93.994,4.856
474,93.994,4.856
475,93.994,4.856
476,93.994,4.856
477,93.994,4.856
478,93.994,4.856
479,93.994,4.856
480,93.994,4.856
481,93.994,4.856
482,93.994,4.856
483,93.994,4.856
484,93.994,4.856
485,93.994,4.856
486,93.994,4.856
487,93.994,4.856
488,93.994,4.856
489,93.994,4.856
490,93.994,4.856
491,93.994,4.856
492,93.994,4.856
493,93.994,4.856
494,93.994,4.856
495,93.994,4.856
496,93.994,4.856
497,93.994,4.856
498,93.994,4.856
499,93.994,4.856
500,93.994,4.856
501,93.994,4.856
502,93.994,4.856
503,93.994,4.856
504,93.994,4.856
505,93.994,4.856
506,93.994,4.856
507,93.994,4.858
508,93.994,4.858
509,93.994,4.858
510,93.994,4.858
511,93.994,4.858
512,93.994,4.858
513,93.994,4.858
514,93.994,4.858
515,93.994,4.858
516,93.994,4.858
517,93.994,4.858
518,93.994,4.858
519,93.994,4.858
520,93.994,4.858
521,93.994,4.858
522,93.994,4.858
523,93.994,4.858
524,93.994,4.858
525,93.994,4.858
526,93.994,4.858
527,93.994,4.858
528,93.994,4.858
529,93.994,4.858
530,93.994,4.858
531,93.994,4.858
532,93.994,4.858
533,93.994,4.858
534,93.994,4.858
535,93.994,4.858
536,93.994,4.858
537,93.994,4.858
538,93.994,4.858
539,93.994,4.858
540,93.994,4.858
541,93.994,4.858
542,93.994,4.858
543,93.994,4.858
544,93.994,4.858
545,93.994,4.858
546,93.994,4.858
547,93.994,4.858
548,93.994,4.858
549,93.994,4.858
550,93.994,4.858
551,93.994,4.858
552,93.994,4.858
553,93.994,4.858
554,93.994,4.858
555,93.994,4.858
556,93.994,4.858
557,93.994,4.858
558,93.994,4.858
559,93.994,4.858
560,93.994,4.858
561,93.994,4.858
562,93.994,4.858
563,93.994,4.858
564,93.994,4.858
565,93.994,4.858
566,93.994,4.858
567,93.994,4.858
568,93.994,4.858
569,93.994,4.858
570,93.994,4.858
571,93.994,4.858
572,93.994,4.858
573,93.994,4.858
574,93.994,4.858
575,93.994,4.858
576,93.994,4.858
577,93.994,4.858
578,93.994,4.858
579,93.994,4.858
580,93.994,4.858
581,93.994,4.858
582,93.994,4.858
583,93.994,4.858
584,93.994,4.858
585,93.994,4.858
586,93.994,4.858
587,93.994,4.858
588,93.994,4.858
589,93.994,4.858
590,93.994,4.858
591,93.994,4.858
592,93.994,4.858
593,93.994,4.858
594,93.994,4.858
595,93.994,4.858
596,93.994,4.858
597,93.994,4.858
598,93.994,4.858
599,93.994,4.858
600,93.994,4.858
601,93.994,4.858
602,93.994,4.858
603,93.994,4.858
604,93.994,4.858
605,93.994,4.858
606,93.994,4.858
607,93.994,4.858
608,93.994,4.858
609,93.994,4.858
610,93.994,4.858
611,93.994,4.858
612,93.994,4.858
613,93.994,4.858
614,93.994,4.858
615,93.994,4.858
616,93.994,4.858
617,93.994,4.858
618,93.994,4.858
619,93.994,4.858
620,93.994,4.858
621,93.994,4.858
622,93.994,4.858
623,93.994,4.858
624,93.994,4.858
625,93.994,4.858
626,93.994,4.858
627,93.994,4.858
628,93.994,4.858
629,93.994,4.858
630,93.994,4.858
631,93.994,4.858
632,93.994,4.858
633,93.994,4.858
634,93.994,4.858
635,93.994,4.858
636,93.994,4.858
637,93.994,4.858
638,93.994,4.858
639,93.994,4.858
640,93.994,4.858
641,93.994,4.858
642,93.994,4.858
643,93.994,4.858
644,93.994,4.858
645,93.994,4.858
646,93.994,4.858
647,93.994,4.858
648,93.994,4.858
649,93.994,4.858
650,93.994,4.858
651,93.994,4.858
652,93.994,4.858
653,93.994,4.858
654,93.994,4.858
655,93.994,4.858
656,93.994,4.858
657,93.994,4.858
658,93.994,4.858
659,93.994,4.858
660,93.994,4.858
661,93.994,4.858
662,93.994,4.858
663,93.994,4.858
664,93.994,4.858
665,93.994,4.858
666,93.994,4.858
667,93.994,4.858
668,93.994,4.858
669,93.994,4.858
670,93.994,4.858
671,93.994,4.858
672,93.994,4.858
673,93.994,4.858
674,93.994,4.858
675,93.994,4.858
676,93.994,4.858
677,93.994,4.858
678,93.994,4.858
679,93.994,4.858
680,93.994,4.858
681,93.994,4.858
682,93.994,4.858
683,93.994,4.858
684,93.994,4.858
685,93.994,4.858
686,93.994,4.858
687,93.994,4.858
688,93.994,4.858
689,93.994,4.858
690,93.994,4.858
691,93.994,4.858
692,93.994,4.858
693,93.994,4.858
694,93.994,4.858
695,93.994,4.858
696,93.994,4.858
697,93.994,4.858
698,93.994,4.858
699,93.994,4.858
700,93.994,4.858
701,93.994,4.858
702,93.994,4.858
703,93.994,4.858
704,93.994,4.858
705,93.994,4.858
706,93.994,4.858
707,93.994,4.858
708,93.994,4.858
709,93.994,4.858
710,93.994,4.858
711,93.994,4.858
712,93.994,4.858
713,93.994,4.858
714,93.994,4.858
715,93.994,4.858
716,93.994,4.858
717,93.994,4.858
718,93.994,4.858
719,93.994,4.858
720,93.994,4.858
721,93.994,4.858
722,93.994,4.858
723,93.994,4.858
724,93.994,4.858
725,93.994,4.858
726,93.994,4.858
727,93.994,4.858
728,93.994,4.858
729,93.994,4.858
730,93.994,4.858
731,93.994,4.858
732,93.994,4.858
733,93.994,4.858
734,93.994,4.858
735,93.994,4.858
736,93.994,4.858
737,93.994,4.858
738,93.994,4.858
739,93.994,4.858
740,93.994,4.858
741,93.994,4.858
742,93.994,4.858
743,93.994,4.858
744,93.994,4.858
745,93.994,4.858
746,93.994,4.858
747,93.994,4.858
748,93.994,4.858
749,93.994,4.858
750,93.994,4.858
751,93.994,4.858
752,93.994,4.858
753,93.994,4.858
754,93.994,4.858
755,93.994,4.858
756,93.994,4.858
757,93.994,4.858
758,93.994,4.858
759,93.994,4.858
760,93.994,4.858
761,93.994,4.858
762,93.994,4.858
763,93.994,4.858
764,93.994,4.858
765,93.994,4.858
766,93.994,4.858
767,93.994,4.858
768,93.994,4.858
769,93.994,4.858
770,93.994,4.858
771,93.994,4.858
772,93.994,4.858
773,93.994,4.858
774,93.994,4.858
775,93.994,4.858
776,93.994,4.858
777,93.994,4.858
778,93.994,4.858
779,93.994,4.858
780,93.994,4.858
781,93.994,4.858
782,93.994,4.858
783,93.994,4.858
784,93.994,4.858
785,93.994,4.858
786,93.994,4.858
787,93.994,4.858
788,93.994,4.858
789,93.994,4.858
790,93.994,4.858
791,93.994,4.858
792,93.994,4.858
793,93.994,4.858
794,93.994,4.858
795,93.994,4.858
796,93.994,4.858
797,93.994,4.858
798,93.994,4.858
799,93.994,4.858
800,93.994,4.858
801,93.994,4.858
802,93.994,4.858
803,93.994,4.858
804,93.994,4.858
805,93.994,4.858
806,93.994,4.858
807,93.994,4.858
808,93.994,4.858
809,93.994,4.858
810,93.994,4.858
811,93.994,4.858
812,93.994,4.858
813,93.994,4.858
814,93.994,4.858
815,93.994,4.858
816,93.994,4.858
817,93.994,4.858
818,93.994,4.858
819,93.994,4.858
820,93.994,4.858
821,93.994,4.858
822,93.994,4.858
823,93.994,4.858
824,93.994,4.858
825,93.994,4.858
826,93.994,4.858
827,93.994,4.858
828,93.994,4.858
829,93.994,4.858
830,93.994,4.858
831,93.994,4.858
832,93.994,4.858
833,93.994,4.858
834,93.994,4.858
835,93.994,4.858
836,93.994,4.858
837,93.994,4.858
838,93.994,4.858
839,93.994,4.858
840,93.994,4.858
841,93.994,4.858
842,93.994,4.858
843,93.994,4.858
844,93.994,4.858
845,93.994,4.858
846,93.994,4.858
847,93.994,4.858
848,93.994,4.858
849,93.994,4.858
850,93.994,4.858
851,93.994,4.858
852,93.994,4.858
853,93.994,4.858
854,93.994,4.858
855,93.994,4.858
856,93.994,4.858
857,93.994,4.858
858,93.994,4.858
859,93.994,4.858
860,93.994,4.858
861,93.994,4.858
862,93.994,4.858
863,93.994,4.858
864,93.994,4.858
865,93.994,4.858
866,93.994,4.858
867,93.994,4.858
868,93.994,4.858
869,93.994,4.858
870,93.994,4.858
871,93.994,4.858
872,93.994,4.858
873,93.994,4.858
874,93.994,4.858
875,93.994,4.858
876,93.994,4.858
877,93.994,4.858
878,93.994,4.858
879,93.994,4.858
880,93.994,4.858
881,93.994,4.858
882,93.994,4.858
883,93.994,4.858
884,93.994,4.858
885,93.994,4.858
886,93.994,4.858
887,93.994,4.858
888,93.994,4.858
889,93.994,4.858
890,93.994,4.858
891,93.994,4.858
892,93.994,4.858
893,93.994,4.858
894,93.994,4.858
895,93.994,4.858
896,93.994,4.858
897,93.994,4.858
898,93.994,4.858
899,93.994,4.858
900,93.994,4.858
901,93.994,4.858
902,93.994,4.858
903,93.994,4.858
904,93.994,4.858
905,93.994,4.858
906,93.994,4.858
907,93.994,4.858
908,93.994,4.858
909,93.994,4.858
910,93.994,4.858
911,93.994,4.858
912,93.994,4.858
913,93.994,4.858
914,93.994,4.858
915,93.994,4.858
916,93.994,4.858
917,93.994,4.858
918,93.994,4.858
919,93.994,4.857
920,93.994,4.857
921,93.994,4.857
922,93.994,4.857
923,93.994,4.857
924,93.994,4.857
925,93.994,4.857
926,93.994,4.857
927,93.994,4.857
928,93.994,4.857
929,93.994,4.857
930,93.994,4.857
931,93.994,4.857
932,93.994,4.857
933,93.994,4.857
934,93.994,4.857
935,93.994,4.857
936,93.994,4.857
937,93.994,4.857
938,93.994,4.857
939,93.994,4.857
940,93.994,4.857
941,93.994,4.857
942,93.994,4.857
943,93.994,4.857
944,93.994,4.857
945,93.994,4.857
946,93.994,4.857
947,93.994,4.857
948,93.994,4.857
949,93.994,4.857
950,93.994,4.857
951,93.994,4.857
952,93.994,4.857
953,93.994,4.857
954,93.994,4.857
955,93.994,4.857
956,93.994,4.857
957,93.994,4.857
958,93.994,4.857
959,93.994,4.857
960,93.994,4.857
961,93.994,4.857
962,93.994,4.857
963,93.994,4.857
964,93.994,4.857
965,93.994,4.857
966,93.994,4.857
967,93.994,4.857
968,93.994,4.857
969,93.994,4.857
970,93.994,4.857
971,93.994,4.857
972,93.994,4.857
973,93.994,4.857
974,93.994,4.857
975,93.994,4.857
976,93.994,4.857
977,93.994,4.857
978,93.994,4.857
979,93.994,4.857
980,93.994,4.857
981,93.994,4.857
982,93.994,4.857
983,93.994,4.857
984,93.994,4.857
985,93.994,4.857
986,93.994,4.857
987,93.994,4.857
988,93.994,4.857
989,93.994,4.857
990,93.994,4.857
991,93.994,4.857
992,93.994,4.857
993,93.994,4.857
994,93.994,4.857
995,93.994,4.857
996,93.994,4.857
997,93.994,4.857
998,93.994,4.857
999,93.994,4.857
1000,93.994,4.857
1001,93.994,4.857
1002,93.994,4.857
1003,93.994,4.857
1004,93.994,4.857
1005,93.994,4.857
1006,93.994,4.857
1007,93.994,4.857
1008,93.994,4.857
1009,93.994,4.857
1010,93.994,4.857
1011,93.994,4.857
1012,93.994,4.857
1013,93.994,4.857
1014,93.994,4.857
1015,93.994,4.857
1016,93.994,4.857
1017,93.994,4.857
1018,93.994,4.857
1019,93.994,4.857
1020,93.994,4.857
1021,93.994,4.857
1022,93.994,4.857
1023,93.994,4.857
1024,93.994,4.857
1025,93.994,4.857
1026,93.994,4.857
1027,93.994,4.857
1028,93.994,4.857
1029,93.994,4.857
1030,93.994,4.857
1031,93.994,4.857
1032,93.994,4.857
1033,93.994,4.857
1034,93.994,4.857
1035,93.994,4.857
1036,93.994,4.857
1037,93.994,4.857
1038,93.994,4.857
1039,93.994,4.857
1040,93.994,4.857
1041,93.994,4.857
1042,93.994,4.857
1043,93.994,4.857
1044,93.994,4.857
1045,93.994,4.857
1046,93.994,4.857
1047,93.994,4.857
1048,93.994,4.857
1049,93.994,4.857
1050,93.994,4.857
1051,93.994,4.857
1052,93.994,4.857
1053,93.994,4.857
1054,93.994,4.857
1055,93.994,4.857
1056,93.994,4.857
1057,93.994,4.857
1058,93.994,4.857
1059,93.994,4.857
1060,93.994,4.857
1061,93.994,4.857
1062,93.994,4.857
1063,93.994,4.857
1064,93.994,4.857
1065,93.994,4.857
1066,93.994,4.857
1067,93.994,4.857
1068,93.994,4.857
1069,93.994,4.857
1070,93.994,4.857
1071,93.994,4.857
1072,93.994,4.857
1073,93.994,4.857
1074,93.994,4.857
1075,93.994,4.857
1076,93.994,4.857
1077,93.994,4.857
1078,93.994,4.857
1079,93.994,4.857
1080,93.994,4.857
1081,93.994,4.857
1082,93.994,4.857
1083,93.994,4.857
1084,93.994,4.857
1085,93.994,4.857
1086,93.994,4.857
1087,93.994,4.857
1088,93.994,4.857
1089,93.994,4.857
1090,93.994,4.857
1091,93.994,4.857
1092,93.994,4.857
1093,93.994,4.857
1094,93.994,4.857
1095,93.994,4.857
1096,93.994,4.857
1097,93.994,4.857
1098,93.994,4.857
1099,93.994,4.857
1100,93.994,4.857
1101,93.994,4.857
1102,93.994,4.857
1103,93.994,4.857
1104,93.994,4.857
1105,93.994,4.857
1106,93.994,4.857
1107,93.994,4.857
1108,93.994,4.857
1109,93.994,4.857
1110,93.994,4.857
1111,93.994,4.857
1112,93.994,4.857
1113,93.994,4.857
1114,93.994,4.857
1115,93.994,4.857
1116,93.994,4.857
1117,93.994,4.857
1118,93.994,4.857
1119,93.994,4.857
1120,93.994,4.857
1121,93.994,4.857
1122,93.994,4.857
1123,93.994,4.857
1124,93.994,4.857
1125,93.994,4.857
1126,93.994,4.857
1127,93.994,4.857
1128,93.994,4.857
1129,93.994,4.857
1130,93.994,4.857
1131,93.994,4.857
1132,93.994,4.857
1133,93.994,4.857
1134,93.994,4.857
1135,93.994,4.857
1136,93.994,4.857
1137,93.994,4.857
1138,93.994,4.857
1139,93.994,4.857
1140,93.994,4.857
1141,93.994,4.857
1142,93.994,4.857
1143,93.994,4.857
1144,93.994,4.857
1145,93.994,4.857
1146,93.994,4.857
1147,93.994,4.857
1148,93.994,4.857
1149,93.994,4.857
1150,93.994,4.857
1151,93.994,4.857
1152,93.994,4.857
1153,93.994,4.857
1154,93.994,4.857
1155,93.994,4.857
1156,93.994,4.857
1157,93.994,4.857
1158,93.994,4.857
1159,93.994,4.857
1160,93.994,4.857
1161,93.994,4.857
1162,93.994,4.857
1163,93.994,4.857
1164,93.994,4.857
1165,93.994,4.857
1166,93.994,4.857
1167,93.994,4.857
1168,93.994,4.857
1169,93.994,4.857
1170,93.994,4.857
1171,93.994,4.857
1172,93.994,4.857
1173,93.994,4.857
1174,93.994,4.857
1175,93.994,4.857
1176,93.994,4.857
1177,93.994,4.857
1178,93.994,4.857
1179,93.994,4.857
1180,93.994,4.857
1181,93.994,4.857
1182,93.994,4.857
1183,93.994,4.857
1184,93.994,4.857
1185,93.994,4.857
1186,93.994,4.857
1187,93.994,4.857
1188,93.994,4.857
1189,93.994,4.857
1190,93.994,4.857
1191,93.994,4.857
1192,93.994,4.857
1193,93.994,4.857
1194,93.994,4.857
1195,93.994,4.857
1196,93.994,4.857
1197,93.994,4.857
1198,93.994,4.857
1199,93.994,4.857
1200,93.994,4.857
1201,93.994,4.857
1202,93.994,4.857
1203,93.994,4.857
1204,93.994,4.857
1205,93.994,4.857
1206,93.994,4.857
1207,93.994,4.857
1208,93.994,4.857
1209,93.994,4.857
1210,93.994,4.857
1211,93.994,4.857
1212,93.994,4.857
1213,93.994,4.857
1214,93.994,4.857
1215,93.994,4.857
1216,93.994,4.857
1217,93.994,4.857
1218,93.994,4.857
1219,93.994,4.857
1220,93.994,4.857
1221,93.994,4.857
1222,93.994,4.857
1223,93.994,4.857
1224,93.994,4.857
1225,93.994,4.857
1226,93.994,4.857
1227,93.994,4.857
1228,93.994,4.857
1229,93.994,4.857
1230,93.994,4.857
1231,93.994,4.857
1232,93.994,4.857
1233,93.994,4.857
1234,93.994,4.857
1235,93.994,4.857
1236,93.994,4.857
1237,93.994,4.857
1238,93.994,4.857
1239,93.994,4.857
1240,93.994,4.857
1241,93.994,4.857
1242,93.994,4.857
1243,93.994,4.857
1244,93.994,4.857
1245,93.994,4.857
1246,93.994,4.857
1247,93.994,4.857
1248,93.994,4.857
1249,93.994,4.857
1250,93.994,4.857
1251,93.994,4.857
1252,93.994,4.857
1253,93.994,4.857
1254,93.994,4.857
1255,93.994,4.857
1256,93.994,4.857
1257,93.994,4.857
1258,93.994,4.857
1259,93.994,4.857
1260,93.994,4.857
1261,93.994,4.857
1262,93.994,4.857
1263,93.994,4.857
1264,93.994,4.857
1265,93.994,4.857
1266,93.994,4.857
1267,93.994,4.857
1268,93.994,4.857
1269,93.994,4.857
1270,93.994,4.857
1271,93.994,4.857
1272,93.994,4.857
1273,93.994,4.857
1274,93.994,4.857
1275,93.994,4.857
1276,93.994,4.857
1277,93.994,4.857
1278,93.994,4.857
1279,93.994,4.857
1280,93.994,4.857
1281,93.994,4.857
1282,93.994,4.857
1283,93.994,4.857
1284,93.994,4.857
1285,93.994,4.857
1286,93.994,4.857
1287,93.994,4.857
1288,93.994,4.857
1289,93.994,4.857
1290,93.994,4.857
1291,93.994,4.857
1292,93.994,4.857
1293,93.994,4.857
1294,93.994,4.857
1295,93.994,4.857
1296,93.994,4.857
1297,93.994,4.857
1298,93.994,4.857
1299,93.994,4.857
1300,93.994,4.857
1301,93.994,4.857
1302,93.994,4.857
1303,93.994,4.857
1304,93.994,4.857
1305,93.994,4.857
1306,93.994,4.857
1307,93.994,4.857
1308,93.994,4.857
1309,93.994,4.857
1310,93.994,4.857
1311,93.994,4.857
1312,93.994,4.857
1313,93.994,4.857
1314,93.994,4.857
1315,93.994,4.857
1316,93.994,4.857
1317,93.994,4.857
1318,93.994,4.857
1319,93.994,4.857
1320,93.994,4.857
1321,93.994,4.857
1322,93.994,4.857
1323,93.994,4.857
1324,93.994,4.857
1325,93.994,4.857
1326,93.994,4.857
1327,93.994,4.857
1328,93.994,4.857
1329,93.994,4.857
1330,93.994,4.857
1331,93.994,4.857
1332,93.994,4.857
1333,93.994,4.857
1334,93.994,4.857
1335,93.994,4.857
1336,93.994,4.857
1337,93.994,4.857
1338,93.994,4.857
1339,93.994,4.857
1340,93.994,4.857
1341,93.994,4.857
1342,93.994,4.857
1343,93.994,4.857
1344,93.994,4.857
1345,93.994,4.857
1346,93.994,4.857
1347,93.994,4.857
1348,93.994,4.857
1349,93.994,4.857
1350,93.994,4.857
1351,93.994,4.857
1352,93.994,4.857
1353,93.994,4.857
1354,93.994,4.857
1355,93.994,4.857
1356,93.994,4.857
1357,93.994,4.857
1358,93.994,4.857
1359,93.994,4.857
1360,93.994,4.857
1361,93.994,4.857
1362,93.994,4.857
1363,93.994,4.857
1364,93.994,4.857
1365,93.994,4.857
1366,93.994,4.857
1367,93.994,4.857
1368,93.994,4.857
1369,93.994,4.857
1370,93.994,4.857
1371,93.994,4.857
1372,93.994,4.857
1373,93.994,4.857
1374,93.994,4.857
1375,93.994,4.857
1376,93.994,4.857
1377,93.994,4.857
1378,93.994,4.857
1379,93.994,4.857
1380,93.994,4.857
1381,93.994,4.857
1382,93.994,4.857
1383,93.994,4.857
1384,93.994,4.857
1385,93.994,4.857
1386,93.994,4.857
1387,93.994,4.857
1388,93.994,4.857
1389,93.994,4.857
1390,93.994,4.857
1391,93.994,4.857
1392,93.994,4.857
1393,93.994,4.857
1394,93.994,4.857
1395,93.994,4.857
1396,93.994,4.857
1397,93.994,4.857
1398,93.994,4.857
1399,93.994,4.857
1400,93.994,4.857
1401,93.994,4.857
1402,93.994,4.857
1403,93.994,4.857
1404,93.994,4.857
1405,93.994,4.857
1406,93.994,4.857
1407,93.994,4.857
1408,93.994,4.857
1409,93.994,4.857
1410,93.994,4.857
1411,93.994,4.857
1412,93.994,4.857
1413,93.994,4.857
1414,93.994,4.857
1415,93.994,4.857
1416,93.994,4.857
1417,93.994,4.857
1418,93.994,4.857
1419,93.994,4.857
1420,93.994,4.857
1421,93.994,4.857
1422,93.994,4.857
1423,93.994,4.857
1424,93.994,4.857
1425,93.994,4.857
1426,93.994,4.857
1427,93.994,4.857
1428,93.994,4.857
1429,93.994,4.857
1430,93.994,4.857
1431,93.994,4.857
1432,93.994,4.857
1433,93.994,4.857
1434,93.994,4.857
1435,93.994,4.857
1436,93.994,4.857
1437,93.994,4.857
1438,93.994,4.857
1439,93.994,4.857
1440,93.994,4.857
1441,93.994,4.857
1442,93.994,4.857
1443,93.994,4.857
1444,93.994,4.857
1445,93.994,4.857
1446,93.994,4.857
1447,93.994,4.857
1448,93.994,4.857
1449,93.994,4.857
1450,93.994,4.857
1451,93.994,4.857
1452,93.994,4.857
1453,93.994,4.857
1454,93.994,4.857
1455,93.994,4.857
1456,93.994,4.857
1457,93.994,4.857
1458,93.994,4.857
1459,93.994,4.857
1460,93.994,4.857
1461,93.994,4.857
1462,93.994,4.857
1463,93.994,4.857
1464,93.994,4.857
1465,93.994,4.857
1466,93.994,4.857
1467,93.994,4.857
1468,93.994,4.857
1469,93.994,4.857
1470,93.994,4.857
1471,93.994,4.857
1472,93.994,4.857
1473,93.994,4.857
1474,93.994,4.857
1475,93.994,4.857
1476,93.994,4.857
1477,93.994,4.857
1478,93.994,4.857
1479,93.994,4.857
1480,93.994,4.857
1481,93.994,4.857
1482,93.994,4.857
1483,93.994,4.857
1484,93.994,4.857
1485,93.994,4.857
1486,93.994,4.857
1487,93.994,4.857
1488,93.994,4.857
1489,93.994,4.857
1490,93.994,4.857
1491,93.994,4.857
1492,93.994,4.857
1493,93.994,4.857
1494,93.994,4.857
1495,93.994,4.857
1496,93.994,4.857
1497,93.994,4.857
1498,93.994,4.857
1499,93.994,4.857
1500,93.994,4.857
1501,93.994,4.857
1502,93.994,4.857
1503,93.994,4.857
1504,93.994,4.857
1505,93.994,4.857
1506,93.994,4.857
1507,93.994,4.857
1508,93.994,4.857
1509,93.994,4.857
1510,93.994,4.857
1511,93.994,4.857
1512,93.994,4.857
1513,93.994,4.857
1514,93.994,4.857
1515,93.994,4.857
1516,93.994,4.857
1517,93.994,4.857
1518,93.994,4.857
1519,93.994,4.857
1520,93.994,4.857
1521,93.994,4.857
1522,93.994,4.857
1523,93.994,4.857
1524,93.994,4.857
1525,93.994,4.857
1526,93.994,4.857
1527,93.994,4.857
1528,93.994,4.857
1529,93.994,4.857
1530,93.994,4.857
1531,93.994,4.857
1532,93.994,4.857
1533,93.994,4.857
1534,93.994,4.857
1535,93.994,4.857
1536,93.994,4.857
1537,93.994,4.857
1538,93.994,4.857
1539,93.994,4.857
1540,93.994,4.857
1541,93.994,4.857
1542,93.994,4.857
1543,93.994,4.857
1544,93.994,4.857
1545,93.994,4.857
1546,93.994,4.857
1547,93.994,4.857
1548,93.994,4.857
1549,93.994,4.857
1550,93.994,4.857
1551,93.994,4.857
1552,93.994,4.857
1553,93.994,4.857
1554,93.994,4.857
1555,93.994,4.857
1556,93.994,4.857
1557,93.994,4.857
1558,93.994,4.857
1559,93.994,4.857
1560,93.994,4.857
1561,93.994,4.857
1562,93.994,4.857
1563,93.994,4.857
1564,93.994,4.857
1565,93.994,4.857
1566,93.994,4.857
1567,93.994,4.857
1568,93.994,4.857
1569,93.994,4.857
1570,93.994,4.857
1571,93.994,4.857
1572,93.994,4.857
1573,93.994,4.857
1574,93.994,4.857
1575,93.994,4.857
1576,93.994,4.857
1577,93.994,4.857
1578,93.994,4.857
1579,93.994,4.857
1580,93.994,4.857
1581,93.994,4.857
1582,93.994,4.857
1583,93.994,4.857
1584,93.994,4.857
1585,93.994,4.857
1586,93.994,4.857
1587,93.994,4.857
1588,93.994,4.857
1589,93.994,4.857
1590,93.994,4.857
1591,93.994,4.857
1592,93.994,4.857
1593,93.994,4.857
1594,93.994,4.857
1595,93.994,4.857
1596,93.994,4.857
1597,93.994,4.857
1598,93.994,4.857
1599,93.994,4.857
1600,93.994,4.857
1601,93.994,4.857
1602,93.994,4.857
1603,93.994,4.857
1604,93.994,4.857
1605,93.994,4.857
1606,93.994,4.857
1607,93.994,4.857
1608,93.994,4.857
1609,93.994,4.857
1610,93.994,4.857
1611,93.994,4.857
1612,93.994,4.857
1613,93.994,4.857
1614,93.994,4.857
1615,93.994,4.857
1616,93.994,4.857
1617,93.994,4.857
1618,93.994,4.857
1619,93.994,4.857
1620,93.994,4.857
1621,93.994,4.857
1622,93.994,4.857
1623,93.994,4.857
1624,93.994,4.857
1625,93.994,4.857
1626,93.994,4.857
1627,93.994,4.857
1628,93.994,4.857
1629,93.994,4.857
1630,93.994,4.857
1631,93.994,4.857
1632,93.994,4.857
1633,93.994,4.857
1634,93.994,4.857
1635,93.994,4.857
1636,93.994,4.857
1637,93.994,4.857
1638,93.994,4.857
1639,93.994,4.857
1640,93.994,4.857
1641,93.994,4.857
1642,93.994,4.857
1643,93.994,4.857
1644,93.994,4.857
1645,93.994,4.857
1646,93.994,4.857
1647,93.994,4.857
1648,93.994,4.857
1649,93.994,4.857
1650,93.994,4.857
1651,93.994,4.857
1652,93.994,4.857
1653,93.994,4.857
1654,93.994,4.857
1655,93.994,4.857
1656,93.994,4.857
1657,93.994,4.857
1658,93.994,4.857
1659,93.994,4.857
1660,93.994,4.857
1661,93.994,4.857
1662,93.994,4.857
1663,93.994,4.857
1664,93.994,4.857
1665,93.994,4.857
1666,93.994,4.857
1667,93.994,4.857
1668,93.994,4.857
1669,93.994,4.857
1670,93.994,4.857
1671,93.994,4.857
1672,93.994,4.857
1673,93.994,4.857
1674,93.994,4.857
1675,93.994,4.857
1676,93.994,4.857
1677,93.994,4.857
1678,93.994,4.857
1679,93.994,4.857
1680,93.994,4.857
1681,93.994,4.857
1682,93.994,4.857
1683,93.994,4.857
1684,93.994,4.857
1685,93.994,4.857
1686,93.994,4.857
1687,93.994,4.857
1688,93.994,4.857
1689,93.994,4.857
1690,93.994,4.857
1691,93.994,4.857
1692,93.994,4.857
1693,93.994,4.857
1694,93.994,4.857
1695,93.994,4.857
1696,93.994,4.857
1697,93.994,4.857
1698,93.994,4.857
1699,93.994,4.857
1700,93.994,4.857
1701,93.994,4.857
1702,93.994,4.857
1703,93.994,4.857
1704,93.994,4.857
1705,93.994,4.857
1706,93.994,4.857
1707,93.994,4.857
1708,93.994,4.857
1709,93.994,4.857
1710,93.994,4.857
1711,93.994,4.857
1712,93.994,4.857
1713,93.994,4.857
1714,93.994,4.857
1715,93.994,4.857
1716,93.994,4.857
1717,93.994,4.857
1718,93.994,4.857
1719,93.994,4.857
1720,93.994,4.857
1721,93.994,4.857
1722,93.994,4.857
1723,93.994,4.857
1724,93.994,4.857
1725,93.994,4.857
1726,93.994,4.857
1727,93.994,4.857
1728,93.994,4.857
1729,93.994,4.857
1730,93.994,4.857
1731,93.994,4.857
1732,93.994,4.857
1733,93.994,4.857
1734,93.994,4.857
1735,93.994,4.857
1736,93.994,4.857
1737,93.994,4.857
1738,93.994,4.857
1739,93.994,4.857
1740,93.994,4.857
1741,93.994,4.857
1742,93.994,4.857
1743,93.994,4.857
1744,93.994,4.857
1745,93.994,4.857
1746,93.994,4.857
1747,93.994,4.857
1748,93.994,4.857
1749,93.994,4.857
1750,93.994,4.857
1751,93.994,4.857
1752,93.994,4.857
1753,93.994,4.857
1754,93.994,4.857
1755,93.994,4.857
1756,93.994,4.857
1757,93.994,4.857
1758,93.994,4.857
1759,93.994,4.857
1760,93.994,4.857
1761,93.994,4.857
1762,93.994,4.857
1763,93.994,4.857
1764,93.994,4.857
1765,93.994,4.857
1766,93.994,4.857
1767,93.994,4.857
1768,93.994,4.857
1769,93.994,4.857
1770,93.994,4.857
1771,93.994,4.857
1772,93.994,4.857
1773,93.994,4.857
1774,93.994,4.857
1775,93.994,4.857
1776,93.994,4.857
1777,93.994,4.857
1778,93.994,4.857
1779,93.994,4.857
1780,93.994,4.857
1781,93.994,4.857
1782,93.994,4.857
1783,93.994,4.857
1784,93.994,4.857
1785,93.994,4.857
1786,93.994,4.857
1787,93.994,4.857
1788,93.994,4.857
1789,93.994,4.857
1790,93.994,4.857
1791,93.994,4.857
1792,93.994,4.857
1793,93.994,4.857
1794,93.994,4.857
1795,93.994,4.857
1796,93.994,4.857
1797,93.994,4.857
1798,93.994,4.857
1799,93.994,4.857
1800,93.994,4.857
1801,93.994,4.857
1802,93.994,4.857
1803,93.994,4.857
1804,93.994,4.857
1805,93.994,4.857
1806,93.994,4.857
1807,93.994,4.857
1808,93.994,4.857
1809,93.994,4.857
1810,93.994,4.857
1811,93.994,4.857
1812,93.994,4.857
1813,93.994,4.857
1814,93.994,4.857
1815,93.994,4.857
1816,93.994,4.857
1817,93.994,4.857
1818,93.994,4.857
1819,93.994,4.857
1820,93.994,4.857
1821,93.994,4.857
1822,93.994,4.857
1823,93.994,4.857
1824,93.994,4.857
1825,93.994,4.857
1826,93.994,4.857
1827,93.994,4.857
1828,93.994,4.857
1829,93.994,4.857
1830,93.994,4.857
1831,93.994,4.857
1832,93.994,4.857
1833,93.994,4.857
1834,93.994,4.857
1835,93.994,4.857
1836,93.994,4.857
1837,93.994,4.857
1838,93.994,4.857
1839,93.994,4.857
1840,93.994,4.857
1841,93.994,4.857
1842,93.994,4.857
1843,93.994,4.857
1844,93.994,4.857
1845,93.994,4.857
1846,93.994,4.857
1847,93.994,4.857
1848,93.994,4.857
1849,93.994,4.857
1850,93.994,4.857
1851,93.994,4.857
1852,93.994,4.857
1853,93.994,4.857
1854,93.994,4.857
1855,93.994,4.857
1856,93.994,4.857
1857,93.994,4.857
1858,93.994,4.857
1859,93.994,4.857
1860,93.994,4.857
1861,93.994,4.857
1862,93.994,4.857
1863,93.994,4.857
1864,93.994,4.857
1865,93.994,4.857
1866,93.994,4.857
1867,93.994,4.857
1868,93.994,4.857
1869,93.994,4.857
1870,93.994,4.857
1871,93.994,4.857
1872,93.994,4.857
1873,93.994,4.857
1874,93.994,4.857
1875,93.994,4.857
1876,93.994,4.857
1877,93.994,4.857
1878,93.994,4.857
1879,93.994,4.857
1880,93.994,4.857
1881,93.994,4.857
1882,93.994,4.857
1883,93.994,4.857
1884,93.994,4.857
1885,93.994,4.857
1886,93.994,4.857
1887,93.994,4.857
1888,93.994,4.857
1889,93.994,4.857
1890,93.994,4.857
1891,93.994,4.857
1892,93.994,4.857
1893,93.994,4.857
1894,93.994,4.857
1895,93.994,4.857
1896,93.994,4.857
1897,93.994,4.857
1898,93.994,4.857
1899,93.994,4.857
1900,93.994,4.857
1901,93.994,4.857
1902,93.994,4.857
1903,93.994,4.857
1904,93.994,4.857
1905,93.994,4.857
1906,93.994,4.857
1907,93.994,4.857
1908,93.994,4.857
1909,93.994,4.857
1910,93.994,4.857
1911,93.994,4.857
1912,93.994,4.857
1913,93.994,4.857
1914,93.994,4.857
1915,93.994,4.857
1916,93.994,4.857
1917,93.994,4.857
1918,93.994,4.857
1919,93.994,4.857
1920,93.994,4.857
1921,93.994,4.857
1922,93.994,4.857
1923,93.994,4.857
1924,93.994,4.857
1925,93.994,4.857
1926,93.994,4.857
1927,93.994,4.857
1928,93.994,4.857
1929,93.994,4.857
1930,93.994,4.857
1931,93.994,4.857
1932,93.994,4.857
1933,93.994,4.857
1934,93.994,4.857
1935,93.994,4.857
1936,93.994,4.857
1937,93.994,4.857
1938,93.994,4.857
1939,93.994,4.857
1940,93.994,4.857
1941,93.994,4.857
1942,93.994,4.857
1943,93.994,4.857
1944,93.994,4.857
1945,93.994,4.857
1946,93.994,4.857
1947,93.994,4.857
1948,93.994,4.857
1949,93.994,4.857
1950,93.994,4.857
1951,93.994,4.857
1952,93.994,4.857
1953,93.994,4.857
1954,93.994,4.857
1955,93.994,4.857
1956,93.994,4.857
1957,93.994,4.857
1958,93.994,4.857
1959,93.994,4.857
1960,93.994,4.857
1961,93.994,4.857
1962,93.994,4.857
1963,93.994,4.857
1964,93.994,4.857
1965,93.994,4.857
1966,93.994,4.857
1967,93.994,4.857
1968,93.994,4.857
1969,93.994,4.857
1970,93.994,4.857
1971,93.994,4.857
1972,93.994,4.857
1973,93.994,4.857
1974,93.994,4.857
1975,93.994,4.857
1976,93.994,4.857
1977,93.994,4.857
1978,93.994,4.857
1979,93.994,4.857
1980,93.994,4.857
1981,93.994,4.857
1982,93.994,4.857
1983,93.994,4.857
1984,93.994,4.857
1985,93.994,4.857
1986,93.994,4.857
1987,93.994,4.857
1988,93.994,4.857
1989,93.994,4.857
1990,93.994,4.857
1991,93.994,4.857
1992,93.994,4.857
1993,93.994,4.857
1994,93.994,4.857
1995,93.994,4.857
1996,93.994,4.857
1997,93.994,4.857
1998,93.994,4.857
1999,93.994,4.857
2000,93.994,4.857
2001,93.994,4.857
2002,93.994,4.857
2003,93.994,4.857
2004,93.994,4.857
2005,93.994,4.857
2006,93.994,4.857
2007,93.994,4.857
2008,93.994,4.857
2009,93.994,4.857
2010,93.994,4.857
2011,93.994,4.857
2012,93.994,4.857
2013,93.994,4.857
2014,93.994,4.857
2015,93.994,4.857
2016,93.994,4.857
2017,93.994,4.857
2018,93.994,4.857
2019,93.994,4.857
2020,93.994,4.857
2021,93.994,4.857
2022,93.994,4.857
2023,93.994,4.857
2024,93.994,4.857
2025,93.994,4.857
2026,93.994,4.857
2027,93.994,4.857
2028,93.994,4.857
2029,93.994,4.857
2030,93.994,4.857
2031,93.994,4.857
2032,93.994,4.857
2033,93.994,4.857
2034,93.994,4.857
2035,93.994,4.857
2036,93.994,4.857
2037,93.994,4.857
2038,93.994,4.857
2039,93.994,4.857
2040,93.994,4.857
2041,93.994,4.857
2042,93.994,4.857
2043,93.994,4.857
2044,93.994,4.857
2045,93.994,4.857
2046,93.994,4.857
2047,93.994,4.857
2048,93.994,4.857
2049,93.994,4.857
2050,93.994,4.857
2051,93.994,4.857
2052,93.994,4.857
2053,93.994,4.857
2054,93.994,4.857
2055,93.994,4.857
2056,93.994,4.857
2057,93.994,4.857
2058,93.994,4.857
2059,93.994,4.857
2060,93.994,4.857
2061,93.994,4.857
2062,93.994,4.857
2063,93.994,4.857
2064,93.994,4.857
2065,93.994,4.857
2066,93.994,4.857
2067,93.994,4.857
2068,93.994,4.857
2069,93.994,4.857
2070,93.994,4.857
2071,93.994,4.857
2072,93.994,4.857
2073,93.994,4.857
2074,93.994,4.857
2075,93.994,4.857
2076,93.994,4.857
2077,93.994,4.857
2078,93.994,4.857
2079,93.994,4.857
2080,93.994,4.857
2081,93.994,4.857
2082,93.994,4.857
2083,93.994,4.857
2084,93.994,4.857
2085,93.994,4.857
2086,93.994,4.857
2087,93.994,4.857
2088,93.994,4.857
2089,93.994,4.857
2090,93.994,4.857
2091,93.994,4.857
2092,93.994,4.857
2093,93.994,4.857
2094,93.994,4.857
2095,93.994,4.857
2096,93.994,4.857
2097,93.994,4.857
2098,93.994,4.857
2099,93.994,4.857
2100,93.994,4.857
2101,93.994,4.857
2102,93.994,4.857
2103,93.994,4.857
2104,93.994,4.857
2105,93.994,4.857
2106,93.994,4.857
2107,93.994,4.857
2108,93.994,4.857
2109,93.994,4.857
2110,93.994,4.857
2111,93.994,4.857
2112,93.994,4.857
2113,93.994,4.857
2114,93.994,4.857
2115,93.994,4.857
2116,93.994,4.857
2117,93.994,4.857
2118,93.994,4.857
2119,93.994,4.857
2120,93.994,4.857
2121,93.994,4.857
2122,93.994,4.857
2123,93.994,4.857
2124,93.994,4.857
2125,93.994,4.857
2126,93.994,4.857
2127,93.994,4.857
2128,93.994,4.857
2129,93.994,4.857
2130,93.994,4.857
2131,93.994,4.857
2132,93.994,4.857
2133,93.994,4.857
2134,93.994,4.857
2135,93.994,4.857
2136,93.994,4.857
2137,93.994,4.857
2138,93.994,4.857
2139,93.994,4.857
2140,93.994,4.857
2141,93.994,4.857
2142,93.994,4.857
2143,93.994,4.857
2144,93.994,4.857
2145,93.994,4.857
2146,93.994,4.857
2147,93.994,4.857
2148,93.994,4.857
2149,93.994,4.857
2150,93.994,4.857
2151,93.994,4.857
2152,93.994,4.857
2153,93.994,4.857
2154,93.994,4.857
2155,93.994,4.857
2156,93.994,4.857
2157,93.994,4.857
2158,93.994,4.857
2159,93.994,4.857
2160,93.994,4.857
2161,93.994,4.857
2162,93.994,4.857
2163,93.994,4.857
2164,93.994,4.857
2165,93.994,4.857
2166,93.994,4.857
2167,93.994,4.857
2168,93.994,4.857
2169,93.994,4.857
2170,93.994,4.857
2171,93.994,4.857
2172,93.994,4.857
2173,93.994,4.857
2174,93.994,4.857
2175,93.994,4.857
2176,93.994,4.857
2177,93.994,4.857
2178,93.994,4.857
2179,93.994,4.857
2180,93.994,4.857
2181,93.994,4.857
2182,93.994,4.857
2183,93.994,4.857
2184,93.994,4.857
2185,93.994,4.857
2186,93.994,4.857
2187,93.994,4.857
2188,93.994,4.857
2189,93.994,4.857
2190,93.994,4.857
2191,93.994,4.857
2192,93.994,4.857
2193,93.994,4.857
2194,93.994,4.857
2195,93.994,4.857
2196,93.994,4.857
2197,93.994,4.857
2198,93.994,4.857
2199,93.994,4.857
2200,93.994,4.857
2201,93.994,4.857
2202,93.994,4.857
2203,93.994,4.857
2204,93.994,4.857
2205,93.994,4.857
2206,93.994,4.857
2207,93.994,4.857
2208,93.994,4.857
2209,93.994,4.857
2210,93.994,4.857
2211,93.994,4.857
2212,93.994,4.857
2213,93.994,4.857
2214,93.994,4.857
2215,93.994,4.857
2216,93.994,4.857
2217,93.994,4.857
2218,93.994,4.857
2219,93.994,4.857
2220,93.994,4.857
2221,93.994,4.857
2222,93.994,4.857
2223,93.994,4.857
2224,93.994,4.857
2225,93.994,4.857
2226,93.994,4.857
2227,93.994,4.857
2228,93.994,4.857
2229,93.994,4.857
2230,93.994,4.857
2231,93.994,4.857
2232,93.994,4.857
2233,93.994,4.857
2234,93.994,4.857
2235,93.994,4.857
2236,93.994,4.857
2237,93.994,4.857
2238,93.994,4.857
2239,93.994,4.857
2240,93.994,4.857
2241,93.994,4.857
2242,93.994,4.857
2243,93.994,4.857
2244,93.994,4.857
2245,93.994,4.857
2246,93.994,4.857
2247,93.994,4.857
2248,93.994,4.857
2249,93.994,4.857
2250,93.994,4.857
2251,93.994,4.857
2252,93.994,4.857
2253,93.994,4.857
2254,93.994,4.857
2255,93.994,4.857
2256,93.994,4.857
2257,93.994,4.857
2258,93.994,4.857
2259,93.994,4.857
2260,93.994,4.857
2261,93.994,4.857
2262,93.994,4.857
2263,93.994,4.857
2264,93.994,4.857
2265,93.994,4.857
2266,93.994,4.857
2267,93.994,4.857
2268,93.994,4.857
2269,93.994,4.857
2270,93.994,4.857
2271,93.994,4.857
2272,93.994,4.857
2273,93.994,4.857
2274,93.994,4.857
2275,93.994,4.857
2276,93.994,4.857
2277,93.994,4.857
2278,93.994,4.857
2279,93.994,4.857
2280,93.994,4.857
2281,93.994,4.857
2282,93.994,4.857
2283,93.994,4.857
2284,93.994,4.857
2285,93.994,4.857
2286,93.994,4.857
2287,93.994,4.857
2288,93.994,4.857
2289,93.994,4.857
2290,93.994,4.857
2291,93.994,4.857
2292,93.994,4.857
2293,93.994,4.857
2294,93.994,4.857
2295,93.994,4.857
2296,93.994,4.857
2297,93.994,4.857
2298,93.994,4.857
2299,93.994,4.857
2300,93.994,4.857
2301,93.994,4.857
2302,93.994,4.857
2303,93.994,4.857
2304,93.994,4.857
2305,93.994,4.857
2306,93.994,4.857
2307,93.994,4.857
2308,93.994,4.857
2309,93.994,4.857
2310,93.994,4.857
2311,93.994,4.857
2312,93.994,4.857
2313,93.994,4.857
2314,93.994,4.857
2315,93.994,4.857
2316,93.994,4.857
2317,93.994,4.857
2318,93.994,4.857
2319,93.994,4.857
2320,93.994,4.857
2321,93.994,4.857
2322,93.994,4.857
2323,93.994,4.857
2324,93.994,4.857
2325,93.994,4.857
2326,93.994,4.857
2327,93.994,4.857
2328,93.994,4.857
2329,93.994,4.857
2330,93.994,4.857
2331,93.994,4.857
2332,93.994,4.857
2333,93.994,4.857
2334,93.994,4.857
2335,93.994,4.857
2336,93.994,4.857
2337,93.994,4.857
2338,93.994,4.857
2339,93.994,4.857
2340,93.994,4.857
2341,93.994,4.857
2342,93.994,4.857
2343,93.994,4.857
2344,93.994,4.857
2345,93.994,4.857
2346,93.994,4.857
2347,93.994,4.857
2348,93.994,4.857
2349,93.994,4.857
2350,93.994,4.857
2351,93.994,4.857
2352,93.994,4.857
2353,93.994,4.857
2354,93.994,4.857
2355,93.994,4.857
2356,93.994,4.857
2357,93.994,4.857
2358,93.994,4.857
2359,93.994,4.857
2360,93.994,4.857
2361,93.994,4.857
2362,93.994,4.857
2363,93.994,4.857
2364,93.994,4.857
2365,93.994,4.857
2366,93.994,4.857
2367,93.994,4.857
2368,93.994,4.857
2369,93.994,4.857
2370,93.994,4.857
2371,93.994,4.857
2372,93.994,4.857
2373,93.994,4.857
2374,93.994,4.857
2375,93.994,4.857
2376,93.994,4.857
2377,93.994,4.857
2378,93.994,4.857
2379,93.994,4.857
2380,93.994,4.857
2381,93.994,4.857
2382,93.994,4.857
2383,93.994,4.857
2384,93.994,4.857
2385,93.994,4.857
2386,93.994,4.857
2387,93.994,4.857
2388,93.994,4.857
2389,93.994,4.857
2390,93.994,4.857
2391,93.994,4.857
2392,93.994,4.857
2393,93.994,4.857
2394,93.994,4.857
2395,93.994,4.857
2396,93.994,4.857
2397,93.994,4.857
2398,93.994,4.857
2399,93.994,4.857
2400,93.994,4.857
2401,93.994,4.857
2402,93.994,4.857
2403,93.994,4.857
2404,93.994,4.857
2405,93.994,4.857
2406,93.994,4.857
2407,93.994,4.857
2408,93.994,4.857
2409,93.994,4.857
2410,93.994,4.857
2411,93.994,4.857
2412,93.994,4.857
2413,93.994,4.857
2414,93.994,4.857
2415,93.994,4.857
2416,93.994,4.857
2417,93.994,4.857
2418,93.994,4.857
2419,93.994,4.857
2420,93.994,4.857
2421,93.994,4.857
2422,93.994,4.857
2423,93.994,4.857
2424,93.994,4.857
2425,93.994,4.857
2426,93.994,4.857
2427,93.994,4.857
2428,93.994,4.857
2429,93.994,4.857
2430,93.994,4.857
2431,93.994,4.857
2432,93.994,4.857
2433,93.994,4.857
2434,93.994,4.857
2435,93.994,4.857
2436,93.994,4.857
2437,93.994,4.857
2438,93.994,4.857
2439,93.994,4.857
2440,93.994,4.857
2441,93.994,4.857
2442,93.994,4.857
2443,93.994,4.857
2444,93.994,4.857
2445,93.994,4.857
2446,93.994,4.857
2447,93.994,4.857
2448,93.994,4.857
2449,93.994,4.857
2450,93.994,4.857
2451,93.994,4.857
2452,93.994,4.857
2453,93.994,4.857
2454,93.994,4.857
2455,93.994,4.857
2456,93.994,4.857
2457,93.994,4.857
2458,93.994,4.857
2459,93.994,4.857
2460,93.994,4.857
2461,93.994,4.857
2462,93.994,4.857
2463,93.994,4.857
2464,93.994,4.857
2465,93.994,4.857
2466,93.994,4.857
2467,93.994,4.857
2468,93.994,4.857
2469,93.994,4.857
2470,93.994,4.857
2471,93.994,4.857
2472,93.994,4.857
2473,93.994,4.857
2474,93.994,4.857
2475,93.994,4.857
2476,93.994,4.857
2477,93.994,4.857
2478,93.994,4.857
2479,93.994,4.857
2480,93.994,4.857
2481,93.994,4.857
2482,93.994,4.857
2483,93.994,4.857
2484,93.994,4.857
2485,93.994,4.857
2486,93.994,4.857
2487,93.994,4.857
2488,93.994,4.857
2489,93.994,4.857
2490,93.994,4.857
2491,93.994,4.857
2492,93.994,4.857
2493,93.994,4.857
2494,93.994,4.857
2495,93.994,4.857
2496,93.994,4.857
2497,93.994,4.857
2498,93.994,4.857
2499,93.994,4.857
2500,93.994,4.857
2501,93.994,4.857
2502,93.994,4.857
2503,93.994,4.857
2504,93.994,4.857
2505,93.994,4.857
2506,93.994,4.857
2507,93.994,4.857
2508,93.994,4.857
2509,93.994,4.857
2510,93.994,4.857
2511,93.994,4.857
2512,93.994,4.857
2513,93.994,4.857
2514,93.994,4.857
2515,93.994,4.857
2516,93.994,4.857
2517,93.994,4.857
2518,93.994,4.857
2519,93.994,4.857
2520,93.994,4.857
2521,93.994,4.857
2522,93.994,4.857
2523,93.994,4.857
2524,93.994,4.857
2525,93.994,4.857
2526,93.994,4.857
2527,93.994,4.857
2528,93.994,4.857
2529,93.994,4.857
2530,93.994,4.857
2531,93.994,4.857
2532,93.994,4.857
2533,93.994,4.857
2534,93.994,4.857
2535,93.994,4.857
2536,93.994,4.857
2537,93.994,4.857
2538,93.994,4.857
2539,93.994,4.857
2540,93.994,4.857
2541,93.994,4.857
2542,93.994,4.857
2543,93.994,4.857
2544,93.994,4.857
2545,93.994,4.857
2546,93.994,4.857
2547,93.994,4.857
2548,93.994,4.857
2549,93.994,4.857
2550,93.994,4.857
2551,93.994,4.857
2552,93.994,4.857
2553,93.994,4.857
2554,93.994,4.857
2555,93.994,4.857
2556,93.994,4.857
2557,93.994,4.857
2558,93.994,4.857
2559,93.994,4.857
2560,93.994,4.857
2561,93.994,4.857
2562,93.994,4.857
2563,93.994,4.857
2564,93.994,4.857
2565,93.994,4.857
2566,93.994,4.857
2567,93.994,4.857
2568,93.994,4.857
2569,93.994,4.857
2570,93.994,4.857
2571,93.994,4.857
2572,93.994,4.857
2573,93.994,4.857
2574,93.994,4.857
2575,93.994,4.857
2576,93.994,4.857
2577,93.994,4.857
2578,93.994,4.857
2579,93.994,4.857
2580,93.994,4.857
2581,93.994,4.857
2582,93.994,4.857
2583,93.994,4.857
2584,93.994,4.857
2585,93.994,4.857
2586,93.994,4.857
2587,93.994,4.857
2588,93.994,4.857
2589,93.994,4.857
2590,93.994,4.857
2591,93.994,4.857
2592,93.994,4.857
2593,93.994,4.857
2594,93.994,4.857
2595,93.994,4.857
2596,93.994,4.857
2597,93.994,4.857
2598,93.994,4.857
2599,93.994,4.857
2600,93.994,4.857
2601,93.994,4.857
2602,93.994,4.857
2603,93.994,4.857
2604,93.994,4.857
2605,93.994,4.857
2606,93.994,4.857
2607,93.994,4.857
2608,93.994,4.857
2609,93.994,4.857
2610,93.994,4.857
2611,93.994,4.857
2612,93.994,4.857
2613,93.994,4.857
2614,93.994,4.857
2615,93.994,4.857
2616,93.994,4.857
2617,93.994,4.857
2618,93.994,4.857
2619,93.994,4.857
2620,93.994,4.857
2621,93.994,4.857
2622,93.994,4.857
2623,93.994,4.857
2624,93.994,4.857
2625,93.994,4.857
2626,93.994,4.857
2627,93.994,4.857
2628,93.994,4.857
2629,93.994,4.857
2630,93.994,4.857
2631,93.994,4.857
2632,93.994,4.857
2633,93.994,4.857
2634,93.994,4.857
2635,93.994,4.857
2636,93.994,4.857
2637,93.994,4.857
2638,93.994,4.857
2639,93.994,4.857
2640,93.994,4.857
2641,93.994,4.857
2642,93.994,4.857
2643,93.994,4.857
2644,93.994,4.857
2645,93.994,4.857
2646,93.994,4.857
2647,93.994,4.857
2648,93.994,4.857
2649,93.994,4.857
2650,93.994,4.857
2651,93.994,4.857
2652,93.994,4.857
2653,93.994,4.857
2654,93.994,4.857
2655,93.994,4.857
2656,93.994,4.857
2657,93.994,4.857
2658,93.994,4.857
2659,93.994,4.857
2660,93.994,4.857
2661,93.994,4.857
2662,93.994,4.857
2663,93.994,4.857
2664,93.994,4.857
2665,93.994,4.857
2666,93.994,4.857
2667,93.994,4.857
2668,93.994,4.857
2669,93.994,4.857
2670,93.994,4.857
2671,93.994,4.857
2672,93.994,4.857
2673,93.994,4.857
2674,93.994,4.857
2675,93.994,4.857
2676,93.994,4.857
2677,93.994,4.857
2678,93.994,4.857
2679,93.994,4.857
2680,93.994,4.857
2681,93.994,4.857
2682,93.994,4.857
2683,93.994,4.857
2684,93.994,4.857
2685,93.994,4.857
2686,93.994,4.857
2687,93.994,4.857
2688,93.994,4.857
2689,93.994,4.857
2690,93.994,4.857
2691,93.994,4.857
2692,93.994,4.857
2693,93.994,4.857
2694,93.994,4.857
2695,93.994,4.857
2696,93.994,4.857
2697,93.994,4.857
2698,93.994,4.857
2699,93.994,4.857
2700,93.994,4.857
2701,93.994,4.857
2702,93.994,4.857
2703,93.994,4.857
2704,93.994,4.857
2705,93.994,4.857
2706,93.994,4.857
2707,93.994,4.857
2708,93.994,4.857
2709,93.994,4.857
2710,93.994,4.857
2711,93.994,4.857
2712,93.994,4.857
2713,93.994,4.857
2714,93.994,4.857
2715,93.994,4.857
2716,93.994,4.857
2717,93.994,4.857
2718,93.994,4.857
2719,93.994,4.857
2720,93.994,4.857
2721,93.994,4.857
2722,93.994,4.857
2723,93.994,4.857
2724,93.994,4.857
2725,93.994,4.857
2726,93.994,4.857
2727,93.994,4.857
2728,93.994,4.857
2729,93.994,4.857
2730,93.994,4.857
2731,93.994,4.857
2732,93.994,4.857
2733,93.994,4.857
2734,93.994,4.857
2735,93.994,4.857
2736,93.994,4.857
2737,93.994,4.857
2738,93.994,4.857
2739,93.994,4.857
2740,93.994,4.857
2741,93.994,4.857
2742,93.994,4.857
2743,93.994,4.857
2744,93.994,4.857
2745,93.994,4.857
2746,93.994,4.857
2747,93.994,4.857
2748,93.994,4.857
2749,93.994,4.857
2750,93.994,4.857
2751,93.994,4.857
2752,93.994,4.857
2753,93.994,4.857
2754,93.994,4.857
2755,93.994,4.857
2756,93.994,4.857
2757,93.994,4.857
2758,93.994,4.857
2759,93.994,4.857
2760,93.994,4.857
2761,93.994,4.857
2762,93.994,4.857
2763,93.994,4.857
2764,93.994,4.857
2765,93.994,4.857
2766,93.994,4.857
2767,93.994,4.857
2768,93.994,4.857
2769,93.994,4.857
2770,93.994,4.86
2771,93.994,4.86
2772,93.994,4.86
2773,93.994,4.86
2774,93.994,4.86
2775,93.994,4.86
2776,93.994,4.86
2777,93.994,4.86
2778,93.994,4.86
2779,93.994,4.86
2780,93.994,4.86
2781,93.994,4.86
2782,93.994,4.86
2783,93.994,4.86
2784,93.994,4.86
2785,93.994,4.86
2786,93.994,4.86
2787,93.994,4.86
2788,93.994,4.86
2789,93.994,4.86
2790,93.994,4.86
2791,93.994,4.86
2792,93.994,4.86
2793,93.994,4.86
2794,93.994,4.86
2795,93.994,4.86
2796,93.994,4.86
2797,93.994,4.86
2798,93.994,4.86
2799,93.994,4.86
2800,93.994,4.86
2801,93.994,4.86
2802,93.994,4.86
2803,93.994,4.86
2804,93.994,4.86
2805,93.994,4.86
2806,93.994,4.86
2807,93.994,4.86
2808,93.994,4.86
2809,93.994,4.86
2810,93.994,4.86
2811,93.994,4.86
2812,93.994,4.86
2813,93.994,4.86
2814,93.994,4.86
2815,93.994,4.86
2816,93.994,4.86
2817,93.994,4.86
2818,93.994,4.86
2819,93.994,4.86
2820,93.994,4.86
2821,93.994,4.86
2822,93.994,4.86
2823,93.994,4.86
2824,93.994,4.86
2825,93.994,4.86
2826,93.994,4.86
2827,93.994,4.86
2828,93.994,4.86
2829,93.994,4.86
2830,93.994,4.86
2831,93.994,4.86
2832,93.994,4.86
2833,93.994,4.86
2834,93.994,4.86
2835,93.994,4.86
2836,93.994,4.86
2837,93.994,4.86
2838,93.994,4.86
2839,93.994,4.86
2840,93.994,4.86
2841,93.994,4.86
2842,93.994,4.86
2843,93.994,4.86
2844,93.994,4.86
2845,93.994,4.86
2846,93.994,4.86
2847,93.994,4.86
2848,93.994,4.86
2849,93.994,4.86
2850,93.994,4.86
2851,93.994,4.86
2852,93.994,4.86
2853,93.994,4.86
2854,93.994,4.86
2855,93.994,4.86
2856,93.994,4.86
2857,93.994,4.86
2858,93.994,4.86
2859,93.994,4.86
2860,93.994,4.86
2861,93.994,4.86
2862,93.994,4.86
2863,93.994,4.86
2864,93.994,4.86
2865,93.994,4.86
2866,93.994,4.86
2867,93.994,4.86
2868,93.994,4.86
2869,93.994,4.86
2870,93.994,4.86
2871,93.994,4.86
2872,93.994,4.86
2873,93.994,4.86
2874,93.994,4.86
2875,93.994,4.86
2876,93.994,4.86
2877,93.994,4.86
2878,93.994,4.86
2879,93.994,4.86
2880,93.994,4.86
2881,93.994,4.86
2882,93.994,4.86
2883,93.994,4.86
2884,93.994,4.86
2885,93.994,4.86
2886,93.994,4.86
2887,93.994,4.86
2888,93.994,4.86
2889,93.994,4.86
2890,93.994,4.86
2891,93.994,4.86
2892,93.994,4.86
2893,93.994,4.86
2894,93.994,4.86
2895,93.994,4.86
2896,93.994,4.86
2897,93.994,4.86
2898,93.994,4.86
2899,93.994,4.86
2900,93.994,4.86
2901,93.994,4.86
2902,93.994,4.86
2903,93.994,4.86
2904,93.994,4.86
2905,93.994,4.86
2906,93.994,4.86
2907,93.994,4.86
2908,93.994,4.86
2909,93.994,4.86
2910,93.994,4.86
2911,93.994,4.86
2912,93.994,4.86
2913,93.994,4.86
2914,93.994,4.86
2915,93.994,4.86
2916,93.994,4.86
2917,93.994,4.86
2918,93.994,4.86
2919,93.994,4.86
2920,93.994,4.86
2921,93.994,4.86
2922,93.994,4.86
2923,93.994,4.86
2924,93.994,4.86
2925,93.994,4.86
2926,93.994,4.86
2927,93.994,4.86
2928,93.994,4.86
2929,93.994,4.86
2930,93.994,4.86
2931,93.994,4.86
2932,93.994,4.86
2933,93.994,4.86
2934,93.994,4.86
2935,93.994,4.86
2936,93.994,4.86
2937,93.994,4.86
2938,93.994,4.86
2939,93.994,4.86
2940,93.994,4.86
2941,93.994,4.86
2942,93.994,4.86
2943,93.994,4.86
2944,93.994,4.86
2945,93.994,4.86
2946,93.994,4.86
2947,93.994,4.86
2948,93.994,4.86
2949,93.994,4.86
2950,93.994,4.86
2951,93.994,4.86
2952,93.994,4.86
2953,93.994,4.86
2954,93.994,4.86
2955,93.994,4.86
2956,93.994,4.86
2957,93.994,4.86
2958,93.994,4.86
2959,93.994,4.86
2960,93.994,4.86
2961,93.994,4.86
2962,93.994,4.86
2963,93.994,4.86
2964,93.994,4.86
2965,93.994,4.86
2966,93.994,4.86
2967,93.994,4.86
2968,93.994,4.86
2969,93.994,4.86
2970,93.994,4.86
2971,93.994,4.86
2972,93.994,4.86
2973,93.994,4.86
2974,93.994,4.86
2975,93.994,4.86
2976,93.994,4.86
2977,93.994,4.86
2978,93.994,4.86
2979,93.994,4.86
2980,93.994,4.86
2981,93.994,4.86
2982,93.994,4.86
2983,93.994,4.86
2984,93.994,4.86
2985,93.994,4.86
2986,93.994,4.86
2987,93.994,4.86
2988,93.994,4.86
2989,93.994,4.86
2990,93.994,4.86
2991,93.994,4.86
2992,93.994,4.86
2993,93.994,4.86
2994,93.994,4.86
2995,93.994,4.86
2996,93.994,4.86
2997,93.994,4.86
2998,93.994,4.86
2999,93.994,4.86
3000,93.994,4.86
3001,93.994,4.86
3002,93.994,4.86
3003,93.994,4.86
3004,93.994,4.86
3005,93.994,4.86
3006,93.994,4.86
3007,93.994,4.86
3008,93.994,4.86
3009,93.994,4.86
3010,93.994,4.86
3011,93.994,4.86
3012,93.994,4.86
3013,93.994,4.86
3014,93.994,4.86
3015,93.994,4.86
3016,93.994,4.86
3017,93.994,4.86
3018,93.994,4.86
3019,93.994,4.86
3020,93.994,4.86
3021,93.994,4.86
3022,93.994,4.86
3023,93.994,4.86
3024,93.994,4.86
3025,93.994,4.86
3026,93.994,4.86
3027,93.994,4.86
3028,93.994,4.86
3029,93.994,4.86
3030,93.994,4.86
3031,93.994,4.86
3032,93.994,4.86
3033,93.994,4.86
3034,93.994,4.86
3035,93.994,4.86
3036,93.994,4.86
3037,93.994,4.86
3038,93.994,4.86
3039,93.994,4.86
3040,93.994,4.86
3041,93.994,4.86
3042,93.994,4.86
3043,93.994,4.86
3044,93.994,4.86
3045,93.994,4.86
3046,93.994,4.86
3047,93.994,4.86
3048,93.994,4.86
3049,93.994,4.86
3050,93.994,4.86
3051,93.994,4.86
3052,93.994,4.86
3053,93.994,4.86
3054,93.994,4.86
3055,93.994,4.86
3056,93.994,4.86
3057,93.994,4.86
3058,93.994,4.86
3059,93.994,4.86
3060,93.994,4.86
3061,93.994,4.86
3062,93.994,4.86
3063,93.994,4.86
3064,93.994,4.86
3065,93.994,4.86
3066,93.994,4.86
3067,93.994,4.86
3068,93.994,4.86
3069,93.994,4.86
3070,93.994,4.86
3071,93.994,4.86
3072,93.994,4.86
3073,93.994,4.86
3074,93.994,4.86
3075,93.994,4.86
3076,93.994,4.86
3077,93.994,4.86
3078,93.994,4.86
3079,93.994,4.86
3080,93.994,4.86
3081,93.994,4.86
3082,93.994,4.86
3083,93.994,4.86
3084,93.994,4.86
3085,93.994,4.86
3086,93.994,4.86
3087,93.994,4.86
3088,93.994,4.86
3089,93.994,4.86
3090,93.994,4.86
3091,93.994,4.86
3092,93.994,4.86
3093,93.994,4.86
3094,93.994,4.86
3095,93.994,4.86
3096,93.994,4.86
3097,93.994,4.86
3098,93.994,4.86
3099,93.994,4.86
3100,93.994,4.86
3101,93.994,4.86
3102,93.994,4.86
3103,93.994,4.86
3104,93.994,4.86
3105,93.994,4.86
3106,93.994,4.86
3107,93.994,4.86
3108,93.994,4.86
3109,93.994,4.86
3110,93.994,4.86
3111,93.994,4.86
3112,93.994,4.86
3113,93.994,4.86
3114,93.994,4.86
3115,93.994,4.86
3116,93.994,4.86
3117,93.994,4.86
3118,93.994,4.86
3119,93.994,4.86
3120,93.994,4.86
3121,93.994,4.86
3122,93.994,4.86
3123,93.994,4.86
3124,93.994,4.86
3125,93.994,4.86
3126,93.994,4.86
3127,93.994,4.86
3128,93.994,4.86
3129,93.994,4.86
3130,93.994,4.86
3131,93.994,4.86
3132,93.994,4.86
3133,93.994,4.86
3134,93.994,4.86
3135,93.994,4.86
3136,93.994,4.86
3137,93.994,4.86
3138,93.994,4.86
3139,93.994,4.86
3140,93.994,4.86
3141,93.994,4.86
3142,93.994,4.86
3143,93.994,4.86
3144,93.994,4.86
3145,93.994,4.86
3146,93.994,4.86
3147,93.994,4.86
3148,93.994,4.86
3149,93.994,4.86
3150,93.994,4.86
3151,93.994,4.86
3152,93.994,4.86
3153,93.994,4.86
3154,93.994,4.86
3155,93.994,4.86
3156,93.994,4.86
3157,93.994,4.86
3158,93.994,4.86
3159,93.994,4.86
3160,93.994,4.86
3161,93.994,4.86
3162,93.994,4.86
3163,93.994,4.86
3164,93.994,4.86
3165,93.994,4.86
3166,93.994,4.86
3167,93.994,4.86
3168,93.994,4.86
3169,93.994,4.86
3170,93.994,4.86
3171,93.994,4.86
3172,93.994,4.86
3173,93.994,4.86
3174,93.994,4.86
3175,93.994,4.86
3176,93.994,4.86
3177,93.994,4.86
3178,93.994,4.86
3179,93.994,4.86
3180,93.994,4.86
3181,93.994,4.86
3182,93.994,4.86
3183,93.994,4.86
3184,93.994,4.86
3185,93.994,4.86
3186,93.994,4.86
3187,93.994,4.86
3188,93.994,4.86
3189,93.994,4.86
3190,93.994,4.86
3191,93.994,4.86
3192,93.994,4.86
3193,93.994,4.86
3194,93.994,4.86
3195,93.994,4.86
3196,93.994,4.86
3197,93.994,4.86
3198,93.994,4.86
3199,93.994,4.86
3200,93.994,4.86
3201,93.994,4.86
3202,93.994,4.86
3203,93.994,4.86
3204,93.994,4.86
3205,93.994,4.864
3206,93.994,4.864
3207,93.994,4.864
3208,93.994,4.864
3209,93.994,4.864
3210,93.994,4.864
3211,93.994,4.864
3212,93.994,4.864
3213,93.994,4.864
3214,93.994,4.864
3215,93.994,4.864
3216,93.994,4.864
3217,93.994,4.864
3218,93.994,4.864
3219,93.994,4.864
3220,93.994,4.864
3221,93.994,4.864
3222,93.994,4.864
3223,93.994,4.864
3224,93.994,4.864
3225,93.994,4.864
3226,93.994,4.864
3227,93.994,4.864
3228,93.994,4.864
3229,93.994,4.864
3230,93.994,4.864
3231,93.994,4.864
3232,93.994,4.864
3233,93.994,4.864
3234,93.994,4.864
3235,93.994,4.864
3236,93.994,4.864
3237,93.994,4.864
3238,93.994,4.864
3239,93.994,4.864
3240,93.994,4.864
3241,93.994,4.864
3242,93.994,4.864
3243,93.994,4.864
3244,93.994,4.864
3245,93.994,4.864
3246,93.994,4.864
3247,93.994,4.864
3248,93.994,4.864
3249,93.994,4.864
3250,93.994,4.864
3251,93.994,4.864
3252,93.994,4.864
3253,93.994,4.864
3254,93.994,4.864
3255,93.994,4.864
3256,93.994,4.864
3257,93.994,4.864
3258,93.994,4.864
3259,93.994,4.864
3260,93.994,4.864
3261,93.994,4.864
3262,93.994,4.864
3263,93.994,4.864
3264,93.994,4.864
3265,93.994,4.864
3266,93.994,4.864
3267,93.994,4.864
3268,93.994,4.864
3269,93.994,4.864
3270,93.994,4.864
3271,93.994,4.864
3272,93.994,4.864
3273,93.994,4.864
3274,93.994,4.864
3275,93.994,4.864
3276,93.994,4.864
3277,93.994,4.864
3278,93.994,4.864
3279,93.994,4.864
3280,93.994,4.864
3281,93.994,4.864
3282,93.994,4.864
3283,93.994,4.864
3284,93.994,4.864
3285,93.994,4.864
3286,93.994,4.864
3287,93.994,4.864
3288,93.994,4.864
3289,93.994,4.864
3290,93.994,4.864
3291,93.994,4.864
3292,93.994,4.864
3293,93.994,4.864
3294,93.994,4.864
3295,93.994,4.864
3296,93.994,4.864
3297,93.994,4.864
3298,93.994,4.864
3299,93.994,4.864
3300,93.994,4.864
3301,93.994,4.864
3302,93.994,4.864
3303,93.994,4.864
3304,93.994,4.864
3305,93.994,4.864
3306,93.994,4.864
3307,93.994,4.864
3308,93.994,4.864
3309,93.994,4.864
3310,93.994,4.864
3311,93.994,4.864
3312,93.994,4.864
3313,93.994,4.864
3314,93.994,4.864
3315,93.994,4.864
3316,93.994,4.864
3317,93.994,4.864
3318,93.994,4.864
3319,93.994,4.864
3320,93.994,4.864
3321,93.994,4.864
3322,93.994,4.864
3323,93.994,4.864
3324,93.994,4.864
3325,93.994,4.864
3326,93.994,4.864
3327,93.994,4.864
3328,93.994,4.864
3329,93.994,4.864
3330,93.994,4.864
3331,93.994,4.864
3332,93.994,4.864
3333,93.994,4.864
3334,93.994,4.864
3335,93.994,4.864
3336,93.994,4.864
3337,93.994,4.864
3338,93.994,4.864
3339,93.994,4.864
3340,93.994,4.864
3341,93.994,4.864
3342,93.994,4.864
3343,93.994,4.864
3344,93.994,4.864
3345,93.994,4.864
3346,93.994,4.864
3347,93.994,4.864
3348,93.994,4.864
3349,93.994,4.864
3350,93.994,4.864
3351,93.994,4.864
3352,93.994,4.864
3353,93.994,4.864
3354,93.994,4.864
3355,93.994,4.864
3356,93.994,4.864
3357,93.994,4.864
3358,93.994,4.864
3359,93.994,4.864
3360,93.994,4.864
3361,93.994,4.864
3362,93.994,4.864
3363,93.994,4.864
3364,93.994,4.864
3365,93.994,4.864
3366,93.994,4.864
3367,93.994,4.864
3368,93.994,4.864
3369,93.994,4.864
3370,93.994,4.864
3371,93.994,4.864
3372,93.994,4.864
3373,93.994,4.864
3374,93.994,4.864
3375,93.994,4.864
3376,93.994,4.864
3377,93.994,4.864
3378,93.994,4.864
3379,93.994,4.864
3380,93.994,4.864
3381,93.994,4.864
3382,93.994,4.864
3383,93.994,4.864
3384,93.994,4.864
3385,93.994,4.864
3386,93.994,4.864
3387,93.994,4.864
3388,93.994,4.864
3389,93.994,4.864
3390,93.994,4.864
3391,93.994,4.864
3392,93.994,4.864
3393,93.994,4.864
3394,93.994,4.864
3395,93.994,4.864
3396,93.994,4.864
3397,93.994,4.864
3398,93.994,4.864
3399,93.994,4.864
3400,93.994,4.864
3401,93.994,4.864
3402,93.994,4.864
3403,93.994,4.864
3404,93.994,4.864
3405,93.994,4.864
3406,93.994,4.864
3407,93.994,4.864
3408,93.994,4.864
3409,93.994,4.864
3410,93.994,4.864
3411,93.994,4.864
3412,93.994,4.864
3413,93.994,4.864
3414,93.994,4.864
3415,93.994,4.864
3416,93.994,4.864
3417,93.994,4.864
3418,93.994,4.864
3419,93.994,4.864
3420,93.994,4.864
3421,93.994,4.864
3422,93.994,4.864
3423,93.994,4.864
3424,93.994,4.864
3425,93.994,4.864
3426,93.994,4.864
3427,93.994,4.864
3428,93.994,4.864
3429,93.994,4.864
3430,93.994,4.864
3431,93.994,4.864
3432,93.994,4.864
3433,93.994,4.864
3434,93.994,4.864
3435,93.994,4.864
3436,93.994,4.864
3437,93.994,4.864
3438,93.994,4.864
3439,93.994,4.864
3440,93.994,4.864
3441,93.994,4.864
3442,93.994,4.864
3443,93.994,4.864
3444,93.994,4.864
3445,93.994,4.864
3446,93.994,4.864
3447,93.994,4.864
3448,93.994,4.864
3449,93.994,4.864
3450,93.994,4.864
3451,93.994,4.864
3452,93.994,4.864
3453,93.994,4.864
3454,93.994,4.864
3455,93.994,4.864
3456,93.994,4.864
3457,93.994,4.864
3458,93.994,4.864
3459,93.994,4.864
3460,93.994,4.864
3461,93.994,4.864
3462,93.994,4.864
3463,93.994,4.864
3464,93.994,4.864
3465,93.994,4.864
3466,93.994,4.864
3467,93.994,4.864
3468,93.994,4.864
3469,93.994,4.864
3470,93.994,4.864
3471,93.994,4.864
3472,93.994,4.864
3473,93.994,4.864
3474,93.994,4.864
3475,93.994,4.864
3476,93.994,4.864
3477,93.994,4.864
3478,93.994,4.864
3479,93.994,4.864
3480,93.994,4.864
3481,93.994,4.864
3482,93.994,4.864
3483,93.994,4.864
3484,93.994,4.864
3485,93.994,4.864
3486,93.994,4.864
3487,93.994,4.864
3488,93.994,4.864
3489,93.994,4.864
3490,93.994,4.864
3491,93.994,4.864
3492,93.994,4.864
3493,93.994,4.864
3494,93.994,4.864
3495,93.994,4.864
3496,93.994,4.864
3497,93.994,4.864
3498,93.994,4.864
3499,93.994,4.864
3500,93.994,4.864
3501,93.994,4.864
3502,93.994,4.864
3503,93.994,4.864
3504,93.994,4.864
3505,93.994,4.864
3506,93.994,4.864
3507,93.994,4.864
3508,93.994,4.864
3509,93.994,4.864
3510,93.994,4.864
3511,93.994,4.864
3512,93.994,4.864
3513,93.994,4.864
3514,93.994,4.864
3515,93.994,4.864
3516,93.994,4.864
3517,93.994,4.864
3518,93.994,4.864
3519,93.994,4.864
3520,93.994,4.864
3521,93.994,4.864
3522,93.994,4.864
3523,93.994,4.864
3524,93.994,4.864
3525,93.994,4.864
3526,93.994,4.864
3527,93.994,4.864
3528,93.994,4.864
3529,93.994,4.864
3530,93.994,4.864
3531,93.994,4.864
3532,93.994,4.864
3533,93.994,4.864
3534,93.994,4.864
3535,93.994,4.864
3536,93.994,4.864
3537,93.994,4.864
3538,93.994,4.864
3539,93.994,4.864
3540,93.994,4.864
3541,93.994,4.864
3542,93.994,4.864
3543,93.994,4.864
3544,93.994,4.864
3545,93.994,4.864
3546,93.994,4.864
3547,93.994,4.864
3548,93.994,4.864
3549,93.994,4.864
3550,93.994,4.864
3551,93.994,4.864
3552,93.994,4.864
3553,93.994,4.864
3554,93.994,4.864
3555,93.994,4.864
3556,93.994,4.864
3557,93.994,4.864
3558,93.994,4.864
3559,93.994,4.864
3560,93.994,4.864
3561,93.994,4.864
3562,93.994,4.864
3563,93.994,4.864
3564,93.994,4.864
3565,93.994,4.864
3566,93.994,4.864
3567,93.994,4.864
3568,93.994,4.864
3569,93.994,4.864
3570,93.994,4.864
3571,93.994,4.864
3572,93.994,4.864
3573,93.994,4.864
3574,93.994,4.864
3575,93.994,4.864
3576,93.994,4.864
3577,93.994,4.864
3578,93.994,4.864
3579,93.994,4.864
3580,93.994,4.864
3581,93.994,4.864
3582,93.994,4.864
3583,93.994,4.864
3584,93.994,4.864
3585,93.994,4.864
3586,93.994,4.864
3587,93.994,4.864
3588,93.994,4.864
3589,93.994,4.864
3590,93.994,4.864
3591,93.994,4.864
3592,93.994,4.864
3593,93.994,4.864
3594,93.994,4.864
3595,93.994,4.864
3596,93.994,4.864
3597,93.994,4.864
3598,93.994,4.864
3599,93.994,4.864
3600,93.994,4.864
3601,93.994,4.864
3602,93.994,4.864
3603,93.994,4.864
3604,93.994,4.864
3605,93.994,4.864
3606,93.994,4.864
3607,93.994,4.864
3608,93.994,4.864
3609,93.994,4.864
3610,93.994,4.864
3611,93.994,4.864
3612,93.994,4.864
3613,93.994,4.864
3614,93.994,4.864
3615,93.994,4.864
3616,93.994,4.864
3617,93.994,4.864
3618,93.994,4.864
3619,93.994,4.864
3620,93.994,4.864
3621,93.994,4.864
3622,93.994,4.864
3623,93.994,4.864
3624,93.994,4.864
3625,93.994,4.864
3626,93.994,4.864
3627,93.994,4.864
3628,93.994,4.864
3629,93.994,4.864
3630,93.994,4.864
3631,93.994,4.864
3632,93.994,4.864
3633,93.994,4.864
3634,93.994,4.864
3635,93.994,4.864
3636,93.994,4.864
3637,93.994,4.864
3638,93.994,4.864
3639,93.994,4.864
3640,93.994,4.864
3641,93.994,4.864
3642,93.994,4.864
3643,93.994,4.864
3644,94.465,4.865
3645,94.465,4.865
3646,94.465,4.865
3647,94.465,4.865
3648,94.465,4.865
3649,94.465,4.865
3650,94.465,4.865
3651,94.465,4.865
3652,94.465,4.865
3653,94.465,4.865
3654,94.465,4.865
3655,94.465,4.865
3656,94.465,4.865
3657,94.465,4.865
3658,94.465,4.865
3659,94.465,4.865
3660,94.465,4.865
3661,94.465,4.865
3662,94.465,4.865
3663,94.465,4.865
3664,94.465,4.865
3665,94.465,4.865
3666,94.465,4.865
3667,94.465,4.865
3668,94.465,4.865
3669,94.465,4.865
3670,94.465,4.865
3671,94.465,4.865
3672,94.465,4.865
3673,94.465,4.865
3674,94.465,4.865
3675,94.465,4.865
3676,94.465,4.865
3677,94.465,4.865
3678,94.465,4.865
3679,94.465,4.865
3680,94.465,4.865
3681,94.465,4.865
3682,94.465,4.865
3683,94.465,4.865
3684,94.465,4.865
3685,94.465,4.865
3686,94.465,4.865
3687,94.465,4.865
3688,94.465,4.865
3689,94.465,4.865
3690,94.465,4.865
3691,94.465,4.865
3692,94.465,4.865
3693,94.465,4.865
3694,94.465,4.865
3695,94.465,4.865
3696,94.465,4.865
3697,94.465,4.865
3698,94.465,4.865
3699,94.465,4.865
3700,94.465,4.865
3701,94.465,4.865
3702,94.465,4.865
3703,94.465,4.865
3704,94.465,4.865
3705,94.465,4.865
3706,94.465,4.865
3707,94.465,4.865
3708,94.465,4.865
3709,94.465,4.865
3710,94.465,4.865
3711,94.465,4.865
3712,94.465,4.865
3713,94.465,4.865
3714,94.465,4.865
3715,94.465,4.865
3716,94.465,4.865
3717,94.465,4.865
3718,94.465,4.865
3719,94.465,4.865
3720,94.465,4.865
3721,94.465,4.865
3722,94.465,4.865
3723,94.465,4.865
3724,94.465,4.865
3725,94.465,4.865
3726,94.465,4.865
3727,94.465,4.865
3728,94.465,4.865
3729,94.465,4.865
3730,94.465,4.865
3731,94.465,4.865
3732,94.465,4.865
3733,94.465,4.865
3734,94.465,4.865
3735,94.465,4.865
3736,94.465,4.865
3737,94.465,4.865
3738,94.465,4.865
3739,94.465,4.865
3740,94.465,4.865
3741,94.465,4.865
3742,94.465,4.865
3743,94.465,4.865
3744,94.465,4.865
3745,94.465,4.865
3746,94.465,4.865
3747,94.465,4.865
3748,94.465,4.865
3749,94.465,4.865
3750,94.465,4.865
3751,94.465,4.865
3752,94.465,4.865
3753,94.465,4.865
3754,94.465,4.865
3755,94.465,4.865
3756,94.465,4.865
3757,94.465,4.865
3758,94.465,4.865
3759,94.465,4.865
3760,94.465,4.865
3761,94.465,4.865
3762,94.465,4.865
3763,94.465,4.865
3764,94.465,4.865
3765,94.465,4.865
3766,94.465,4.865
3767,94.465,4.865
3768,94.465,4.865
3769,94.465,4.865
3770,94.465,4.865
3771,94.465,4.865
3772,94.465,4.865
3773,94.465,4.865
3774,94.465,4.865
3775,94.465,4.865
3776,94.465,4.865
3777,94.465,4.865
3778,94.465,4.865
3779,94.465,4.865
3780,94.465,4.865
3781,94.465,4.865
3782,94.465,4.865
3783,94.465,4.865
3784,94.465,4.865
3785,94.465,4.865
3786,94.465,4.865
3787,94.465,4.865
3788,94.465,4.865
3789,94.465,4.865
3790,94.465,4.865
3791,94.465,4.865
3792,94.465,4.865
3793,94.465,4.865
3794,94.465,4.865
3795,94.465,4.865
3796,94.465,4.865
3797,94.465,4.865
3798,94.465,4.865
3799,94.465,4.865
3800,94.465,4.865
3801,94.465,4.865
3802,94.465,4.865
3803,94.465,4.865
3804,94.465,4.865
3805,94.465,4.865
3806,94.465,4.865
3807,94.465,4.865
3808,94.465,4.865
3809,94.465,4.865
3810,94.465,4.865
3811,94.465,4.865
3812,94.465,4.865
3813,94.465,4.865
3814,94.465,4.865
3815,94.465,4.865
3816,94.465,4.865
3817,94.465,4.865
3818,94.465,4.865
3819,94.465,4.865
3820,94.465,4.865
3821,94.465,4.865
3822,94.465,4.865
3823,94.465,4.865
3824,94.465,4.865
3825,94.465,4.865
3826,94.465,4.865
3827,94.465,4.865
3828,94.465,4.865
3829,94.465,4.865
3830,94.465,4.865
3831,94.465,4.865
3832,94.465,4.865
3833,94.465,4.865
3834,94.465,4.865
3835,94.465,4.865
3836,94.465,4.865
3837,94.465,4.865
3838,94.465,4.865
3839,94.465,4.865
3840,94.465,4.865
3841,94.465,4.865
3842,94.465,4.865
3843,94.465,4.865
3844,94.465,4.865
3845,94.465,4.865
3846,94.465,4.865
3847,94.465,4.865
3848,94.465,4.865
3849,94.465,4.865
3850,94.465,4.865
3851,94.465,4.865
3852,94.465,4.865
3853,94.465,4.865
3854,94.465,4.865
3855,94.465,4.865
3856,94.465,4.865
3857,94.465,4.865
3858,94.465,4.865
3859,94.465,4.865
3860,94.465,4.865
3861,94.465,4.865
3862,94.465,4.865
3863,94.465,4.865
3864,94.465,4.865
3865,94.465,4.865
3866,94.465,4.865
3867,94.465,4.865
3868,94.465,4.865
3869,94.465,4.865
3870,94.465,4.865
3871,94.465,4.865
3872,94.465,4.865
3873,94.465,4.865
3874,94.465,4.865
3875,94.465,4.865
3876,94.465,4.865
3877,94.465,4.865
3878,94.465,4.865
3879,94.465,4.865
3880,94.465,4.865
3881,94.465,4.865
3882,94.465,4.865
3883,94.465,4.865
3884,94.465,4.865
3885,94.465,4.865
3886,94.465,4.865
3887,94.465,4.865
3888,94.465,4.865
3889,94.465,4.865
3890,94.465,4.865
3891,94.465,4.865
3892,94.465,4.865
3893,94.465,4.865
3894,94.465,4.865
3895,94.465,4.865
3896,94.465,4.865
3897,94.465,4.865
3898,94.465,4.865
3899,94.465,4.865
3900,94.465,4.865
3901,94.465,4.865
3902,94.465,4.865
3903,94.465,4.865
3904,94.465,4.865
3905,94.465,4.865
3906,94.465,4.865
3907,94.465,4.865
3908,94.465,4.865
3909,94.465,4.865
3910,94.465,4.865
3911,94.465,4.865
3912,94.465,4.865
3913,94.465,4.865
3914,94.465,4.865
3915,94.465,4.865
3916,94.465,4.865
3917,94.465,4.865
3918,94.465,4.865
3919,94.465,4.865
3920,94.465,4.865
3921,94.465,4.865
3922,94.465,4.865
3923,94.465,4.865
3924,94.465,4.865
3925,94.465,4.865
3926,94.465,4.865
3927,94.465,4.865
3928,94.465,4.865
3929,94.465,4.865
3930,94.465,4.865
3931,94.465,4.865
3932,94.465,4.865
3933,94.465,4.865
3934,94.465,4.865
3935,94.465,4.865
3936,94.465,4.865
3937,94.465,4.865
3938,94.465,4.865
3939,94.465,4.865
3940,94.465,4.865
3941,94.465,4.865
3942,94.465,4.865
3943,94.465,4.865
3944,94.465,4.865
3945,94.465,4.865
3946,94.465,4.865
3947,94.465,4.865
3948,94.465,4.865
3949,94.465,4.865
3950,94.465,4.865
3951,94.465,4.865
3952,94.465,4.865
3953,94.465,4.865
3954,94.465,4.865
3955,94.465,4.865
3956,94.465,4.865
3957,94.465,4.865
3958,94.465,4.865
3959,94.465,4.865
3960,94.465,4.865
3961,94.465,4.865
3962,94.465,4.865
3963,94.465,4.865
3964,94.465,4.865
3965,94.465,4.865
3966,94.465,4.865
3967,94.465,4.865
3968,94.465,4.865
3969,94.465,4.865
3970,94.465,4.865
3971,94.465,4.865
3972,94.465,4.865
3973,94.465,4.865
3974,94.465,4.865
3975,94.465,4.865
3976,94.465,4.865
3977,94.465,4.865
3978,94.465,4.865
3979,94.465,4.865
3980,94.465,4.865
3981,94.465,4.865
3982,94.465,4.865
3983,94.465,4.865
3984,94.465,4.865
3985,94.465,4.865
3986,94.465,4.865
3987,94.465,4.865
3988,94.465,4.865
3989,94.465,4.865
3990,94.465,4.865
3991,94.465,4.865
3992,94.465,4.865
3993,94.465,4.865
3994,94.465,4.865
3995,94.465,4.865
3996,94.465,4.865
3997,94.465,4.865
3998,94.465,4.865
3999,94.465,4.865
4000,94.465,4.865
4001,94.465,4.865
4002,94.465,4.865
4003,94.465,4.865
4004,94.465,4.865
4005,94.465,4.865
4006,94.465,4.865
4007,94.465,4.865
4008,94.465,4.865
4009,94.465,4.865
4010,94.465,4.865
4011,94.465,4.865
4012,94.465,4.865
4013,94.465,4.865
4014,94.465,4.865
4015,94.465,4.865
4016,94.465,4.865
4017,94.465,4.864
4018,94.465,4.864
4019,94.465,4.864
4020,94.465,4.864
4021,94.465,4.864
4022,94.465,4.864
4023,94.465,4.864
4024,94.465,4.864
4025,94.465,4.864
4026,94.465,4.864
4027,94.465,4.864
4028,94.465,4.864
4029,94.465,4.864
4030,94.465,4.864
4031,94.465,4.864
4032,94.465,4.864
4033,94.465,4.864
4034,94.465,4.864
4035,94.465,4.864
4036,94.465,4.864
4037,94.465,4.864
4038,94.465,4.864
4039,94.465,4.864
4040,94.465,4.864
4041,94.465,4.864
4042,94.465,4.864
4043,94.465,4.864
4044,94.465,4.864
4045,94.465,4.864
4046,94.465,4.864
4047,94.465,4.864
4048,94.465,4.864
4049,94.465,4.864
4050,94.465,4.864
4051,94.465,4.864
4052,94.465,4.864
4053,94.465,4.864
4054,94.465,4.864
4055,94.465,4.864
4056,94.465,4.864
4057,94.465,4.864
4058,94.465,4.864
4059,94.465,4.864
4060,94.465,4.864
4061,94.465,4.864
4062,94.465,4.864
4063,94.465,4.864
4064,94.465,4.864
4065,94.465,4.864
4066,94.465,4.864
4067,94.465,4.864
4068,94.465,4.864
4069,94.465,4.864
4070,94.465,4.864
4071,94.465,4.864
4072,94.465,4.864
4073,94.465,4.864
4074,94.465,4.864
4075,94.465,4.864
4076,94.465,4.864
4077,94.465,4.864
4078,94.465,4.864
4079,94.465,4.864
4080,94.465,4.864
4081,94.465,4.864
4082,94.465,4.864
4083,94.465,4.864
4084,94.465,4.864
4085,94.465,4.864
4086,94.465,4.864
4087,94.465,4.864
4088,94.465,4.864
4089,94.465,4.864
4090,94.465,4.864
4091,94.465,4.864
4092,94.465,4.864
4093,94.465,4.864
4094,94.465,4.864
4095,94.465,4.864
4096,94.465,4.864
4097,94.465,4.864
4098,94.465,4.864
4099,94.465,4.864
4100,94.465,4.864
4101,94.465,4.864
4102,94.465,4.864
4103,94.465,4.864
4104,94.465,4.864
4105,94.465,4.864
4106,94.465,4.864
4107,94.465,4.864
4108,94.465,4.864
4109,94.465,4.864
4110,94.465,4.864
4111,94.465,4.864
4112,94.465,4.864
4113,94.465,4.864
4114,94.465,4.864
4115,94.465,4.864
4116,94.465,4.864
4117,94.465,4.864
4118,94.465,4.864
0,94.465,4.864
1,94.465,4.864
2,94.465,4.864
3,94.465,4.864
4,94.465,4.864
5,94.465,4.864
6,94.465,4.864
7,94.465,4.864
8,94.465,4.864
9,94.465,4.864
10,94.465,4.864
11,94.465,4.864
12,94.465,4.864
13,94.465,4.864
14,94.465,4.864
15,94.465,4.864
16,94.465,4.864
17,94.465,4.864
18,94.465,4.864
19,94.465,4.864
20,94.465,4.864
21,94.465,4.864
22,94.465,4.864
23,94.465,4.864
24,94.465,4.864
25,94.465,4.864
26,94.465,4.864
27,94.465,4.864
28,94.465,4.864
29,94.465,4.864
30,94.465,4.864
31,94.465,4.864
32,94.465,4.864
33,94.465,4.864
34,94.465,4.864
35,94.465,4.864
36,94.465,4.864
37,94.465,4.864
38,94.465,4.864
39,94.465,4.864
40,94.465,4.864
41,94.465,4.864
42,94.465,4.864
43,94.465,4.864
44,94.465,4.864
45,94.465,4.864
46,94.465,4.864
47,94.465,4.864
48,94.465,4.864
49,94.465,4.864
50,94.465,4.864
51,94.465,4.864
52,94.465,4.864
53,94.465,4.864
54,94.465,4.864
55,94.465,4.864
56,94.465,4.864
57,94.465,4.864
58,94.465,4.864
59,94.465,4.864
60,94.465,4.864
61,94.465,4.864
62,94.465,4.864
63,94.465,4.864
64,94.465,4.864
65,94.465,4.864
66,94.465,4.864
67,94.465,4.864
68,94.465,4.864
69,94.465,4.864
70,94.465,4.864
71,94.465,4.864
72,94.465,4.864
73,94.465,4.864
74,94.465,4.864
75,94.465,4.864
76,94.465,4.864
77,94.465,4.864
78,94.465,4.864
79,94.465,4.864
80,94.465,4.864
81,94.465,4.864
82,94.465,4.864
83,94.465,4.864
84,94.465,4.864
85,94.465,4.864
86,94.465,4.864
87,94.465,4.864
88,94.465,4.864
89,94.465,4.864
90,94.465,4.864
91,94.465,4.864
92,94.465,4.864
93,94.465,4.864
94,94.465,4.864
95,94.465,4.864
96,94.465,4.864
97,94.465,4.864
98,94.465,4.864
99,94.465,4.864
100,94.465,4.864
101,94.465,4.864
102,94.465,4.864
103,94.465,4.864
104,94.465,4.864
105,94.465,4.864
106,94.465,4.864
107,94.465,4.864
108,94.465,4.864
109,94.465,4.864
110,94.465,4.864
111,94.465,4.864
112,94.465,4.864
113,94.465,4.864
114,94.465,4.864
115,94.465,4.864
116,94.465,4.864
117,94.465,4.864
118,94.465,4.864
119,94.465,4.864
120,94.465,4.864
121,94.465,4.864
122,94.465,4.864
123,94.465,4.864
124,94.465,4.864
125,94.465,4.864
126,94.465,4.864
127,94.465,4.864
128,94.465,4.864
129,94.465,4.864
130,94.465,4.864
131,94.465,4.864
132,94.465,4.864
133,94.465,4.864
134,94.465,4.864
135,94.465,4.864
136,94.465,4.864
137,94.465,4.864
138,94.465,4.864
139,94.465,4.864
140,94.465,4.864
141,94.465,4.864
142,94.465,4.864
143,94.465,4.864
144,94.465,4.864
145,94.465,4.864
146,94.465,4.864
147,94.465,4.864
148,94.465,4.864
149,94.465,4.864
150,94.465,4.864
151,94.465,4.864
152,94.465,4.864
153,94.465,4.864
154,94.465,4.864
155,94.465,4.864
156,94.465,4.864
157,94.465,4.864
158,94.465,4.864
159,94.465,4.864
160,94.465,4.864
161,94.465,4.864
162,94.465,4.864
163,94.465,4.864
164,94.465,4.864
165,94.465,4.864
166,94.465,4.864
167,94.465,4.864
168,94.465,4.864
169,94.465,4.864
170,94.465,4.864
171,94.465,4.864
172,94.465,4.864
173,94.465,4.864
174,94.465,4.864
175,94.465,4.864
176,94.465,4.864
177,94.465,4.864
178,94.465,4.864
179,94.465,4.864
180,94.465,4.864
181,94.465,4.864
182,94.465,4.864
183,94.465,4.864
184,94.465,4.864
185,94.465,4.864
186,94.465,4.864
187,94.465,4.864
188,94.465,4.864
189,94.465,4.864
190,94.465,4.864
191,94.465,4.864
192,94.465,4.864
193,94.465,4.864
194,94.465,4.864
195,94.465,4.864
196,94.465,4.864
197,94.465,4.864
198,94.465,4.864
199,94.465,4.864
200,94.465,4.864
201,94.465,4.864
202,94.465,4.864
203,94.465,4.864
204,94.465,4.864
205,94.465,4.864
206,94.465,4.864
207,94.465,4.864
208,94.465,4.864
209,94.465,4.864
210,94.465,4.864
211,94.465,4.864
212,94.465,4.864
213,94.465,4.864
214,94.465,4.864
215,94.465,4.864
216,94.465,4.864
217,94.465,4.864
218,94.465,4.864
219,94.465,4.864
220,94.465,4.864
221,94.465,4.864
222,94.465,4.864
223,94.465,4.864
224,94.465,4.864
225,94.465,4.864
226,94.465,4.864
227,94.465,4.864
228,94.465,4.864
229,94.465,4.864
230,94.465,4.864
231,94.465,4.864
232,94.465,4.864
233,94.465,4.864
234,94.465,4.864
235,94.465,4.864
236,94.465,4.864
237,94.465,4.864
238,94.465,4.864
239,94.465,4.864
240,94.465,4.864
241,94.465,4.864
242,94.465,4.864
243,94.465,4.864
244,94.465,4.864
245,94.465,4.864
246,94.465,4.864
247,94.465,4.864
248,94.465,4.864
249,94.465,4.864
250,94.465,4.864
251,94.465,4.864
252,94.465,4.864
253,94.465,4.864
254,94.465,4.864
255,94.465,4.864
256,94.465,4.864
257,94.465,4.864
258,94.465,4.864
259,94.465,4.864
260,94.465,4.864
261,94.465,4.864
262,94.465,4.864
263,94.465,4.864
264,94.465,4.864
265,94.465,4.864
266,94.465,4.864
267,94.465,4.864
268,94.465,4.864
269,94.465,4.864
270,94.465,4.864
271,94.465,4.864
272,94.465,4.864
273,94.465,4.864
274,94.465,4.864
275,94.465,4.864
276,94.465,4.864
277,94.465,4.864
278,94.465,4.864
279,94.465,4.864
280,94.465,4.864
281,94.465,4.864
282,94.465,4.864
283,94.465,4.864
284,94.465,4.864
285,94.465,4.864
286,94.465,4.864
287,94.465,4.864
288,94.465,4.864
289,94.465,4.864
290,94.465,4.864
291,94.465,4.864
292,94.465,4.864
293,94.465,4.864
294,94.465,4.864
295,94.465,4.864
296,94.465,4.864
297,94.465,4.864
298,94.465,4.864
299,94.465,4.864
300,94.465,4.864
301,94.465,4.864
302,94.465,4.864
303,94.465,4.864
304,94.465,4.864
305,94.465,4.864
306,94.465,4.864
307,94.465,4.864
308,94.465,4.864
309,94.465,4.864
310,94.465,4.864
311,94.465,4.864
312,94.465,4.864
313,94.465,4.864
314,94.465,4.864
315,94.465,4.864
316,94.465,4.864
317,94.465,4.864
318,94.465,4.864
319,94.465,4.864
320,94.465,4.864
321,94.465,4.864
322,94.465,4.864
323,94.465,4.864
324,94.465,4.864
325,94.465,4.864
326,94.465,4.864
327,94.465,4.864
328,94.465,4.864
329,94.465,4.864
330,94.465,4.864
331,94.465,4.864
332,94.465,4.864
333,94.465,4.864
334,94.465,4.864
335,94.465,4.864
336,94.465,4.864
337,94.465,4.864
338,94.465,4.864
339,94.465,4.864
340,94.465,4.864
341,94.465,4.864
342,94.465,4.864
343,94.465,4.864
344,94.465,4.864
345,94.465,4.864
346,94.465,4.864
347,94.465,4.864
348,94.465,4.864
349,94.465,4.864
350,94.465,4.864
351,94.465,4.864
352,94.465,4.864
353,94.465,4.864
354,94.465,4.864
355,94.465,4.864
356,94.465,4.864
357,94.465,4.864
358,94.465,4.864
359,94.465,4.864
360,94.465,4.864
361,94.465,4.864
362,94.465,4.864
363,94.465,4.864
364,94.465,4.864
365,94.465,4.864
366,94.465,4.864
367,94.465,4.864
368,94.465,4.864
369,94.465,4.864
370,94.465,4.864
371,94.465,4.864
372,94.465,4.864
373,94.465,4.864
374,94.465,4.864
375,94.465,4.864
376,94.465,4.864
377,94.465,4.864
378,94.465,4.864
379,94.465,4.864
380,94.465,4.864
381,94.465,4.864
382,94.465,4.864
383,94.465,4.864
384,94.465,4.864
385,94.465,4.864
386,94.465,4.864
387,94.465,4.864
388,94.465,4.864
389,94.465,4.864
390,94.465,4.864
391,94.465,4.864
392,94.465,4.864
393,94.465,4.864
394,94.465,4.864
395,94.465,4.864
396,94.465,4.864
397,94.465,4.864
398,94.465,4.864
399,94.465,4.864
400,94.465,4.864
401,94.465,4.864
402,94.465,4.864
403,94.465,4.864
404,94.465,4.864
405,94.465,4.864
406,94.465,4.864
407,94.465,4.864
408,94.465,4.864
409,94.465,4.864
410,94.465,4.864
411,94.465,4.864
412,94.465,4.864
413,94.465,4.864
414,94.465,4.864
415,94.465,4.864
416,94.465,4.864
417,94.465,4.864
418,94.465,4.864
419,94.465,4.864
420,94.465,4.864
421,94.465,4.864
422,94.465,4.864
423,94.465,4.864
424,94.465,4.864
425,94.465,4.864
426,94.465,4.864
427,94.465,4.864
428,94.465,4.864
429,94.465,4.864
430,94.465,4.864
431,94.465,4.864
432,94.465,4.864
433,94.465,4.864
434,94.465,4.864
435,94.465,4.864
436,94.465,4.864
437,94.465,4.864
438,94.465,4.864
439,94.465,4.864
440,94.465,4.864
441,94.465,4.864
442,94.465,4.864
443,94.465,4.864
444,94.465,4.864
445,94.465,4.864
446,94.465,4.864
447,94.465,4.864
448,94.465,4.864
449,94.465,4.864
450,94.465,4.864
451,94.465,4.864
452,94.465,4.864
453,94.465,4.864
454,94.465,4.864
455,94.465,4.864
456,94.465,4.864
457,94.465,4.864
458,94.465,4.864
459,94.465,4.864
460,94.465,4.864
461,94.465,4.864
462,94.465,4.864
463,94.465,4.864
464,94.465,4.864
465,94.465,4.864
466,94.465,4.864
467,94.465,4.864
468,94.465,4.864
469,94.465,4.864
470,94.465,4.864
471,94.465,4.864
472,94.465,4.864
473,94.465,4.864
474,94.465,4.864
475,94.465,4.864
476,94.465,4.864
477,94.465,4.864
478,94.465,4.864
479,94.465,4.864
480,94.465,4.864
481,94.465,4.864
482,94.465,4.864
483,94.465,4.864
484,94.465,4.864
485,94.465,4.864
486,94.465,4.864
487,94.465,4.864
488,94.465,4.864
489,94.465,4.864
490,94.465,4.864
491,94.465,4.864
492,94.465,4.864
493,94.465,4.864
494,94.465,4.864
495,94.465,4.864
496,94.465,4.864
497,94.465,4.864
498,94.465,4.864
499,94.465,4.864
500,94.465,4.864
501,94.465,4.864
502,94.465,4.864
503,94.465,4.866
504,94.465,4.866
505,94.465,4.866
506,94.465,4.866
507,94.465,4.866
508,94.465,4.866
509,94.465,4.866
510,94.465,4.866
511,94.465,4.866
512,94.465,4.866
513,94.465,4.866
514,94.465,4.866
515,94.465,4.866
516,94.465,4.866
517,94.465,4.866
518,94.465,4.866
519,94.465,4.866
520,94.465,4.866
521,94.465,4.866
522,94.465,4.866
523,94.465,4.866
524,94.465,4.866
525,94.465,4.866
526,94.465,4.866
527,94.465,4.866
528,94.465,4.866
529,94.465,4.866
530,94.465,4.866
531,94.465,4.866
532,94.465,4.866
533,94.465,4.866
534,94.465,4.866
535,94.465,4.866
536,94.465,4.866
537,94.465,4.866
538,94.465,4.866
539,94.465,4.866
540,94.465,4.866
541,94.465,4.866
542,94.465,4.866
543,94.465,4.866
544,94.465,4.866
545,94.465,4.866
546,94.465,4.866
547,94.465,4.866
548,94.465,4.866
549,94.465,4.866
550,94.465,4.866
551,94.465,4.866
552,94.465,4.866
553,94.465,4.866
554,94.465,4.866
555,94.465,4.866
556,94.465,4.866
557,94.465,4.866
558,94.465,4.866
559,94.465,4.866
560,94.465,4.866
561,94.465,4.866
562,94.465,4.866
563,94.465,4.866
564,94.465,4.866
565,94.465,4.866
566,94.465,4.866
567,94.465,4.866
568,94.465,4.866
569,94.465,4.866
570,94.465,4.866
571,94.465,4.866
572,94.465,4.866
573,94.465,4.866
574,94.465,4.866
575,94.465,4.866
576,94.465,4.866
577,94.465,4.866
578,94.465,4.866
579,94.465,4.866
580,94.465,4.866
581,94.465,4.866
582,94.465,4.866
583,94.465,4.866
584,94.465,4.866
585,94.465,4.866
586,94.465,4.866
587,94.465,4.866
588,94.465,4.866
589,94.465,4.866
590,94.465,4.866
591,94.465,4.866
592,94.465,4.866
593,94.465,4.866
594,94.465,4.866
595,94.465,4.866
596,94.465,4.866
597,94.465,4.866
598,94.465,4.866
599,94.465,4.866
600,94.465,4.866
601,94.465,4.866
602,94.465,4.866
603,94.465,4.866
604,94.465,4.866
605,94.465,4.866
606,94.465,4.866
607,94.465,4.866
608,94.465,4.866
609,94.465,4.866
610,94.465,4.866
611,94.465,4.866
612,94.465,4.866
613,94.465,4.866
614,94.465,4.866
615,94.465,4.866
616,94.465,4.866
617,94.465,4.866
618,94.465,4.866
619,94.465,4.866
620,94.465,4.866
621,94.465,4.866
622,94.465,4.866
623,94.465,4.866
624,94.465,4.866
625,94.465,4.866
626,94.465,4.866
627,94.465,4.866
628,94.465,4.866
629,94.465,4.866
630,94.465,4.866
631,94.465,4.866
632,94.465,4.866
633,94.465,4.866
634,94.465,4.866
635,94.465,4.866
636,94.465,4.866
637,94.465,4.866
638,94.465,4.866
639,94.465,4.866
640,94.465,4.866
641,94.465,4.866
642,94.465,4.866
643,94.465,4.866
644,94.465,4.866
645,94.465,4.866
646,94.465,4.866
647,94.465,4.866
648,94.465,4.866
649,94.465,4.866
650,94.465,4.866
651,94.465,4.866
652,94.465,4.866
653,94.465,4.866
654,94.465,4.866
655,94.465,4.866
656,94.465,4.866
657,94.465,4.866
658,94.465,4.866
659,94.465,4.866
660,94.465,4.866
661,94.465,4.866
662,94.465,4.866
663,94.465,4.866
664,94.465,4.866
665,94.465,4.866
666,94.465,4.866
667,94.465,4.866
668,94.465,4.866
669,94.465,4.866
670,94.465,4.866
671,94.465,4.866
672,94.465,4.866
673,94.465,4.866
674,94.465,4.866
675,94.465,4.866
676,94.465,4.866
677,94.465,4.866
678,94.465,4.866
679,94.465,4.866
680,94.465,4.866
681,94.465,4.866
682,94.465,4.866
683,94.465,4.866
684,94.465,4.866
685,94.465,4.866
686,94.465,4.866
687,94.465,4.866
688,94.465,4.866
689,94.465,4.866
690,94.465,4.866
691,94.465,4.866
692,94.465,4.866
693,94.465,4.866
694,94.465,4.866
695,94.465,4.866
696,94.465,4.866
697,94.465,4.866
698,94.465,4.866
699,94.465,4.866
700,94.465,4.866
701,94.465,4.866
702,94.465,4.866
703,94.465,4.866
704,94.465,4.866
705,94.465,4.866
706,94.465,4.866
707,94.465,4.866
708,94.465,4.866
709,94.465,4.866
710,94.465,4.866
711,94.465,4.866
712,94.465,4.866
713,94.465,4.866
714,94.465,4.866
715,94.465,4.866
716,94.465,4.866
717,94.465,4.866
718,94.465,4.866
719,94.465,4.866
720,94.465,4.866
721,94.465,4.866
722,94.465,4.866
723,94.465,4.866
724,94.465,4.866
725,94.465,4.866
726,94.465,4.866
727,94.465,4.866
728,94.465,4.866
729,94.465,4.866
730,94.465,4.866
731,94.465,4.866
732,94.465,4.866
733,94.465,4.866
734,94.465,4.866
735,94.465,4.866
736,94.465,4.866
737,94.465,4.866
738,94.465,4.866
739,94.465,4.866
740,94.465,4.866
741,94.465,4.866
742,94.465,4.866
743,94.465,4.866
744,94.465,4.866
745,94.465,4.866
746,94.465,4.866
747,94.465,4.866
748,94.465,4.866
749,94.465,4.866
750,94.465,4.866
751,94.465,4.866
752,94.465,4.866
753,94.465,4.866
754,94.465,4.866
755,94.465,4.866
756,94.465,4.866
757,94.465,4.866
758,94.465,4.866
759,94.465,4.866
760,94.465,4.866
761,94.465,4.866
762,94.465,4.866
763,94.465,4.866
764,94.465,4.866
765,94.465,4.866
766,94.465,4.866
767,94.465,4.866
768,94.465,4.866
769,94.465,4.866
770,94.465,4.866
771,94.465,4.866
772,94.465,4.866
773,94.465,4.866
774,94.465,4.866
775,94.465,4.866
776,94.465,4.866
777,94.465,4.866
778,94.465,4.866
779,94.465,4.866
780,94.465,4.866
781,94.465,4.866
782,94.465,4.866
783,94.465,4.866
784,94.465,4.866
785,94.465,4.866
786,94.465,4.866
787,94.465,4.866
788,94.465,4.866
789,94.465,4.866
790,94.465,4.866
791,94.465,4.866
792,94.465,4.866
793,94.465,4.866
794,94.465,4.866
795,94.465,4.866
796,94.465,4.866
797,94.465,4.866
798,94.465,4.866
799,94.465,4.866
800,94.465,4.866
801,94.465,4.866
802,94.465,4.866
803,94.465,4.866
804,94.465,4.866
805,94.465,4.866
806,94.465,4.866
807,94.465,4.866
808,94.465,4.866
809,94.465,4.866
810,94.465,4.866
811,94.465,4.866
812,94.465,4.866
813,94.465,4.866
814,94.465,4.866
815,94.465,4.866
816,94.465,4.866
817,94.465,4.866
818,94.465,4.866
819,94.465,4.866
820,94.465,4.866
821,94.465,4.866
822,94.465,4.866
823,94.465,4.866
824,94.465,4.866
825,94.465,4.866
826,94.465,4.866
827,94.465,4.866
828,94.465,4.866
829,94.465,4.866
830,94.465,4.866
831,94.465,4.866
832,94.465,4.866
833,94.465,4.866
834,94.465,4.866
835,94.465,4.866
836,94.465,4.866
837,94.465,4.866
838,94.465,4.866
839,94.465,4.866
840,94.465,4.866
841,94.465,4.866
842,94.465,4.866
843,94.465,4.967
844,94.465,4.967
845,94.465,4.967
846,94.465,4.967
847,94.465,4.967
848,94.465,4.967
849,94.465,4.967
850,94.465,4.967
851,94.465,4.967
852,94.465,4.967
853,94.465,4.967
854,94.465,4.967
855,94.465,4.967
856,94.465,4.967
857,94.465,4.967
858,94.465,4.967
859,94.465,4.967
860,94.465,4.967
861,94.465,4.967
862,94.465,4.967
863,94.465,4.967
864,94.465,4.967
865,94.465,4.967
866,94.465,4.967
867,94.465,4.967
868,94.465,4.967
869,94.465,4.967
870,94.465,4.967
871,94.465,4.967
872,94.465,4.967
873,94.465,4.967
874,94.465,4.967
875,94.465,4.967
876,94.465,4.967
877,94.465,4.967
878,94.465,4.967
879,94.465,4.967
880,94.465,4.967
881,94.465,4.967
882,94.465,4.967
883,94.465,4.967
884,94.465,4.967
885,94.465,4.967
886,94.465,4.967
887,94.465,4.967
888,94.465,4.967
889,94.465,4.967
890,94.465,4.967
891,94.465,4.967
892,94.465,4.967
893,94.465,4.967
894,94.465,4.967
895,94.465,4.967
896,94.465,4.967
897,94.465,4.967
898,94.465,4.967
899,94.465,4.967
900,94.465,4.967
901,94.465,4.967
902,94.465,4.967
903,94.465,4.967
904,94.465,4.967
905,94.465,4.967
906,94.465,4.967
907,94.465,4.967
908,94.465,4.967
909,94.465,4.967
910,94.465,4.967
911,94.465,4.967
912,94.465,4.967
913,94.465,4.967
914,94.465,4.967
915,94.465,4.967
916,94.465,4.967
917,94.465,4.967
918,94.465,4.967
919,94.465,4.967
920,94.465,4.967
921,94.465,4.967
922,94.465,4.967
923,94.465,4.967
924,94.465,4.967
925,94.465,4.967
926,94.465,4.967
927,94.465,4.967
928,94.465,4.967
929,94.465,4.967
930,94.465,4.967
931,94.465,4.967
932,94.465,4.967
933,94.465,4.967
934,94.465,4.967
935,94.465,4.967
936,94.465,4.967
937,94.465,4.967
938,94.465,4.967
939,94.465,4.967
940,94.465,4.967
941,94.465,4.967
942,94.465,4.967
943,94.465,4.967
944,94.465,4.967
945,94.465,4.967
946,94.465,4.967
947,94.465,4.967
948,94.465,4.967
949,94.465,4.967
950,94.465,4.967
951,94.465,4.967
952,94.465,4.967
953,94.465,4.967
954,94.465,4.967
955,94.465,4.967
956,94.465,4.967
957,94.465,4.967
958,94.465,4.967
959,94.465,4.967
960,94.465,4.967
961,94.465,4.967
962,94.465,4.967
963,94.465,4.967
964,94.465,4.967
965,94.465,4.967
966,94.465,4.967
967,94.465,4.967
968,94.465,4.967
969,94.465,4.967
970,94.465,4.967
971,94.465,4.967
972,94.465,4.967
973,94.465,4.967
974,94.465,4.967
975,94.465,4.967
976,94.465,4.967
977,94.465,4.967
978,94.465,4.967
979,94.465,4.967
980,94.465,4.967
981,94.465,4.967
982,94.465,4.967
983,94.465,4.967
984,94.465,4.967
985,94.465,4.967
986,94.465,4.967
987,94.465,4.967
988,94.465,4.967
989,94.465,4.967
990,94.465,4.967
991,94.465,4.967
992,94.465,4.967
993,94.465,4.967
994,94.465,4.967
995,94.465,4.967
996,94.465,4.967
997,94.465,4.967
998,94.465,4.967
999,94.465,4.967
1000,94.465,4.967
1001,94.465,4.967
1002,94.465,4.967
1003,94.465,4.967
1004,94.465,4.967
1005,94.465,4.967
1006,94.465,4.967
1007,94.465,4.967
1008,94.465,4.967
1009,94.465,4.967
1010,94.465,4.967
1011,94.465,4.967
1012,94.465,4.967
1013,94.465,4.967
1014,94.465,4.967
1015,94.465,4.967
1016,94.465,4.967
1017,94.465,4.967
1018,94.465,4.967
1019,94.465,4.967
1020,94.465,4.967
1021,94.465,4.967
1022,94.465,4.967
1023,94.465,4.967
1024,94.465,4.967
1025,94.465,4.967
1026,94.465,4.967
1027,94.465,4.967
1028,94.465,4.967
1029,94.465,4.967
1030,94.465,4.967
1031,94.465,4.967
1032,94.465,4.967
1033,94.465,4.967
1034,94.465,4.967
1035,94.465,4.967
1036,94.465,4.967
1037,94.465,4.967
1038,94.465,4.967
1039,94.465,4.967
1040,94.465,4.967
1041,94.465,4.967
1042,94.465,4.967
1043,94.465,4.967
1044,94.465,4.967
1045,94.465,4.967
1046,94.465,4.967
1047,94.465,4.967
1048,94.465,4.967
1049,94.465,4.967
1050,94.465,4.967
1051,94.465,4.967
1052,94.465,4.967
1053,94.465,4.967
1054,94.465,4.967
1055,94.465,4.967
1056,94.465,4.967
1057,94.465,4.967
1058,94.465,4.967
1059,94.465,4.967
1060,94.465,4.967
1061,94.465,4.967
1062,94.465,4.967
1063,94.465,4.967
1064,94.465,4.967
1065,94.465,4.967
1066,94.465,4.967
1067,94.465,4.967
1068,94.465,4.967
1069,94.465,4.967
1070,94.465,4.967
1071,94.465,4.967
1072,94.465,4.967
1073,94.465,4.967
1074,94.465,4.967
1075,94.465,4.967
1076,94.465,4.967
1077,94.465,4.967
1078,94.465,4.967
1079,94.465,4.967
1080,94.465,4.967
1081,94.465,4.967
1082,94.465,4.967
1083,94.465,4.967
1084,94.465,4.967
1085,94.465,4.967
1086,94.465,4.967
1087,94.465,4.967
1088,94.465,4.967
1089,94.465,4.967
1090,94.465,4.967
1091,94.465,4.967
1092,94.465,4.967
1093,94.465,4.967
1094,94.465,4.967
1095,94.465,4.967
1096,94.465,4.967
1097,94.465,4.967
1098,94.465,4.967
1099,94.465,4.967
1100,94.465,4.967
1101,94.465,4.967
1102,94.465,4.967
1103,94.465,4.967
1104,94.465,4.967
1105,94.465,4.967
1106,94.465,4.967
1107,94.465,4.967
1108,94.465,4.967
1109,94.465,4.967
1110,94.465,4.967
1111,94.465,4.967
1112,94.465,4.967
1113,94.465,4.967
1114,94.465,4.967
1115,94.465,4.967
1116,94.465,4.967
1117,94.465,4.967
1118,94.465,4.967
1119,94.465,4.967
1120,94.465,4.967
1121,94.465,4.967
1122,94.465,4.967
1123,94.465,4.967
1124,94.465,4.967
1125,94.465,4.967
1126,94.465,4.967
1127,94.465,4.967
1128,94.465,4.967
1129,94.465,4.967
1130,94.465,4.967
1131,94.465,4.967
1132,94.465,4.967
1133,94.465,4.967
1134,94.465,4.967
1135,94.465,4.967
1136,94.465,4.967
1137,94.465,4.967
1138,94.465,4.967
1139,94.465,4.967
1140,94.465,4.967
1141,94.465,4.967
1142,94.465,4.967
1143,94.465,4.967
1144,94.465,4.967
1145,94.465,4.967
1146,94.465,4.967
1147,94.465,4.967
1148,94.465,4.967
1149,94.465,4.967
1150,94.465,4.967
1151,94.465,4.967
1152,94.465,4.967
1153,94.465,4.967
1154,94.465,4.967
1155,94.465,4.967
1156,94.465,4.967
1157,94.465,4.967
1158,94.465,4.967
1159,94.465,4.967
1160,94.465,4.967
1161,94.465,4.967
1162,94.465,4.967
1163,94.465,4.967
1164,94.465,4.967
1165,94.465,4.967
1166,94.465,4.967
1167,94.465,4.967
1168,94.465,4.967
1169,94.465,4.967
1170,94.465,4.967
1171,94.465,4.967
1172,94.465,4.967
1173,94.465,4.967
1174,94.465,4.967
1175,94.465,4.967
1176,94.465,4.967
1177,94.465,4.967
1178,94.465,4.967
1179,94.465,4.967
1180,94.465,4.967
1181,94.465,4.967
1182,94.465,4.967
1183,94.465,4.967
1184,94.465,4.967
1185,94.465,4.967
1186,94.465,4.967
1187,94.465,4.967
1188,94.465,4.967
1189,94.465,4.967
1190,94.465,4.967
1191,94.465,4.967
1192,94.465,4.967
1193,94.465,4.967
1194,94.465,4.967
1195,94.465,4.967
1196,94.465,4.967
1197,94.465,4.967
1198,94.465,4.967
1199,94.465,4.967
1200,94.465,4.967
1201,94.465,4.967
1202,94.465,4.967
1203,94.465,4.967
1204,94.465,4.967
1205,94.465,4.967
1206,94.465,4.967
1207,94.465,4.967
1208,94.465,4.967
1209,94.465,4.967
1210,94.465,4.967
1211,94.465,4.967
1212,94.465,4.967
1213,94.465,4.967
1214,94.465,4.967
1215,94.465,4.967
1216,94.465,4.967
1217,94.465,4.967
1218,94.465,4.967
1219,94.465,4.967
1220,94.465,4.967
1221,94.465,4.967
1222,94.465,4.967
1223,94.465,4.967
1224,94.465,4.967
1225,94.465,4.967
1226,94.465,4.967
1227,94.465,4.967
1228,94.465,4.967
1229,94.465,4.967
1230,94.465,4.967
1231,94.465,4.967
1232,94.465,4.967
1233,94.465,4.967
1234,94.465,4.961
1235,94.465,4.961
1236,94.465,4.961
1237,94.465,4.961
1238,94.465,4.961
1239,94.465,4.961
1240,94.465,4.961
1241,94.465,4.961
1242,94.465,4.961
1243,94.465,4.961
1244,94.465,4.961
1245,94.465,4.961
1246,94.465,4.961
1247,94.465,4.961
1248,94.465,4.961
1249,94.465,4.961
1250,94.465,4.961
1251,94.465,4.961
1252,94.465,4.961
1253,94.465,4.961
1254,94.465,4.961
1255,94.465,4.961
1256,94.465,4.961
1257,94.465,4.961
1258,94.465,4.961
1259,94.465,4.961
1260,94.465,4.961
1261,94.465,4.961
1262,94.465,4.961
1263,94.465,4.961
1264,94.465,4.961
1265,94.465,4.961
1266,94.465,4.961
1267,94.465,4.961
1268,94.465,4.961
1269,94.465,4.961
1270,94.465,4.961
1271,94.465,4.961
1272,94.465,4.961
1273,94.465,4.961
1274,94.465,4.961
1275,94.465,4.961
1276,94.465,4.961
1277,94.465,4.961
1278,94.465,4.961
1279,94.465,4.961
1280,94.465,4.961
1281,94.465,4.961
1282,94.465,4.961
1283,94.465,4.961
1284,94.465,4.961
1285,94.465,4.961
1286,94.465,4.961
1287,94.465,4.961
1288,94.465,4.961
1289,94.465,4.961
1290,94.465,4.961
1291,94.465,4.961
1292,94.465,4.961
1293,94.465,4.961
1294,94.465,4.961
1295,94.465,4.961
1296,94.465,4.961
1297,94.465,4.961
1298,94.465,4.961
1299,94.465,4.961
1300,94.465,4.961
1301,94.465,4.961
1302,94.465,4.961
1303,94.465,4.961
1304,94.465,4.961
1305,94.465,4.961
1306,94.465,4.961
1307,94.465,4.961
1308,94.465,4.961
1309,94.465,4.961
1310,94.465,4.961
1311,94.465,4.961
1312,94.465,4.961
1313,94.465,4.961
1314,94.465,4.961
1315,94.465,4.961
1316,94.465,4.961
1317,94.465,4.961
1318,94.465,4.961
1319,94.465,4.961
1320,94.465,4.961
1321,94.465,4.961
1322,94.465,4.961
1323,94.465,4.961
1324,94.465,4.961
1325,94.465,4.961
1326,94.465,4.961
1327,94.465,4.961
1328,94.465,4.961
1329,94.465,4.961
1330,94.465,4.961
1331,94.465,4.961
1332,94.465,4.961
1333,94.465,4.961
1334,94.465,4.961
1335,94.465,4.961
1336,94.465,4.961
1337,94.465,4.961
1338,94.465,4.961
1339,94.465,4.961
1340,94.465,4.961
1341,94.465,4.961
1342,94.465,4.961
1343,94.465,4.961
1344,94.465,4.961
1345,94.465,4.961
1346,94.465,4.961
1347,94.465,4.961
1348,94.465,4.961
1349,94.465,4.961
1350,94.465,4.961
1351,94.465,4.961
1352,94.465,4.961
1353,94.465,4.961
1354,94.465,4.961
1355,94.465,4.961
1356,94.465,4.961
1357,94.465,4.961
1358,94.465,4.961
1359,94.465,4.961
1360,94.465,4.961
1361,94.465,4.961
1362,94.465,4.961
1363,94.465,4.961
1364,94.465,4.961
1365,94.465,4.961
1366,94.465,4.961
1367,94.465,4.961
1368,94.465,4.961
1369,94.465,4.961
1370,94.465,4.961
1371,94.465,4.961
1372,94.465,4.961
1373,94.465,4.961
1374,94.465,4.961
1375,94.465,4.961
1376,94.465,4.961
1377,94.465,4.961
1378,94.465,4.961
1379,94.465,4.961
1380,94.465,4.961
1381,94.465,4.961
1382,94.465,4.961
1383,94.465,4.961
1384,94.465,4.961
1385,94.465,4.961
1386,94.465,4.961
1387,94.465,4.961
1388,94.465,4.961
1389,94.465,4.961
1390,94.465,4.961
1391,94.465,4.961
1392,94.465,4.961
1393,94.465,4.961
1394,94.465,4.961
1395,94.465,4.961
1396,94.465,4.961
1397,94.465,4.961
1398,94.465,4.961
1399,94.465,4.961
1400,94.465,4.961
1401,94.465,4.961
1402,94.465,4.961
1403,94.465,4.961
1404,94.465,4.961
1405,94.465,4.961
1406,94.465,4.961
1407,94.465,4.961
1408,94.465,4.961
1409,94.465,4.961
1410,94.465,4.961
1411,94.465,4.961
1412,94.465,4.961
1413,94.465,4.961
1414,94.465,4.961
1415,94.465,4.961
1416,94.465,4.961
1417,94.465,4.961
1418,94.465,4.961
1419,94.465,4.961
1420,94.465,4.961
1421,94.465,4.961
1422,94.465,4.961
1423,94.465,4.961
1424,94.465,4.961
1425,94.465,4.961
1426,94.465,4.961
1427,94.465,4.961
1428,94.465,4.961
1429,94.465,4.961
1430,94.465,4.961
1431,94.465,4.961
1432,94.465,4.961
1433,94.465,4.961
1434,94.465,4.961
1435,94.465,4.961
1436,94.465,4.961
1437,94.465,4.961
1438,94.465,4.961
1439,94.465,4.961
1440,94.465,4.961
1441,94.465,4.961
1442,94.465,4.961
1443,94.465,4.961
1444,94.465,4.961
1445,94.465,4.961
1446,94.465,4.961
1447,94.465,4.961
1448,94.465,4.961
1449,94.465,4.961
1450,94.465,4.961
1451,94.465,4.961
1452,94.465,4.961
1453,94.465,4.961
1454,94.465,4.961
1455,94.465,4.961
1456,94.465,4.961
1457,94.465,4.961
1458,94.465,4.961
1459,94.465,4.961
1460,94.465,4.961
1461,94.465,4.961
1462,94.465,4.961
1463,94.465,4.961
1464,94.465,4.961
1465,94.465,4.961
1466,94.465,4.961
1467,94.465,4.961
1468,94.465,4.961
1469,94.465,4.961
1470,94.465,4.961
1471,94.465,4.961
1472,94.465,4.961
1473,94.465,4.961
1474,94.465,4.961
1475,94.465,4.961
1476,94.465,4.961
1477,94.465,4.961
1478,94.465,4.961
1479,94.465,4.961
1480,94.465,4.961
1481,94.465,4.961
1482,94.465,4.961
1483,94.465,4.961
1484,94.465,4.961
1485,94.465,4.961
1486,94.465,4.961
1487,94.465,4.961
1488,94.465,4.961
1489,94.465,4.961
1490,94.465,4.961
1491,94.465,4.961
1492,94.465,4.961
1493,94.465,4.961
1494,94.465,4.961
1495,94.465,4.961
1496,94.465,4.961
1497,94.465,4.961
1498,94.465,4.961
1499,94.465,4.961
1500,94.465,4.961
1501,94.465,4.961
1502,94.465,4.961
1503,94.465,4.961
1504,94.465,4.961
1505,94.465,4.961
1506,94.465,4.961
1507,94.465,4.961
1508,94.465,4.961
1509,94.465,4.961
1510,94.465,4.961
1511,94.465,4.961
1512,94.465,4.961
1513,94.465,4.961
1514,94.465,4.961
1515,94.465,4.961
1516,94.465,4.961
1517,94.465,4.961
1518,94.465,4.961
1519,94.465,4.961
1520,94.465,4.961
1521,94.465,4.961
1522,94.465,4.961
1523,94.465,4.961
1524,94.465,4.961
1525,94.465,4.961
1526,94.465,4.961
1527,94.465,4.961
1528,94.465,4.961
1529,94.465,4.961
1530,94.465,4.961
1531,94.465,4.961
1532,94.465,4.961
1533,94.465,4.961
1534,94.465,4.961
1535,94.465,4.961
1536,94.465,4.961
1537,94.465,4.961
1538,94.465,4.961
1539,94.465,4.961
1540,94.465,4.961
1541,94.465,4.961
1542,94.465,4.959
1543,94.465,4.959
1544,94.465,4.959
1545,94.465,4.959
1546,94.465,4.959
1547,94.465,4.959
1548,94.465,4.959
1549,94.465,4.959
1550,94.465,4.959
1551,94.465,4.959
1552,94.465,4.959
1553,94.465,4.959
1554,94.465,4.959
1555,94.465,4.959
1556,94.465,4.959
1557,94.465,4.959
1558,94.465,4.959
1559,94.465,4.959
1560,94.465,4.959
1561,94.465,4.959
1562,94.465,4.959
1563,94.465,4.959
1564,94.465,4.959
1565,94.465,4.959
1566,94.465,4.959
1567,94.465,4.959
1568,94.465,4.959
1569,94.465,4.959
1570,94.465,4.959
1571,94.465,4.959
1572,94.465,4.959
1573,94.465,4.959
1574,94.465,4.959
1575,94.465,4.959
1576,94.465,4.959
1577,94.465,4.959
1578,94.465,4.959
1579,94.465,4.959
1580,94.465,4.959
1581,94.465,4.959
1582,94.465,4.959
1583,94.465,4.959
1584,94.465,4.959
1585,94.465,4.959
1586,94.465,4.959
1587,94.465,4.959
1588,94.465,4.959
1589,94.465,4.959
1590,94.465,4.959
1591,94.465,4.959
1592,94.465,4.959
1593,94.465,4.959
1594,94.465,4.959
1595,94.465,4.959
1596,94.465,4.959
1597,94.465,4.959
1598,94.465,4.959
1599,94.465,4.959
1600,94.465,4.959
1601,94.465,4.959
1602,94.465,4.959
1603,94.465,4.959
1604,94.465,4.959
1605,94.465,4.959
1606,94.465,4.959
1607,94.465,4.959
1608,94.465,4.959
1609,94.465,4.959
1610,94.465,4.959
1611,94.465,4.959
1612,94.465,4.959
1613,94.465,4.959
1614,94.465,4.959
1615,94.465,4.959
1616,94.465,4.959
1617,94.465,4.959
1618,94.465,4.959
1619,94.465,4.959
1620,94.465,4.959
1621,94.465,4.959
1622,94.465,4.959
1623,94.465,4.959
1624,94.465,4.959
1625,94.465,4.959
1626,94.465,4.959
1627,94.465,4.959
1628,94.465,4.959
1629,94.465,4.959
1630,94.465,4.959
1631,94.465,4.959
1632,94.465,4.959
1633,94.465,4.959
1634,94.465,4.959
1635,94.465,4.959
1636,94.465,4.959
1637,94.465,4.959
1638,94.465,4.959
1639,94.465,4.959
1640,94.465,4.959
1641,94.465,4.959
1642,94.465,4.959
1643,94.465,4.959
1644,94.465,4.959
1645,94.465,4.959
1646,94.465,4.959
1647,94.465,4.959
1648,94.465,4.959
1649,94.465,4.959
1650,94.465,4.959
1651,94.465,4.959
1652,94.465,4.959
1653,94.465,4.959
1654,94.465,4.959
1655,94.465,4.959
1656,94.465,4.959
1657,94.465,4.959
1658,94.465,4.959
1659,94.465,4.959
1660,94.465,4.959
1661,94.465,4.959
1662,94.465,4.959
1663,94.465,4.959
1664,94.465,4.959
1665,94.465,4.959
1666,94.465,4.959
1667,94.465,4.959
1668,94.465,4.959
1669,94.465,4.959
1670,94.465,4.959
1671,94.465,4.959
1672,94.465,4.959
1673,94.465,4.959
1674,94.465,4.959
1675,94.465,4.959
1676,94.465,4.959
1677,94.465,4.959
1678,94.465,4.959
1679,94.465,4.959
1680,94.465,4.959
1681,94.465,4.959
1682,94.465,4.959
1683,94.465,4.959
1684,94.465,4.959
1685,94.465,4.959
1686,94.465,4.959
1687,94.465,4.959
1688,94.465,4.959
1689,94.465,4.959
1690,94.465,4.959
1691,94.465,4.959
1692,94.465,4.959
1693,94.465,4.959
1694,94.465,4.959
1695,94.465,4.959
1696,94.465,4.959
1697,94.465,4.959
1698,94.465,4.959
1699,94.465,4.959
1700,94.465,4.959
1701,94.465,4.959
1702,94.465,4.959
1703,94.465,4.959
1704,94.465,4.959
1705,94.465,4.959
1706,94.465,4.959
1707,94.465,4.959
1708,94.465,4.959
1709,94.465,4.959
1710,94.465,4.959
1711,94.465,4.959
1712,94.465,4.959
1713,94.465,4.959
1714,94.465,4.959
1715,94.465,4.959
1716,94.465,4.959
1717,94.465,4.959
1718,94.465,4.959
1719,94.465,4.959
1720,94.465,4.959
1721,94.465,4.959
1722,94.465,4.959
1723,94.465,4.959
1724,94.465,4.959
1725,94.465,4.959
1726,94.465,4.959
1727,94.465,4.959
1728,94.465,4.959
1729,94.465,4.959
1730,94.465,4.959
1731,94.465,4.959
1732,94.465,4.959
1733,94.465,4.959
1734,94.465,4.959
1735,94.465,4.959
1736,94.465,4.959
1737,94.465,4.959
1738,94.465,4.959
1739,94.465,4.959
1740,94.465,4.959
1741,94.465,4.959
1742,94.465,4.959
1743,94.465,4.959
1744,94.465,4.959
1745,94.465,4.959
1746,94.465,4.959
1747,94.465,4.959
1748,94.465,4.959
1749,94.465,4.959
1750,94.465,4.959
1751,94.465,4.959
1752,94.465,4.959
1753,94.465,4.959
1754,94.465,4.959
1755,94.465,4.959
1756,94.465,4.959
1757,94.465,4.959
1758,94.465,4.959
1759,94.465,4.959
1760,94.465,4.959
1761,94.465,4.959
1762,94.465,4.959
1763,94.465,4.959
1764,94.465,4.959
1765,94.465,4.959
1766,94.465,4.959
1767,94.465,4.959
1768,94.465,4.959
1769,94.465,4.959
1770,94.465,4.959
1771,94.465,4.959
1772,94.465,4.959
1773,94.465,4.959
1774,94.465,4.959
1775,94.465,4.959
1776,94.465,4.959
1777,94.465,4.959
1778,94.465,4.959
1779,94.465,4.958
1780,94.465,4.958
1781,94.465,4.958
1782,94.465,4.958
1783,94.465,4.958
1784,94.465,4.958
1785,94.465,4.958
1786,94.465,4.958
1787,94.465,4.958
1788,94.465,4.958
1789,94.465,4.958
1790,94.465,4.958
1791,94.465,4.958
1792,94.465,4.958
1793,94.465,4.958
1794,94.465,4.958
1795,94.465,4.958
1796,94.465,4.958
1797,94.465,4.958
1798,94.465,4.958
1799,94.465,4.958
1800,94.465,4.958
1801,94.465,4.958
1802,94.465,4.958
1803,94.465,4.958
1804,94.465,4.958
1805,94.465,4.958
1806,94.465,4.958
1807,94.465,4.958
1808,94.465,4.958
1809,94.465,4.958
1810,94.465,4.958
1811,94.465,4.958
1812,94.465,4.958
1813,94.465,4.958
1814,94.465,4.958
1815,94.465,4.958
1816,94.465,4.958
1817,94.465,4.958
1818,94.465,4.958
1819,94.465,4.958
1820,94.465,4.958
1821,94.465,4.958
1822,94.465,4.958
1823,94.465,4.958
1824,94.465,4.958
1825,94.465,4.958
1826,94.465,4.958
1827,94.465,4.958
1828,94.465,4.958
1829,94.465,4.958
1830,94.465,4.958
1831,94.465,4.958
1832,94.465,4.958
1833,94.465,4.958
1834,94.465,4.958
1835,94.465,4.958
1836,94.465,4.958
1837,94.465,4.958
1838,94.465,4.958
1839,94.465,4.958
1840,94.465,4.958
1841,94.465,4.958
1842,94.465,4.958
1843,94.465,4.958
1844,94.465,4.958
1845,94.465,4.958
1846,94.465,4.958
1847,94.465,4.958
1848,94.465,4.958
1849,94.465,4.958
1850,94.465,4.958
1851,94.465,4.958
1852,94.465,4.958
1853,94.465,4.958
1854,94.465,4.958
1855,94.465,4.958
1856,94.465,4.958
1857,94.465,4.958
1858,94.465,4.958
1859,94.465,4.958
1860,94.465,4.958
1861,94.465,4.958
1862,94.465,4.958
1863,94.465,4.958
1864,94.465,4.958
1865,94.465,4.958
1866,94.465,4.958
1867,94.465,4.958
1868,94.465,4.958
1869,94.465,4.958
1870,94.465,4.958
1871,94.465,4.958
1872,94.465,4.958
1873,94.465,4.958
1874,94.465,4.958
1875,94.465,4.958
1876,94.465,4.958
1877,94.465,4.958
1878,94.465,4.958
1879,94.465,4.958
1880,94.465,4.958
1881,94.465,4.958
1882,94.465,4.958
1883,94.465,4.958
1884,94.465,4.958
1885,94.465,4.958
1886,94.465,4.958
1887,94.465,4.958
1888,94.465,4.958
1889,94.465,4.958
1890,94.465,4.958
1891,94.465,4.958
1892,94.465,4.958
1893,94.465,4.958
1894,94.465,4.958
1895,94.465,4.958
1896,94.465,4.958
1897,94.465,4.958
1898,94.465,4.958
1899,94.465,4.958
1900,94.465,4.958
1901,94.465,4.958
1902,94.465,4.958
1903,94.465,4.958
1904,94.465,4.958
1905,94.465,4.958
1906,94.465,4.958
1907,94.465,4.958
1908,94.465,4.958
1909,94.465,4.958
1910,94.465,4.958
1911,94.465,4.958
1912,94.465,4.958
1913,94.465,4.958
1914,94.465,4.958
1915,94.465,4.958
1916,94.465,4.958
1917,94.465,4.958
1918,94.465,4.958
1919,94.465,4.958
1920,94.465,4.958
1921,94.465,4.958
1922,94.465,4.958
1923,94.465,4.958
1924,94.465,4.958
1925,94.465,4.958
1926,94.465,4.958
1927,94.465,4.958
1928,94.465,4.958
1929,94.465,4.958
1930,94.465,4.958
1931,94.465,4.958
1932,94.465,4.958
1933,94.465,4.958
1934,94.465,4.958
1935,94.465,4.958
1936,94.465,4.958
1937,94.465,4.958
1938,94.465,4.958
1939,94.465,4.958
1940,94.465,4.958
1941,94.465,4.958
1942,94.465,4.958
1943,94.465,4.958
1944,94.465,4.958
1945,94.465,4.958
1946,94.465,4.958
1947,94.465,4.958
1948,94.465,4.958
1949,94.465,4.958
1950,94.465,4.958
1951,94.465,4.958
1952,94.465,4.958
1953,94.465,4.958
1954,94.465,4.958
1955,94.465,4.958
1956,94.465,4.958
1957,94.465,4.958
1958,94.465,4.958
1959,94.465,4.958
1960,94.465,4.958
1961,94.465,4.958
1962,94.465,4.958
1963,94.465,4.958
1964,94.465,4.958
1965,94.465,4.958
1966,94.465,4.958
1967,94.465,4.96
1968,94.465,4.96
1969,94.465,4.96
1970,94.465,4.96
1971,94.465,4.96
1972,94.465,4.96
1973,94.465,4.96
1974,94.465,4.96
1975,94.465,4.96
1976,94.465,4.96
1977,94.465,4.96
1978,94.465,4.96
1979,94.465,4.96
1980,94.465,4.96
1981,94.465,4.96
1982,94.465,4.96
1983,94.465,4.96
1984,94.465,4.96
1985,94.465,4.96
1986,94.465,4.96
1987,94.465,4.96
1988,94.465,4.96
1989,94.465,4.96
1990,94.465,4.96
1991,94.465,4.96
1992,94.465,4.96
1993,94.465,4.96
1994,94.465,4.96
1995,94.465,4.96
1996,94.465,4.96
1997,94.465,4.96
1998,94.465,4.96
1999,94.465,4.96
2000,94.465,4.96
2001,94.465,4.96
2002,94.465,4.96
2003,94.465,4.96
2004,94.465,4.96
2005,94.465,4.96
2006,94.465,4.96
2007,94.465,4.96
2008,94.465,4.96
2009,94.465,4.96
2010,94.465,4.96
2011,94.465,4.96
2012,94.465,4.96
2013,94.465,4.96
2014,94.465,4.96
2015,94.465,4.96
2016,94.465,4.96
2017,94.465,4.96
2018,94.465,4.96
2019,94.465,4.96
2020,94.465,4.96
2021,94.465,4.96
2022,94.465,4.96
2023,94.465,4.96
2024,94.465,4.96
2025,94.465,4.96
2026,94.465,4.96
2027,94.465,4.96
2028,94.465,4.96
2029,94.465,4.96
2030,94.465,4.96
2031,94.465,4.96
2032,94.465,4.96
2033,94.465,4.96
2034,94.465,4.96
2035,94.465,4.96
2036,94.465,4.96
2037,94.465,4.96
2038,94.465,4.96
2039,94.465,4.96
2040,94.465,4.96
2041,94.465,4.96
2042,94.465,4.96
2043,94.465,4.96
2044,94.465,4.96
2045,94.465,4.96
2046,94.465,4.96
2047,94.465,4.96
2048,94.465,4.96
2049,94.465,4.96
2050,94.465,4.96
2051,94.465,4.96
2052,94.465,4.96
2053,94.465,4.96
2054,94.465,4.96
2055,94.465,4.96
2056,94.465,4.96
2057,94.465,4.96
2058,94.465,4.96
2059,94.465,4.96
2060,94.465,4.96
2061,94.465,4.96
2062,94.465,4.96
2063,94.465,4.96
2064,94.465,4.96
2065,94.465,4.96
2066,94.465,4.96
2067,94.465,4.96
2068,94.465,4.96
2069,94.465,4.96
2070,94.465,4.96
2071,94.465,4.96
2072,94.465,4.96
2073,94.465,4.96
2074,94.465,4.96
2075,94.465,4.96
2076,94.465,4.96
2077,94.465,4.96
2078,94.465,4.96
2079,94.465,4.96
2080,94.465,4.96
2081,94.465,4.96
2082,94.465,4.96
2083,94.465,4.96
2084,94.465,4.96
2085,94.465,4.96
2086,94.465,4.96
2087,94.465,4.96
2088,94.465,4.96
2089,94.465,4.96
2090,94.465,4.96
2091,94.465,4.96
2092,94.465,4.96
2093,94.465,4.96
2094,94.465,4.96
2095,94.465,4.96
2096,94.465,4.96
2097,94.465,4.96
2098,94.465,4.96
2099,94.465,4.96
2100,94.465,4.96
2101,94.465,4.96
2102,94.465,4.96
2103,94.465,4.96
2104,94.465,4.96
2105,94.465,4.96
2106,94.465,4.96
2107,94.465,4.96
2108,94.465,4.96
2109,94.465,4.96
2110,94.465,4.96
2111,94.465,4.96
2112,94.465,4.96
2113,94.465,4.96
2114,94.465,4.96
2115,94.465,4.96
2116,94.465,4.96
2117,94.465,4.96
2118,94.465,4.96
2119,94.465,4.96
2120,94.465,4.96
2121,94.465,4.96
2122,94.465,4.96
2123,94.465,4.96
2124,94.465,4.96
2125,94.465,4.96
2126,94.465,4.96
2127,94.465,4.96
2128,94.465,4.96
2129,94.465,4.96
2130,94.465,4.96
2131,94.465,4.96
2132,94.465,4.96
2133,94.465,4.96
2134,94.465,4.96
2135,94.465,4.96
2136,94.465,4.96
2137,94.465,4.96
2138,94.465,4.96
2139,94.465,4.96
2140,94.465,4.96
2141,94.465,4.96
2142,94.465,4.96
2143,94.465,4.96
2144,94.465,4.96
2145,94.465,4.96
2146,94.465,4.96
2147,94.465,4.96
2148,94.465,4.96
2149,94.465,4.96
2150,94.465,4.96
2151,94.465,4.96
2152,94.465,4.96
2153,94.465,4.96
2154,94.465,4.96
2155,94.465,4.96
2156,94.465,4.96
2157,94.465,4.96
2158,94.465,4.96
2159,94.465,4.96
2160,94.465,4.96
2161,94.465,4.96
2162,94.465,4.96
2163,94.465,4.96
2164,94.465,4.96
2165,94.465,4.96
2166,94.465,4.96
2167,94.465,4.96
2168,94.465,4.96
2169,94.465,4.96
2170,94.465,4.96
2171,94.465,4.96
2172,94.465,4.96
2173,94.465,4.96
2174,94.465,4.96
2175,94.465,4.96
2176,94.465,4.96
2177,94.465,4.96
2178,94.465,4.96
2179,94.465,4.96
2180,94.465,4.96
2181,94.465,4.96
2182,94.465,4.96
2183,94.465,4.96
2184,94.465,4.96
2185,94.465,4.96
2186,94.465,4.96
2187,94.465,4.96
2188,94.465,4.96
2189,94.465,4.96
2190,94.465,4.96
2191,94.465,4.96
2192,94.465,4.96
2193,94.465,4.96
2194,94.465,4.96
2195,94.465,4.96
2196,94.465,4.96
2197,94.465,4.96
2198,94.465,4.96
2199,94.465,4.96
2200,94.465,4.96
2201,94.465,4.96
2202,94.465,4.96
2203,94.465,4.96
2204,94.465,4.96
2205,94.465,4.96
2206,94.465,4.96
2207,94.465,4.96
2208,94.465,4.96
2209,94.465,4.96
2210,94.465,4.96
2211,94.465,4.96
2212,94.465,4.96
2213,94.465,4.96
2214,94.465,4.96
2215,94.465,4.96
2216,94.465,4.96
2217,94.465,4.96
2218,94.465,4.96
2219,94.465,4.96
2220,94.465,4.96
2221,94.465,4.96
2222,94.465,4.96
2223,94.465,4.96
2224,94.465,4.96
2225,94.465,4.96
2226,94.465,4.96
2227,94.465,4.96
2228,94.465,4.96
2229,94.465,4.96
2230,94.465,4.96
2231,94.465,4.96
2232,94.465,4.96
2233,94.465,4.96
2234,94.465,4.961
2235,94.465,4.961
2236,94.465,4.961
2237,94.465,4.961
2238,94.465,4.961
2239,94.465,4.961
2240,94.465,4.961
2241,94.465,4.961
2242,94.465,4.961
2243,94.465,4.961
2244,94.465,4.961
2245,94.465,4.961
2246,94.465,4.961
2247,94.465,4.961
2248,94.465,4.961
2249,94.465,4.961
2250,94.465,4.961
2251,94.465,4.961
2252,94.465,4.961
2253,94.465,4.961
2254,94.465,4.961
2255,94.465,4.961
2256,94.465,4.961
2257,94.465,4.961
2258,94.465,4.961
2259,94.465,4.961
2260,94.465,4.961
2261,94.465,4.961
2262,94.465,4.961
2263,94.465,4.961
2264,94.465,4.961
2265,94.465,4.961
2266,94.465,4.961
2267,94.465,4.961
2268,94.465,4.961
2269,94.465,4.961
2270,94.465,4.961
2271,94.465,4.961
2272,94.465,4.961
2273,94.465,4.961
2274,94.465,4.961
2275,94.465,4.961
2276,94.465,4.961
2277,94.465,4.961
2278,94.465,4.961
2279,94.465,4.961
2280,94.465,4.961
2281,94.465,4.961
2282,94.465,4.961
2283,94.465,4.961
2284,94.465,4.961
2285,94.465,4.961
2286,94.465,4.961
2287,94.465,4.961
2288,94.465,4.961
2289,94.465,4.961
2290,94.465,4.961
2291,94.465,4.961
2292,94.465,4.961
2293,94.465,4.961
2294,94.465,4.961
2295,94.465,4.961
2296,94.465,4.961
2297,94.465,4.961
2298,94.465,4.961
2299,94.465,4.961
2300,94.465,4.961
2301,94.465,4.961
2302,94.465,4.961
2303,94.465,4.961
2304,94.465,4.961
2305,94.465,4.961
2306,94.465,4.961
2307,94.465,4.961
2308,94.465,4.961
2309,94.465,4.961
2310,94.465,4.961
2311,94.465,4.961
2312,94.465,4.961
2313,94.465,4.961
2314,94.465,4.961
2315,94.465,4.961
2316,94.465,4.961
2317,94.465,4.961
2318,94.465,4.961
2319,94.465,4.961
2320,94.465,4.961
2321,94.465,4.961
2322,94.465,4.961
2323,94.465,4.961
2324,94.465,4.961
2325,94.465,4.961
2326,94.465,4.961
2327,94.465,4.961
2328,94.465,4.961
2329,94.465,4.961
2330,94.465,4.961
2331,94.465,4.961
2332,94.465,4.961
2333,94.465,4.961
2334,94.465,4.961
2335,94.465,4.961
2336,94.465,4.961
2337,94.465,4.961
2338,94.465,4.961
2339,94.465,4.961
2340,94.465,4.961
2341,94.465,4.961
2342,94.465,4.961
2343,94.465,4.961
2344,94.465,4.961
2345,94.465,4.961
2346,94.465,4.961
2347,94.465,4.961
2348,94.465,4.961
2349,94.465,4.961
2350,94.465,4.961
2351,94.465,4.961
2352,94.465,4.961
2353,94.465,4.961
2354,94.465,4.961
2355,94.465,4.961
2356,94.465,4.961
2357,94.465,4.961
2358,94.465,4.961
2359,94.465,4.961
2360,94.465,4.961
2361,94.465,4.961
2362,94.465,4.961
2363,94.465,4.961
2364,94.465,4.961
2365,94.465,4.961
2366,94.465,4.961
2367,94.465,4.961
2368,94.465,4.961
2369,94.465,4.961
2370,94.465,4.961
2371,94.465,4.961
2372,94.465,4.961
2373,94.465,4.961
2374,94.465,4.961
2375,94.465,4.961
2376,94.465,4.961
2377,94.465,4.961
2378,94.465,4.961
2379,94.465,4.961
2380,94.465,4.961
2381,94.465,4.961
2382,94.465,4.961
2383,94.465,4.961
2384,94.465,4.961
2385,94.465,4.961
2386,94.465,4.961
2387,94.465,4.961
2388,94.465,4.961
2389,94.465,4.961
2390,94.465,4.961
2391,94.465,4.961
2392,94.465,4.961
2393,94.465,4.961
2394,94.465,4.961
2395,94.465,4.961
2396,94.465,4.961
2397,94.465,4.961
2398,94.465,4.961
2399,94.465,4.961
2400,94.465,4.961
2401,94.465,4.961
2402,94.465,4.961
2403,94.465,4.961
2404,94.465,4.961
2405,94.465,4.961
2406,94.465,4.961
2407,94.465,4.961
2408,94.465,4.961
2409,94.465,4.961
2410,94.465,4.961
2411,94.465,4.961
2412,94.465,4.961
2413,94.465,4.961
2414,94.465,4.961
2415,94.465,4.961
2416,94.465,4.961
2417,94.465,4.961
2418,94.465,4.961
2419,94.465,4.961
2420,94.465,4.961
2421,94.465,4.961
2422,94.465,4.961
2423,94.465,4.961
2424,94.465,4.961
2425,94.465,4.961
2426,94.465,4.961
2427,94.465,4.961
2428,94.465,4.961
2429,94.465,4.961
2430,94.465,4.961
2431,94.465,4.961
2432,94.465,4.961
2433,94.465,4.961
2434,94.465,4.961
2435,94.465,4.961
2436,94.465,4.961
2437,94.465,4.961
2438,94.465,4.961
2439,94.465,4.961
2440,94.465,4.961
2441,94.465,4.961
2442,94.465,4.961
2443,94.465,4.961
2444,94.465,4.961
2445,94.465,4.961
2446,94.465,4.961
2447,94.465,4.961
2448,94.465,4.961
2449,94.465,4.961
2450,94.465,4.961
2451,94.465,4.961
2452,94.465,4.961
2453,94.465,4.961
2454,94.465,4.961
2455,94.465,4.961
2456,94.465,4.961
2457,94.465,4.961
2458,94.465,4.961
2459,94.465,4.961
2460,94.465,4.961
2461,94.465,4.961
2462,94.465,4.961
2463,94.465,4.961
2464,94.465,4.961
2465,94.465,4.961
2466,94.465,4.961
2467,94.465,4.961
2468,94.465,4.961
2469,94.465,4.961
2470,94.465,4.961
2471,94.465,4.961
2472,94.465,4.961
2473,94.465,4.961
2474,94.465,4.961
2475,94.465,4.961
2476,94.465,4.961
2477,94.465,4.961
2478,94.465,4.961
2479,94.465,4.961
2480,94.465,4.961
2481,94.465,4.961
2482,94.465,4.961
2483,94.465,4.961
2484,94.465,4.961
2485,94.465,4.961
2486,94.465,4.961
2487,94.465,4.961
2488,94.465,4.961
2489,94.465,4.961
2490,94.465,4.961
2491,94.465,4.961
2492,94.465,4.961
2493,94.465,4.961
2494,94.465,4.961
2495,94.465,4.961
2496,94.465,4.961
2497,94.465,4.961
2498,94.465,4.961
2499,94.465,4.961
2500,94.465,4.961
2501,94.465,4.961
2502,94.465,4.961
2503,94.465,4.961
2504,94.465,4.961
2505,94.465,4.961
2506,94.465,4.961
2507,94.465,4.961
2508,94.465,4.961
2509,94.465,4.961
2510,94.465,4.961
2511,94.465,4.961
2512,94.465,4.961
2513,94.465,4.961
2514,94.465,4.961
2515,94.465,4.961
2516,94.465,4.961
2517,94.465,4.961
2518,94.465,4.961
2519,94.465,4.961
2520,94.465,4.961
2521,94.465,4.961
2522,94.465,4.961
2523,94.465,4.961
2524,94.465,4.961
2525,94.465,4.961
2526,94.465,4.961
2527,94.465,4.961
2528,94.465,4.961
2529,94.465,4.961
2530,94.465,4.961
2531,94.465,4.961
2532,94.465,4.961
2533,94.465,4.961
2534,94.465,4.961
2535,94.465,4.961
2536,94.465,4.961
2537,94.465,4.961
2538,94.465,4.961
2539,94.465,4.961
2540,94.465,4.961
2541,94.465,4.961
2542,94.465,4.961
2543,94.465,4.961
2544,94.465,4.961
2545,94.465,4.961
2546,94.465,4.961
2547,94.465,4.961
2548,94.465,4.961
2549,94.465,4.961
2550,94.465,4.961
2551,94.465,4.961
2552,94.465,4.961
2553,94.465,4.961
2554,94.465,4.961
2555,94.465,4.961
2556,94.465,4.961
2557,94.465,4.961
2558,94.465,4.962
2559,94.465,4.962
2560,94.465,4.962
2561,94.465,4.962
2562,94.465,4.962
2563,94.465,4.962
2564,94.465,4.962
2565,94.465,4.962
2566,94.465,4.962
2567,94.465,4.962
2568,94.465,4.962
2569,94.465,4.962
2570,94.465,4.962
2571,94.465,4.962
2572,94.465,4.962
2573,94.465,4.962
2574,94.465,4.962
2575,94.465,4.962
2576,94.465,4.962
2577,94.465,4.962
2578,94.465,4.962
2579,94.465,4.962
2580,94.465,4.962
2581,94.465,4.962
2582,94.465,4.962
2583,94.465,4.962
2584,94.465,4.962
2585,94.465,4.962
2586,94.465,4.962
2587,94.465,4.962
2588,94.465,4.962
2589,94.465,4.962
2590,94.465,4.962
2591,94.465,4.962
2592,94.465,4.962
2593,94.465,4.962
2594,94.465,4.962
2595,94.465,4.962
2596,94.465,4.962
2597,94.465,4.962
2598,94.465,4.962
2599,94.465,4.962
2600,94.465,4.962
2601,94.465,4.962
2602,94.465,4.962
2603,94.465,4.962
2604,94.465,4.962
2605,94.465,4.962
2606,94.465,4.962
2607,94.465,4.962
2608,94.465,4.962
2609,94.465,4.962
2610,94.465,4.962
2611,94.465,4.962
2612,94.465,4.962
2613,94.465,4.962
2614,94.465,4.962
2615,94.465,4.962
2616,94.465,4.962
2617,94.465,4.962
2618,94.465,4.962
2619,94.465,4.962
2620,94.465,4.962
2621,94.465,4.962
2622,94.465,4.962
2623,94.465,4.962
2624,94.465,4.962
2625,94.465,4.962
2626,94.465,4.962
2627,94.465,4.962
2628,94.465,4.962
2629,94.465,4.962
2630,94.465,4.962
2631,94.465,4.962
2632,94.465,4.962
2633,94.465,4.962
2634,94.465,4.962
2635,94.465,4.962
2636,94.465,4.962
2637,94.465,4.962
2638,94.465,4.962
2639,94.465,4.962
2640,94.465,4.962
2641,94.465,4.962
2642,94.465,4.962
2643,94.465,4.962
2644,94.465,4.962
2645,94.465,4.962
2646,94.465,4.962
2647,94.465,4.962
2648,94.465,4.962
2649,94.465,4.962
2650,94.465,4.962
2651,94.465,4.962
2652,94.465,4.962
2653,94.465,4.962
2654,94.465,4.962
2655,94.465,4.962
2656,94.465,4.962
2657,94.465,4.962
2658,94.465,4.962
2659,94.465,4.962
2660,94.465,4.962
2661,94.465,4.962
2662,94.465,4.962
2663,94.465,4.962
2664,94.465,4.962
2665,94.465,4.962
2666,94.465,4.962
2667,94.465,4.962
2668,94.465,4.962
2669,94.465,4.962
2670,94.465,4.962
2671,94.465,4.962
2672,94.465,4.962
2673,94.465,4.962
2674,94.465,4.962
2675,94.465,4.962
2676,94.465,4.962
2677,94.465,4.962
2678,94.465,4.962
2679,94.465,4.962
2680,94.465,4.962
2681,94.465,4.962
2682,94.465,4.962
2683,94.465,4.962
2684,94.465,4.962
2685,94.465,4.962
2686,94.465,4.962
2687,94.465,4.962
2688,94.465,4.962
2689,94.465,4.962
2690,94.465,4.962
2691,94.465,4.962
2692,94.465,4.962
2693,94.465,4.962
2694,94.465,4.962
2695,94.465,4.962
2696,94.465,4.962
2697,94.465,4.962
2698,94.465,4.962
2699,94.465,4.962
2700,94.465,4.962
2701,94.465,4.962
2702,94.465,4.962
2703,94.465,4.962
2704,94.465,4.962
2705,94.465,4.962
2706,94.465,4.962
2707,94.465,4.962
2708,94.465,4.962
2709,94.465,4.962
2710,94.465,4.962
2711,94.465,4.962
2712,94.465,4.962
2713,94.465,4.962
2714,94.465,4.962
2715,94.465,4.962
2716,94.465,4.962
2717,94.465,4.962
2718,94.465,4.962
2719,94.465,4.962
2720,94.465,4.962
2721,94.465,4.962
2722,94.465,4.962
2723,94.465,4.962
2724,94.465,4.962
2725,94.465,4.962
2726,94.465,4.962
2727,94.465,4.962
2728,94.465,4.962
2729,94.465,4.962
2730,94.465,4.962
2731,94.465,4.962
2732,94.465,4.962
2733,94.465,4.962
2734,94.465,4.962
2735,94.465,4.962
2736,94.465,4.962
2737,94.465,4.962
2738,94.465,4.962
2739,94.465,4.962
2740,94.465,4.962
2741,94.465,4.962
2742,94.465,4.962
2743,94.465,4.962
2744,94.465,4.962
2745,94.465,4.962
2746,94.465,4.962
2747,94.465,4.962
2748,94.465,4.962
2749,94.465,4.962
2750,94.465,4.962
2751,94.465,4.962
2752,94.465,4.962
2753,94.465,4.962
2754,94.465,4.962
2755,94.465,4.962
2756,94.465,4.962
2757,94.465,4.962
2758,94.465,4.962
2759,94.465,4.962
2760,94.465,4.962
2761,94.465,4.962
2762,94.465,4.962
2763,94.465,4.962
2764,94.465,4.962
2765,94.465,4.962
2766,94.465,4.962
2767,94.465,4.962
2768,94.465,4.962
2769,94.465,4.962
2770,94.465,4.962
2771,94.465,4.962
2772,94.465,4.962
2773,94.465,4.962
2774,94.465,4.962
2775,94.465,4.962
2776,94.465,4.962
2777,94.465,4.962
2778,94.465,4.962
2779,94.465,4.962
2780,94.465,4.962
2781,94.465,4.962
2782,94.465,4.962
2783,94.465,4.962
2784,94.465,4.962
2785,94.465,4.962
2786,94.465,4.962
2787,94.465,4.962
2788,94.465,4.962
2789,94.465,4.962
2790,94.465,4.962
2791,94.465,4.962
2792,94.465,4.962
2793,94.465,4.962
2794,94.465,4.962
2795,94.465,4.962
2796,94.465,4.962
2797,94.465,4.962
2798,94.465,4.962
2799,94.465,4.962
2800,94.465,4.962
2801,94.465,4.962
2802,94.465,4.962
2803,94.465,4.962
2804,94.465,4.962
2805,94.465,4.962
2806,94.465,4.962
2807,94.465,4.962
2808,94.465,4.962
2809,94.465,4.962
2810,94.465,4.962
2811,94.465,4.962
2812,94.465,4.962
2813,94.465,4.962
2814,94.465,4.962
2815,94.465,4.962
2816,94.465,4.962
2817,94.465,4.962
2818,94.465,4.962
2819,94.465,4.962
2820,94.465,4.962
2821,94.465,4.962
2822,94.465,4.962
2823,94.465,4.962
2824,94.465,4.962
2825,94.465,4.962
2826,94.465,4.962
2827,94.465,4.962
2828,94.465,4.962
2829,94.465,4.962
2830,94.465,4.962
2831,94.465,4.962
2832,94.465,4.962
2833,94.465,4.962
2834,94.465,4.962
2835,94.465,4.962
2836,94.465,4.962
2837,94.465,4.962
2838,94.465,4.962
2839,94.465,4.962
2840,94.465,4.962
2841,94.465,4.962
2842,94.465,4.962
2843,94.465,4.962
2844,94.465,4.961
2845,94.465,4.961
2846,94.465,4.961
2847,94.465,4.961
2848,94.465,4.961
2849,94.465,4.961
2850,94.465,4.961
2851,94.465,4.961
2852,94.465,4.961
2853,94.465,4.961
2854,94.465,4.961
2855,94.465,4.961
2856,94.465,4.961
2857,94.465,4.961
2858,94.465,4.961
2859,94.465,4.961
2860,94.465,4.961
2861,94.465,4.961
2862,94.465,4.961
2863,94.465,4.961
2864,94.465,4.961
2865,94.465,4.961
2866,94.465,4.961
2867,94.465,4.961
2868,94.465,4.961
2869,94.465,4.961
2870,94.465,4.961
2871,94.465,4.961
2872,94.465,4.961
2873,94.465,4.961
2874,94.465,4.961
2875,94.465,4.961
2876,94.465,4.961
2877,94.465,4.961
2878,94.465,4.961
2879,94.465,4.961
2880,94.465,4.961
2881,94.465,4.961
2882,94.465,4.961
2883,94.465,4.961
2884,94.465,4.961
2885,94.465,4.961
2886,94.465,4.961
2887,94.465,4.961
2888,94.465,4.961
2889,94.465,4.961
2890,94.465,4.961
2891,94.465,4.961
2892,94.465,4.961
2893,94.465,4.961
2894,94.465,4.961
2895,94.465,4.961
2896,94.465,4.961
2897,94.465,4.961
2898,94.465,4.961
2899,94.465,4.961
2900,94.465,4.961
2901,94.465,4.961
2902,94.465,4.961
2903,94.465,4.961
2904,94.465,4.961
2905,94.465,4.961
2906,94.465,4.961
2907,94.465,4.961
2908,94.465,4.961
2909,94.465,4.961
2910,94.465,4.961
2911,94.465,4.961
2912,94.465,4.961
2913,94.465,4.961
2914,94.465,4.961
2915,94.465,4.961
2916,94.465,4.961
2917,94.465,4.961
2918,94.465,4.961
2919,94.465,4.961
2920,94.465,4.961
2921,94.465,4.961
2922,94.465,4.961
2923,94.465,4.961
2924,94.465,4.961
2925,94.465,4.961
2926,94.465,4.961
2927,94.465,4.961
2928,94.465,4.961
2929,94.465,4.961
2930,94.465,4.961
2931,94.465,4.961
2932,94.465,4.961
2933,94.465,4.961
2934,94.465,4.961
2935,94.465,4.961
2936,94.465,4.961
2937,94.465,4.961
2938,94.465,4.961
2939,94.465,4.961
2940,94.465,4.961
2941,94.465,4.961
2942,94.465,4.961
2943,94.465,4.961
2944,94.465,4.961
2945,94.465,4.961
2946,94.465,4.961
2947,94.465,4.961
2948,94.465,4.961
2949,94.465,4.961
2950,94.465,4.961
2951,94.465,4.961
2952,94.465,4.961
2953,94.465,4.961
2954,94.465,4.961
2955,94.465,4.961
2956,94.465,4.961
2957,94.465,4.961
2958,94.465,4.961
2959,94.465,4.961
2960,94.465,4.961
2961,94.465,4.961
2962,94.465,4.961
2963,94.465,4.961
2964,94.465,4.961
2965,94.465,4.961
2966,94.465,4.961
2967,94.465,4.961
2968,94.465,4.961
2969,94.465,4.961
2970,94.465,4.961
2971,94.465,4.961
2972,94.465,4.961
2973,94.465,4.961
2974,94.465,4.961
2975,94.465,4.961
2976,94.465,4.961
2977,94.465,4.961
2978,94.465,4.961
2979,94.465,4.961
2980,94.465,4.961
2981,94.465,4.961
2982,94.465,4.961
2983,94.465,4.961
2984,94.465,4.961
2985,94.465,4.961
2986,94.465,4.961
2987,94.465,4.961
2988,94.465,4.961
2989,94.465,4.961
2990,94.465,4.961
2991,94.465,4.961
2992,94.465,4.961
2993,94.465,4.961
2994,94.465,4.961
2995,94.465,4.961
2996,94.465,4.961
2997,94.465,4.961
2998,94.465,4.961
2999,94.465,4.961
3000,94.465,4.961
3001,94.465,4.961
3002,94.465,4.961
3003,94.465,4.961
3004,94.465,4.961
3005,94.465,4.961
3006,94.465,4.961
3007,94.465,4.961
3008,94.465,4.961
3009,94.465,4.961
3010,94.465,4.961
3011,94.465,4.961
3012,94.465,4.961
3013,94.465,4.961
3014,94.465,4.961
3015,94.465,4.961
3016,94.465,4.961
3017,94.465,4.961
3018,94.465,4.961
3019,94.465,4.961
3020,94.465,4.961
3021,94.465,4.961
3022,94.465,4.961
3023,94.465,4.961
3024,94.465,4.961
3025,94.465,4.961
3026,94.465,4.961
3027,94.465,4.961
3028,94.465,4.961
3029,94.465,4.961
3030,94.465,4.961
3031,94.465,4.961
3032,94.465,4.961
3033,94.465,4.961
3034,94.465,4.961
3035,94.465,4.961
3036,94.465,4.961
3037,94.465,4.961
3038,94.465,4.961
3039,94.465,4.961
3040,94.465,4.961
3041,94.465,4.961
3042,94.465,4.961
3043,94.465,4.961
3044,94.465,4.961
3045,94.465,4.961
3046,94.465,4.961
3047,94.465,4.961
3048,94.465,4.961
3049,94.465,4.961
3050,94.465,4.961
3051,94.465,4.961
3052,94.465,4.961
3053,94.465,4.961
3054,94.465,4.961
3055,94.465,4.961
3056,94.465,4.961
3057,94.465,4.961
3058,94.465,4.961
3059,94.465,4.961
3060,94.465,4.961
3061,94.465,4.961
3062,94.465,4.961
3063,94.465,4.961
3064,94.465,4.961
3065,94.465,4.961
3066,94.465,4.961
3067,94.465,4.961
3068,94.465,4.961
3069,94.465,4.961
3070,94.465,4.961
3071,94.465,4.961
3072,94.465,4.961
3073,94.465,4.961
3074,94.465,4.961
3075,94.465,4.961
3076,94.465,4.961
3077,94.465,4.961
3078,94.465,4.961
3079,94.465,4.961
3080,94.465,4.961
3081,94.465,4.961
3082,94.465,4.961
3083,94.465,4.961
3084,94.465,4.961
3085,94.465,4.961
3086,94.465,4.961
3087,94.465,4.961
3088,94.465,4.961
3089,94.465,4.961
3090,94.465,4.961
3091,94.465,4.961
3092,94.465,4.961
3093,94.465,4.961
3094,94.465,4.961
3095,94.465,4.961
3096,94.465,4.961
3097,94.465,4.961
3098,94.465,4.961
3099,94.465,4.961
3100,94.465,4.961
3101,94.465,4.961
3102,94.465,4.961
3103,94.465,4.961
3104,94.465,4.961
3105,94.465,4.961
3106,94.465,4.961
3107,94.465,4.961
3108,94.465,4.961
3109,94.465,4.961
3110,94.465,4.961
3111,94.465,4.961
3112,94.465,4.961
3113,94.465,4.961
3114,94.465,4.961
3115,94.465,4.961
3116,94.465,4.961
3117,94.465,4.961
3118,94.465,4.961
3119,94.465,4.961
3120,94.465,4.961
3121,94.465,4.961
3122,94.465,4.961
3123,94.465,4.961
3124,94.465,4.961
3125,94.465,4.961
3126,94.465,4.961
3127,94.465,4.959
3128,94.465,4.959
3129,94.465,4.959
3130,94.465,4.959
3131,94.465,4.959
3132,94.465,4.959
3133,94.465,4.959
3134,94.465,4.959
3135,94.465,4.959
3136,94.465,4.959
3137,94.465,4.959
3138,94.465,4.959
3139,94.465,4.959
3140,94.465,4.959
3141,94.465,4.959
3142,94.465,4.959
3143,94.465,4.959
3144,94.465,4.959
3145,94.465,4.959
3146,94.465,4.959
3147,94.465,4.959
3148,94.465,4.959
3149,94.465,4.959
3150,94.465,4.959
3151,94.465,4.959
3152,94.465,4.959
3153,94.465,4.959
3154,94.465,4.959
3155,94.465,4.959
3156,94.465,4.959
3157,94.465,4.959
3158,94.465,4.959
3159,94.465,4.959
3160,94.465,4.959
3161,94.465,4.959
3162,94.465,4.959
3163,94.465,4.959
3164,94.465,4.959
3165,94.465,4.959
3166,94.465,4.959
3167,94.465,4.959
3168,94.465,4.959
3169,94.465,4.959
3170,94.465,4.959
3171,94.465,4.959
3172,94.465,4.959
3173,94.465,4.959
3174,94.465,4.959
3175,94.465,4.959
3176,94.465,4.959
3177,94.465,4.959
3178,94.465,4.959
3179,94.465,4.959
3180,94.465,4.959
3181,94.465,4.959
3182,94.465,4.959
3183,94.465,4.959
3184,94.465,4.959
3185,94.465,4.959
3186,94.465,4.959
3187,94.465,4.959
3188,94.465,4.959
3189,94.465,4.959
3190,94.465,4.959
3191,94.465,4.959
3192,94.465,4.959
3193,94.465,4.959
3194,94.465,4.959
3195,94.465,4.959
3196,94.465,4.959
3197,94.465,4.959
3198,94.465,4.959
3199,94.465,4.959
3200,94.465,4.959
3201,94.465,4.959
3202,94.465,4.959
3203,94.465,4.959
3204,94.465,4.959
3205,94.465,4.959
3206,94.465,4.959
3207,94.465,4.959
3208,94.465,4.959
3209,94.465,4.959
3210,94.465,4.959
3211,94.465,4.959
3212,94.465,4.959
3213,94.465,4.959
3214,94.465,4.959
3215,94.465,4.959
3216,94.465,4.959
3217,94.465,4.959
3218,94.465,4.959
3219,94.465,4.959
3220,94.465,4.959
3221,94.465,4.959
3222,94.465,4.959
3223,94.465,4.959
3224,94.465,4.959
3225,94.465,4.959
3226,94.465,4.959
3227,94.465,4.959
3228,94.465,4.959
3229,94.465,4.959
3230,94.465,4.959
3231,94.465,4.959
3232,94.465,4.959
3233,94.465,4.959
3234,94.465,4.959
3235,94.465,4.959
3236,94.465,4.959
3237,94.465,4.959
3238,94.465,4.959
3239,94.465,4.959
3240,94.465,4.959
3241,94.465,4.959
3242,94.465,4.959
3243,94.465,4.959
3244,94.465,4.959
3245,94.465,4.959
3246,94.465,4.959
3247,94.465,4.959
3248,94.465,4.959
3249,94.465,4.959
3250,94.465,4.959
3251,94.465,4.959
3252,94.465,4.959
3253,94.465,4.959
3254,94.465,4.959
3255,94.465,4.959
3256,94.465,4.959
3257,94.465,4.959
3258,94.465,4.959
3259,94.465,4.959
3260,94.465,4.959
3261,94.465,4.959
3262,94.465,4.959
3263,94.465,4.959
3264,94.465,4.959
3265,94.465,4.959
3266,94.465,4.959
3267,94.465,4.959
3268,94.465,4.959
3269,94.465,4.959
3270,94.465,4.959
3271,94.465,4.959
3272,94.465,4.959
3273,94.465,4.959
3274,94.465,4.959
3275,94.465,4.959
3276,94.465,4.959
3277,94.465,4.959
3278,94.465,4.959
3279,94.465,4.959
3280,94.465,4.959
3281,94.465,4.959
3282,94.465,4.959
3283,94.465,4.959
3284,94.465,4.959
3285,94.465,4.959
3286,94.465,4.959
3287,94.465,4.959
3288,94.465,4.959
3289,94.465,4.959
3290,94.465,4.959
3291,94.465,4.959
3292,94.465,4.959
3293,94.465,4.959
3294,94.465,4.959
3295,94.465,4.959
3296,94.465,4.959
3297,94.465,4.959
3298,94.465,4.959
3299,94.465,4.959
3300,94.465,4.959
3301,94.465,4.959
3302,94.465,4.959
3303,94.465,4.959
3304,94.465,4.959
3305,94.465,4.959
3306,94.465,4.959
3307,94.465,4.959
3308,94.465,4.959
3309,94.465,4.959
3310,94.465,4.959
3311,94.465,4.959
3312,94.465,4.959
3313,94.465,4.959
3314,94.465,4.959
3315,94.465,4.959
3316,94.465,4.959
3317,94.465,4.959
3318,94.465,4.959
3319,94.465,4.959
3320,94.465,4.959
3321,94.465,4.959
3322,94.465,4.959
3323,94.465,4.959
3324,94.465,4.959
3325,94.465,4.959
3326,94.465,4.959
3327,94.465,4.959
3328,94.465,4.959
3329,94.465,4.959
3330,94.465,4.959
3331,94.465,4.959
3332,94.465,4.959
3333,94.465,4.959
3334,94.465,4.959
3335,94.465,4.959
3336,94.465,4.959
3337,94.465,4.959
3338,94.465,4.959
3339,94.465,4.959
3340,94.465,4.959
3341,94.465,4.959
3342,94.465,4.959
3343,94.465,4.959
3344,94.465,4.959
3345,94.465,4.959
3346,94.465,4.959
3347,94.465,4.959
3348,94.465,4.959
3349,94.465,4.959
3350,94.465,4.959
3351,94.465,4.959
3352,94.465,4.959
3353,94.465,4.959
3354,94.465,4.959
3355,94.465,4.959
3356,94.465,4.959
3357,94.465,4.959
3358,94.465,4.959
3359,94.465,4.959
3360,94.465,4.959
3361,94.465,4.959
3362,94.465,4.959
3363,94.465,4.959
3364,94.465,4.959
3365,94.465,4.959
3366,94.465,4.959
3367,94.465,4.959
3368,94.465,4.959
3369,94.465,4.959
3370,94.465,4.959
3371,94.465,4.959
3372,94.465,4.959
3373,94.465,4.959
3374,94.465,4.959
3375,94.465,4.959
3376,94.465,4.959
3377,94.465,4.959
3378,94.465,4.959
3379,94.465,4.959
3380,94.465,4.959
3381,94.465,4.959
3382,94.465,4.959
3383,94.465,4.959
3384,94.465,4.959
3385,94.465,4.959
3386,94.465,4.959
3387,94.465,4.959
3388,94.465,4.959
3389,94.465,4.959
3390,94.465,4.959
3391,94.465,4.959
3392,94.465,4.959
3393,94.465,4.959
3394,94.465,4.959
3395,94.465,4.959
3396,94.465,4.959
3397,94.465,4.959
3398,94.465,4.959
3399,94.465,4.959
3400,94.465,4.959
3401,94.465,4.959
3402,94.465,4.959
3403,94.465,4.959
3404,94.465,4.959
3405,94.465,4.959
3406,94.465,4.959
3407,94.465,4.959
3408,94.465,4.959
3409,94.465,4.959
3410,94.465,4.959
3411,94.465,4.959
3412,94.465,4.959
3413,94.465,4.959
3414,94.465,4.959
3415,94.465,4.959
3416,94.465,4.959
3417,94.465,4.959
3418,94.465,4.959
3419,94.465,4.959
3420,94.465,4.959
3421,94.465,4.959
3422,94.465,4.959
3423,94.465,4.959
3424,94.465,4.959
3425,94.465,4.959
3426,94.465,4.959
3427,94.465,4.959
3428,94.465,4.959
3429,94.465,4.959
3430,94.465,4.959
3431,94.465,4.959
3432,94.465,4.959
3433,94.465,4.959
3434,94.465,4.959
3435,94.465,4.959
3436,94.465,4.959
3437,94.465,4.959
3438,94.465,4.959
3439,94.465,4.959
3440,94.465,4.959
3441,94.465,4.959
3442,94.465,4.959
3443,94.465,4.959
3444,94.465,4.959
3445,94.465,4.959
3446,94.465,4.959
3447,94.465,4.959
3448,94.465,4.959
3449,94.465,4.959
3450,94.465,4.959
3451,94.465,4.959
3452,94.465,4.959
3453,94.465,4.959
3454,94.465,4.959
3455,94.465,4.959
3456,94.465,4.959
3457,94.465,4.959
3458,94.465,4.959
3459,94.465,4.959
3460,94.465,4.959
3461,94.465,4.959
3462,94.465,4.959
3463,94.465,4.959
3464,94.465,4.959
3465,94.465,4.959
3466,94.465,4.959
3467,94.465,4.959
3468,94.465,4.959
3469,94.465,4.959
3470,94.465,4.959
3471,94.465,4.959
3472,94.465,4.959
3473,94.465,4.959
3474,94.465,4.959
3475,94.465,4.959
3476,94.465,4.959
3477,94.465,4.959
3478,94.465,4.959
3479,94.465,4.959
3480,94.465,4.959
3481,94.465,4.959
3482,94.465,4.959
3483,94.465,4.959
3484,94.465,4.959
3485,94.465,4.959
3486,94.465,4.959
3487,94.465,4.959
3488,94.465,4.959
3489,94.465,4.959
3490,94.465,4.959
3491,94.465,4.959
3492,94.465,4.959
3493,94.465,4.959
3494,94.465,4.959
3495,94.465,4.959
3496,94.465,4.959
3497,94.465,4.959
3498,94.465,4.959
3499,94.465,4.959
3500,94.465,4.959
3501,94.465,4.959
3502,94.465,4.959
3503,94.465,4.959
3504,94.465,4.959
3505,94.465,4.959
3506,94.465,4.959
3507,94.465,4.959
3508,94.465,4.959
3509,94.465,4.959
3510,94.465,4.959
3511,94.465,4.959
3512,94.465,4.959
3513,94.465,4.959
3514,94.465,4.959
3515,94.465,4.959
3516,94.465,4.959
3517,94.465,4.959
3518,94.465,4.959
3519,94.465,4.959
3520,94.465,4.959
3521,94.465,4.959
3522,94.465,4.959
3523,94.465,4.959
3524,94.465,4.959
3525,94.465,4.959
3526,94.465,4.959
3527,94.465,4.959
3528,94.465,4.959
3529,94.465,4.959
3530,94.465,4.959
3531,94.465,4.959
3532,94.465,4.959
3533,94.465,4.959
3534,94.465,4.959
3535,94.465,4.959
3536,94.465,4.959
3537,94.465,4.959
3538,94.465,4.959
3539,94.465,4.959
3540,94.465,4.959
3541,94.465,4.959
3542,94.465,4.959
3543,94.465,4.959
3544,94.465,4.959
3545,94.465,4.959
3546,94.465,4.959
3547,94.465,4.959
3548,94.465,4.959
3549,94.465,4.959
3550,94.465,4.959
3551,94.465,4.959
3552,94.465,4.959
3553,94.465,4.959
3554,94.465,4.959
3555,94.465,4.959
3556,94.465,4.959
3557,94.465,4.959
3558,94.465,4.959
3559,94.465,4.959
3560,94.465,4.959
3561,94.465,4.959
3562,94.465,4.959
3563,94.465,4.959
3564,94.465,4.959
3565,94.465,4.959
3566,94.465,4.959
3567,94.465,4.959
3568,94.465,4.959
3569,94.465,4.959
3570,94.465,4.959
3571,94.465,4.959
3572,94.465,4.959
3573,94.465,4.959
3574,94.465,4.959
3575,94.465,4.959
3576,94.465,4.959
3577,94.465,4.959
3578,94.465,4.959
3579,94.465,4.959
3580,94.465,4.959
3581,94.465,4.959
3582,94.465,4.959
3583,94.465,4.959
3584,94.465,4.959
3585,94.465,4.959
3586,94.465,4.959
3587,94.465,4.959
3588,94.465,4.959
3589,94.465,4.959
3590,94.465,4.959
3591,94.465,4.959
3592,94.465,4.959
3593,94.465,4.959
3594,94.465,4.959
3595,94.465,4.959
3596,94.465,4.959
3597,94.465,4.959
3598,94.465,4.959
3599,94.465,4.959
3600,94.465,4.959
3601,94.465,4.959
3602,94.465,4.959
3603,94.465,4.959
3604,94.465,4.959
3605,94.465,4.959
3606,94.465,4.959
3607,94.465,4.959
3608,94.465,4.959
3609,94.465,4.959
3610,94.465,4.959
3611,94.465,4.959
3612,94.465,4.959
3613,94.465,4.959
3614,94.465,4.959
3615,94.465,4.959
3616,94.465,4.959
3617,94.465,4.959
3618,94.465,4.959
3619,94.465,4.959
3620,94.465,4.959
3621,94.465,4.959
3622,94.465,4.959
3623,94.465,4.959
3624,94.465,4.959
3625,94.465,4.959
3626,94.465,4.959
3627,94.465,4.959
3628,94.465,4.959
3629,94.465,4.959
3630,94.465,4.959
3631,94.465,4.959
3632,94.465,4.959
3633,94.465,4.959
3634,94.465,4.959
3635,94.465,4.959
3636,94.465,4.959
3637,94.465,4.959
3638,94.465,4.959
3639,94.465,4.959
3640,94.465,4.959
3641,94.465,4.959
3642,94.465,4.959
3643,94.465,4.959
3644,94.465,4.959
3645,94.465,4.959
3646,94.465,4.959
3647,94.465,4.959
3648,94.465,4.959
3649,94.465,4.959
3650,94.465,4.959
3651,94.465,4.959
3652,94.465,4.959
3653,94.465,4.959
3654,94.465,4.959
3655,94.465,4.959
3656,94.465,4.959
3657,94.465,4.959
3658,94.465,4.959
3659,94.465,4.959
3660,94.465,4.959
3661,94.465,4.959
3662,94.465,4.959
3663,94.465,4.959
3664,94.465,4.959
3665,94.465,4.959
3666,94.465,4.959
3667,94.465,4.959
3668,94.465,4.959
3669,94.465,4.959
3670,94.465,4.959
3671,94.465,4.959
3672,94.465,4.959
3673,94.465,4.959
3674,94.465,4.959
3675,94.465,4.959
3676,94.465,4.959
3677,94.465,4.959
3678,94.465,4.959
3679,94.465,4.959
3680,94.465,4.959
3681,94.465,4.959
3682,94.465,4.959
3683,94.465,4.959
3684,94.465,4.959
3685,94.465,4.959
3686,94.465,4.959
3687,94.465,4.959
3688,94.465,4.959
3689,94.465,4.959
3690,94.465,4.959
3691,94.465,4.959
3692,94.465,4.959
3693,94.465,4.959
3694,94.465,4.959
3695,94.465,4.959
3696,94.465,4.958
3697,94.465,4.958
3698,94.465,4.958
3699,94.465,4.958
3700,94.465,4.958
3701,94.465,4.958
3702,94.465,4.958
3703,94.465,4.958
3704,94.465,4.958
3705,94.465,4.958
3706,94.465,4.958
3707,94.465,4.958
3708,94.465,4.958
3709,94.465,4.958
3710,94.465,4.958
3711,94.465,4.958
3712,94.465,4.958
3713,94.465,4.958
3714,94.465,4.958
3715,94.465,4.958
3716,94.465,4.958
3717,94.465,4.958
3718,94.465,4.958
3719,94.465,4.958
3720,94.465,4.958
3721,94.465,4.958
3722,94.465,4.958
3723,94.465,4.958
3724,94.465,4.958
3725,94.465,4.958
3726,94.465,4.958
3727,94.465,4.958
3728,94.465,4.958
3729,94.465,4.958
3730,94.465,4.958
3731,94.465,4.958
3732,94.465,4.958
3733,94.465,4.958
3734,94.465,4.958
3735,94.465,4.958
3736,94.465,4.958
3737,94.465,4.958
3738,94.465,4.958
3739,94.465,4.958
3740,94.465,4.958
3741,94.465,4.958
3742,94.465,4.958
3743,94.465,4.958
3744,94.465,4.958
3745,94.465,4.958
3746,94.465,4.958
3747,94.465,4.958
3748,94.465,4.958
3749,94.465,4.958
3750,94.465,4.958
3751,94.465,4.958
3752,94.465,4.958
3753,94.465,4.958
3754,94.465,4.958
3755,94.465,4.958
3756,94.465,4.958
3757,94.465,4.955
3758,94.465,4.955
3759,94.465,4.955
3760,94.465,4.955
3761,94.465,4.955
3762,94.465,4.955
3763,94.465,4.955
3764,94.465,4.955
3765,94.465,4.955
3766,94.465,4.955
3767,94.465,4.955
3768,94.465,4.955
3769,94.465,4.955
3770,94.465,4.955
3771,94.465,4.955
3772,94.465,4.955
3773,94.465,4.955
3774,94.465,4.955
3775,94.465,4.955
3776,94.465,4.955
3777,94.465,4.955
3778,94.465,4.955
3779,94.465,4.955
3780,94.465,4.955
3781,94.465,4.955
3782,94.465,4.955
3783,94.465,4.955
3784,94.465,4.955
3785,94.465,4.955
3786,94.465,4.955
3787,94.465,4.955
3788,94.465,4.955
3789,94.465,4.955
3790,94.465,4.955
3791,94.465,4.955
3792,94.465,4.955
3793,94.465,4.955
3794,94.465,4.955
3795,94.465,4.955
3796,94.465,4.955
3797,94.465,4.955
3798,94.465,4.955
3799,94.465,4.955
3800,94.465,4.955
3801,94.465,4.947
3802,94.465,4.947
3803,94.465,4.947
3804,94.465,4.947
3805,94.465,4.947
3806,94.465,4.947
3807,94.465,4.947
3808,94.465,4.947
3809,94.465,4.947
3810,94.465,4.947
3811,94.465,4.947
3812,94.465,4.947
3813,94.465,4.947
3814,94.465,4.947
3815,94.465,4.947
3816,94.465,4.947
3817,94.465,4.947
3818,94.465,4.947
3819,94.465,4.947
3820,94.465,4.947
3821,94.465,4.947
3822,94.465,4.947
3823,94.465,4.947
3824,94.465,4.947
3825,94.465,4.947
3826,94.465,4.947
3827,94.465,4.947
3828,94.465,4.947
3829,94.465,4.947
3830,94.465,4.947
3831,94.465,4.947
3832,94.465,4.947
3833,94.465,4.947
3834,94.465,4.947
3835,94.465,4.947
3836,94.465,4.947
3837,94.465,4.947
3838,94.465,4.947
3839,94.465,4.947
3840,94.465,4.947
3841,94.465,4.947
3842,94.465,4.947
3843,94.465,4.947
3844,94.465,4.947
3845,94.465,4.947
3846,94.465,4.947
3847,94.465,4.947
3848,94.465,4.947
3849,94.465,4.947
3850,94.465,4.947
3851,94.465,4.947
3852,94.465,4.947
3853,94.465,4.947
3854,94.465,4.947
3855,94.465,4.947
3856,94.465,4.947
3857,94.465,4.947
3858,94.465,4.947
3859,94.465,4.947
3860,94.465,4.947
3861,94.465,4.947
3862,94.465,4.947
3863,94.465,4.947
3864,94.465,4.947
3865,94.465,4.947
3866,94.465,4.947
3867,94.465,4.947
3868,94.465,4.947
3869,94.465,4.947
3870,94.465,4.947
3871,94.465,4.947
3872,94.465,4.947
3873,94.465,4.947
3874,94.465,4.947
3875,94.465,4.947
3876,94.465,4.947
3877,94.465,4.947
3878,94.465,4.947
3879,94.465,4.947
3880,94.465,4.947
3881,94.465,4.947
3882,94.465,4.947
3883,94.465,4.947
3884,94.465,4.947
3885,94.465,4.947
3886,94.465,4.947
3887,94.465,4.947
3888,94.465,4.947
3889,94.465,4.947
3890,94.465,4.947
3891,94.465,4.947
3892,94.465,4.947
3893,94.465,4.947
3894,94.465,4.947
3895,94.465,4.947
3896,94.465,4.947
3897,94.465,4.947
3898,94.465,4.947
3899,93.918,4.955
3900,93.918,4.955
3901,93.918,4.955
3902,93.918,4.955
3903,93.918,4.955
3904,93.918,4.955
3905,93.918,4.955
3906,93.918,4.955
3907,93.918,4.955
3908,93.918,4.955
3909,93.918,4.955
3910,93.918,4.955
3911,93.918,4.955
3912,93.918,4.955
3913,93.918,4.955
3914,93.918,4.955
3915,93.918,4.955
3916,93.918,4.955
3917,93.918,4.955
3918,93.918,4.955
3919,93.918,4.955
3920,93.918,4.955
3921,93.918,4.955
3922,93.918,4.955
3923,93.918,4.955
3924,93.918,4.955
3925,93.918,4.955
3926,93.918,4.955
3927,93.918,4.955
3928,93.918,4.955
3929,93.918,4.955
3930,93.918,4.955
3931,93.918,4.955
3932,93.918,4.955
3933,93.918,4.955
3934,93.918,4.955
3935,93.918,4.955
3936,93.918,4.955
3937,93.918,4.955
3938,93.918,4.955
3939,93.918,4.955
3940,93.918,4.955
3941,93.918,4.955
3942,93.918,4.955
3943,93.918,4.955
3944,93.918,4.955
3945,93.918,4.955
3946,93.918,4.955
3947,93.918,4.955
3948,93.918,4.955
3949,93.918,4.955
3950,93.918,4.955
3951,93.918,4.955
3952,93.918,4.955
3953,93.918,4.955
3954,93.918,4.955
3955,93.918,4.955
3956,93.918,4.955
3957,93.918,4.955
3958,93.918,4.956
3959,93.918,4.956
3960,93.918,4.956
3961,93.918,4.956
3962,93.918,4.956
3963,93.918,4.956
3964,93.918,4.956
3965,93.918,4.956
3966,93.918,4.956
3967,93.918,4.956
3968,93.918,4.956
3969,93.918,4.956
3970,93.918,4.956
3971,93.918,4.956
3972,93.918,4.956
3973,93.918,4.956
3974,93.918,4.956
3975,93.918,4.956
3976,93.918,4.956
3977,93.918,4.956
3978,93.918,4.956
3979,93.918,4.956
3980,93.918,4.956
3981,93.918,4.966
3982,93.918,4.966
3983,93.918,4.966
3984,93.918,4.966
3985,93.918,4.966
3986,93.918,4.966
3987,93.918,4.966
3988,93.918,4.966
3989,93.918,4.966
3990,93.918,4.966
3991,93.918,4.966
3992,93.918,4.966
3993,93.918,4.966
3994,93.918,4.966
3995,93.918,4.966
3996,93.918,4.966
3997,93.918,4.966
3998,93.918,4.966
3999,93.918,4.966
4000,93.918,4.966
4001,93.918,4.966
4002,93.918,4.966
4003,93.918,4.966
4004,93.918,4.966
4005,93.918,4.966
4006,93.918,4.966
4007,93.918,4.966
4008,93.918,4.966
4009,93.918,4.966
4010,93.918,4.966
4011,93.918,4.966
4012,93.918,4.966
4013,93.918,4.966
4014,93.918,4.966
4015,93.918,4.966
4016,93.918,4.966
4017,93.918,4.966
4018,93.918,4.966
4019,93.918,4.966
4020,93.918,4.966
4021,93.918,4.966
4022,93.918,4.966
4023,93.918,4.966
4024,93.918,4.966
4025,93.918,4.966
4026,93.918,4.966
4027,93.918,4.966
4028,93.918,4.966
4029,93.918,4.966
4030,93.918,4.966
4031,93.918,4.966
4032,93.918,4.966
4033,93.918,4.966
4034,93.918,4.966
4035,93.918,4.966
4036,93.918,4.966
4037,93.918,4.966
4038,93.918,4.966
4039,93.918,4.966
4040,93.918,4.966
4041,93.918,4.966
4042,93.918,4.966
4043,93.918,4.966
4044,93.918,4.966
4045,93.918,4.966
4046,93.918,4.966
4047,93.918,4.966
4048,93.918,4.966
4049,93.918,4.966
4050,93.918,4.966
4051,93.918,4.959
4052,93.918,4.959
4053,93.918,4.959
4054,93.918,4.959
4055,93.918,4.959
4056,93.918,4.959
4057,93.918,4.959
4058,93.918,4.959
4059,93.918,4.959
4060,93.918,4.959
4061,93.918,4.959
4062,93.918,4.959
4063,93.918,4.959
4064,93.918,4.959
4065,93.918,4.959
4066,93.918,4.959
4067,93.918,4.959
4068,93.918,4.959
4069,93.918,4.959
4070,93.918,4.959
4071,93.918,4.959
4072,93.918,4.959
4073,93.918,4.959
4074,93.918,4.959
4075,93.918,4.959
4076,93.918,4.959
4077,93.918,4.959
4078,93.918,4.959
4079,93.918,4.959
4080,93.918,4.959
4081,93.918,4.959
4082,93.918,4.959
4083,93.918,4.959
4084,93.918,4.959
4085,93.918,4.959
4086,93.918,4.959
4087,93.918,4.959
4088,93.918,4.959
4089,93.918,4.959
4090,93.918,4.959
4091,93.918,4.959
4092,93.918,4.959
4093,93.918,4.959
4094,93.918,4.959
4095,93.918,4.959
4096,93.918,4.959
4097,93.918,4.959
4098,93.918,4.959
4099,93.918,4.959
4100,93.918,4.959
4101,93.918,4.959
4102,93.918,4.959
4103,93.918,4.959
4104,93.918,4.959
4105,93.918,4.959
4106,93.918,4.959
4107,93.918,4.959
4108,93.918,4.959
4109,93.918,4.959
4110,93.918,4.959
4111,93.918,4.959
4112,93.918,4.959
4113,93.918,4.959
4114,93.918,4.959
4115,93.918,4.959
4116,93.918,4.959
4117,93.918,4.959
4118,93.918,4.959
0,93.918,4.959
1,93.918,4.959
2,93.918,4.959
3,93.918,4.959
4,93.918,4.959
5,93.918,4.959
6,93.918,4.959
7,93.918,4.959
8,93.918,4.959
9,93.918,4.959
10,93.918,4.959
11,93.918,4.959
12,93.918,4.959
13,93.918,4.959
14,93.918,4.959
15,93.918,4.959
16,93.918,4.959
17,93.918,4.959
18,93.918,4.959
19,93.918,4.959
20,93.918,4.959
21,93.918,4.96
22,93.918,4.96
23,93.918,4.96
24,93.918,4.96
25,93.918,4.96
26,93.918,4.96
27,93.918,4.96
28,93.918,4.96
29,93.918,4.96
30,93.918,4.96
31,93.918,4.96
32,93.918,4.96
33,93.918,4.96
34,93.918,4.96
35,93.918,4.96
36,93.918,4.96
37,93.918,4.96
38,93.918,4.96
39,93.918,4.96
40,93.918,4.96
41,93.918,4.96
42,93.918,4.96
43,93.918,4.96
44,93.918,4.96
45,93.918,4.96
46,93.918,4.96
47,93.918,4.96
48,93.918,4.96
49,93.918,4.96
50,93.918,4.96
51,93.918,4.96
52,93.918,4.96
53,93.918,4.96
54,93.918,4.96
55,93.918,4.96
56,93.918,4.96
57,93.918,4.96
58,93.918,4.96
59,93.918,4.96
60,93.918,4.96
61,93.918,4.96
62,93.918,4.96
63,93.918,4.96
64,93.918,4.96
65,93.918,4.96
66,93.918,4.96
67,93.918,4.96
68,93.918,4.96
69,93.918,4.96
70,93.918,4.96
71,93.918,4.96
72,93.918,4.96
73,93.918,4.96
74,93.918,4.96
75,93.918,4.96
76,93.918,4.96
77,93.918,4.96
78,93.918,4.96
79,93.918,4.96
80,93.918,4.96
81,93.918,4.96
82,93.918,4.96
83,93.918,4.96
84,93.918,4.96
85,93.918,4.96
86,93.918,4.96
87,93.918,4.96
88,93.918,4.96
89,93.918,4.96
90,93.918,4.96
91,93.918,4.96
92,93.918,4.96
93,93.918,4.96
94,93.918,4.96
95,93.918,4.96
96,93.918,4.96
97,93.918,4.96
98,93.918,4.96
99,93.918,4.96
100,93.918,4.96
101,93.918,4.96
102,93.918,4.96
103,93.918,4.96
104,93.918,4.96
105,93.918,4.96
106,93.918,4.96
107,93.918,4.96
108,93.918,4.96
109,93.918,4.96
110,93.918,4.96
111,93.918,4.96
112,93.918,4.96
113,93.918,4.96
114,93.918,4.96
115,93.918,4.96
116,93.918,4.96
117,93.918,4.96
118,93.918,4.96
119,93.918,4.96
120,93.918,4.96
121,93.918,4.96
122,93.918,4.96
123,93.918,4.96
124,93.918,4.96
125,93.918,4.96
126,93.918,4.96
127,93.918,4.96
128,93.918,4.96
129,93.918,4.96
130,93.918,4.96
131,93.918,4.96
132,93.918,4.96
133,93.918,4.96
134,93.918,4.96
135,93.918,4.96
136,93.918,4.96
137,93.918,4.96
138,93.918,4.96
139,93.918,4.96
140,93.918,4.96
141,93.918,4.96
142,93.918,4.96
143,93.918,4.96
144,93.918,4.96
145,93.918,4.96
146,93.918,4.96
147,93.918,4.96
148,93.918,4.96
149,93.918,4.96
150,93.918,4.96
151,93.918,4.96
152,93.918,4.96
153,93.918,4.96
154,93.918,4.96
155,93.918,4.96
156,93.918,4.96
157,93.918,4.96
158,93.918,4.96
159,93.918,4.96
160,93.918,4.96
161,93.918,4.96
162,93.918,4.96
163,93.918,4.96
164,93.918,4.96
165,93.918,4.96
166,93.918,4.96
167,93.918,4.96
168,93.918,4.96
169,93.918,4.96
170,93.918,4.96
171,93.918,4.96
172,93.918,4.96
173,93.918,4.96
174,93.918,4.96
175,93.918,4.96
176,93.918,4.96
177,93.918,4.96
178,93.918,4.96
179,93.918,4.96
180,93.918,4.96
181,93.918,4.96
182,93.918,4.96
183,93.918,4.96
184,93.918,4.96
185,93.918,4.96
186,93.918,4.96
187,93.918,4.96
188,93.918,4.96
189,93.918,4.96
190,93.918,4.96
191,93.918,4.96
192,93.918,4.96
193,93.918,4.96
194,93.918,4.96
195,93.918,4.96
196,93.918,4.96
197,93.918,4.96
198,93.918,4.96
199,93.918,4.96
200,93.918,4.96
201,93.918,4.96
202,93.918,4.96
203,93.918,4.96
204,93.918,4.96
205,93.918,4.96
206,93.918,4.96
207,93.918,4.96
208,93.918,4.96
209,93.918,4.96
210,93.918,4.96
211,93.918,4.96
212,93.918,4.96
213,93.918,4.96
214,93.918,4.96
215,93.918,4.96
216,93.918,4.96
217,93.918,4.96
218,93.918,4.96
219,93.918,4.96
220,93.918,4.96
221,93.918,4.96
222,93.918,4.96
223,93.918,4.96
224,93.918,4.96
225,93.918,4.96
226,93.918,4.96
227,93.918,4.96
228,93.918,4.96
229,93.918,4.96
230,93.918,4.96
231,93.918,4.96
232,93.918,4.96
233,93.918,4.96
234,93.918,4.96
235,93.918,4.96
236,93.918,4.96
237,93.918,4.96
238,93.918,4.96
239,93.918,4.96
240,93.918,4.96
241,93.918,4.96
242,93.918,4.96
243,93.918,4.96
244,93.918,4.96
245,93.918,4.96
246,93.918,4.96
247,93.918,4.96
248,93.918,4.96
249,93.918,4.96
250,93.918,4.96
251,93.918,4.96
252,93.918,4.96
253,93.918,4.96
254,93.918,4.96
255,93.918,4.96
256,93.918,4.96
257,93.918,4.96
258,93.918,4.96
259,93.918,4.96
260,93.918,4.96
261,93.918,4.96
262,93.918,4.96
263,93.918,4.96
264,93.918,4.96
265,93.918,4.96
266,93.918,4.96
267,93.918,4.96
268,93.918,4.96
269,93.918,4.96
270,93.918,4.96
271,93.918,4.96
272,93.918,4.96
273,93.918,4.96
274,93.918,4.96
275,93.918,4.96
276,93.918,4.96
277,93.918,4.96
278,93.918,4.96
279,93.918,4.96
280,93.918,4.96
281,93.918,4.96
282,93.918,4.96
283,93.918,4.96
284,93.918,4.96
285,93.918,4.96
286,93.918,4.96
287,93.918,4.96
288,93.918,4.96
289,93.918,4.96
290,93.918,4.96
291,93.918,4.96
292,93.918,4.96
293,93.918,4.96
294,93.918,4.96
295,93.918,4.96
296,93.918,4.96
297,93.918,4.96
298,93.918,4.96
299,93.918,4.96
300,93.918,4.96
301,93.918,4.96
302,93.918,4.96
303,93.918,4.96
304,93.918,4.96
305,93.918,4.96
306,93.918,4.96
307,93.918,4.96
308,93.918,4.96
309,93.918,4.96
310,93.918,4.96
311,93.918,4.96
312,93.918,4.96
313,93.918,4.96
314,93.918,4.96
315,93.918,4.96
316,93.918,4.96
317,93.918,4.96
318,93.918,4.96
319,93.918,4.96
320,93.918,4.96
321,93.918,4.96
322,93.918,4.96
323,93.918,4.96
324,93.918,4.96
325,93.918,4.96
326,93.918,4.96
327,93.918,4.96
328,93.918,4.96
329,93.918,4.96
330,93.918,4.96
331,93.918,4.96
332,93.918,4.96
333,93.918,4.96
334,93.918,4.96
335,93.918,4.96
336,93.918,4.96
337,93.918,4.96
338,93.918,4.96
339,93.918,4.96
340,93.918,4.96
341,93.918,4.96
342,93.918,4.96
343,93.918,4.96
344,93.918,4.96
345,93.918,4.96
346,93.918,4.96
347,93.918,4.96
348,93.918,4.96
349,93.918,4.96
350,93.918,4.96
351,93.918,4.96
352,93.918,4.96
353,93.918,4.96
354,93.918,4.96
355,93.918,4.96
356,93.918,4.96
357,93.918,4.96
358,93.918,4.96
359,93.918,4.96
360,93.918,4.96
361,93.918,4.96
362,93.918,4.96
363,93.918,4.96
364,93.918,4.96
365,93.918,4.96
366,93.918,4.96
367,93.918,4.96
368,93.918,4.96
369,93.918,4.96
370,93.918,4.96
371,93.918,4.96
372,93.918,4.96
373,93.918,4.96
374,93.918,4.96
375,93.918,4.962
376,93.918,4.962
377,93.918,4.962
378,93.918,4.962
379,93.918,4.962
380,93.918,4.962
381,93.918,4.962
382,93.918,4.962
383,93.918,4.962
384,93.918,4.962
385,93.918,4.962
386,93.918,4.962
387,93.918,4.962
388,93.918,4.962
389,93.918,4.962
390,93.918,4.962
391,93.918,4.962
392,93.918,4.962
393,93.918,4.962
394,93.918,4.962
395,93.918,4.962
396,93.918,4.962
397,93.918,4.962
398,93.918,4.962
399,93.918,4.962
400,93.918,4.962
401,93.918,4.962
402,93.918,4.962
403,93.918,4.962
404,93.918,4.962
405,93.918,4.962
406,93.918,4.962
407,93.918,4.962
408,93.918,4.962
409,93.918,4.962
410,93.918,4.962
411,93.918,4.962
412,93.918,4.962
413,93.918,4.962
414,93.918,4.962
415,93.918,4.962
416,93.918,4.962
417,93.918,4.962
418,93.918,4.962
419,93.918,4.962
420,93.918,4.962
421,93.918,4.962
422,93.918,4.962
423,93.918,4.962
424,93.918,4.962
425,93.918,4.962
426,93.918,4.962
427,93.918,4.962
428,93.918,4.962
429,93.918,4.962
430,93.918,4.962
431,93.918,4.962
432,93.918,4.962
433,93.918,4.962
434,93.918,4.962
435,93.918,4.962
436,93.918,4.962
437,93.918,4.962
438,93.918,4.962
439,93.918,4.962
440,93.918,4.962
441,93.918,4.962
442,93.918,4.962
443,93.918,4.962
444,93.918,4.962
445,93.918,4.962
446,93.918,4.962
447,93.918,4.962
448,93.918,4.962
449,93.918,4.962
450,93.918,4.962
451,93.918,4.962
452,93.918,4.962
453,93.918,4.962
454,93.918,4.962
455,93.918,4.962
456,93.918,4.962
457,93.918,4.962
458,93.918,4.962
459,93.918,4.962
460,93.918,4.962
461,93.918,4.962
462,93.918,4.962
463,93.918,4.962
464,93.918,4.962
465,93.918,4.962
466,93.918,4.962
467,93.918,4.962
468,93.918,4.962
469,93.918,4.962
470,93.918,4.962
471,93.918,4.962
472,93.918,4.962
473,93.918,4.962
474,93.918,4.962
475,93.918,4.962
476,93.918,4.962
477,93.918,4.962
478,93.918,4.962
479,93.918,4.962
480,93.918,4.962
481,93.918,4.962
482,93.918,4.962
483,93.918,4.962
484,93.918,4.962
485,93.918,4.962
486,93.918,4.962
487,93.918,4.962
488,93.918,4.962
489,93.918,4.962
490,93.918,4.962
491,93.918,4.962
492,93.918,4.962
493,93.918,4.962
494,93.918,4.962
495,93.918,4.962
496,93.918,4.962
497,93.918,4.962
498,93.918,4.962
499,93.918,4.962
500,93.918,4.962
501,93.918,4.962
502,93.918,4.962
503,93.918,4.962
504,93.918,4.962
505,93.918,4.962
506,93.918,4.962
507,93.918,4.962
508,93.918,4.962
509,93.918,4.962
510,93.918,4.962
511,93.918,4.962
512,93.918,4.962
513,93.918,4.962
514,93.918,4.962
515,93.918,4.962
516,93.918,4.962
517,93.918,4.962
518,93.918,4.962
519,93.918,4.962
520,93.918,4.962
521,93.918,4.962
522,93.918,4.962
523,93.918,4.962
524,93.918,4.962
525,93.918,4.962
526,93.918,4.962
527,93.918,4.962
528,93.918,4.962
529,93.918,4.962
530,93.918,4.962
531,93.918,4.962
532,93.918,4.962
533,93.918,4.962
534,93.918,4.962
535,93.918,4.962
536,93.918,4.962
537,93.918,4.962
538,93.918,4.962
539,93.918,4.962
540,93.918,4.962
541,93.918,4.962
542,93.918,4.962
543,93.918,4.962
544,93.918,4.962
545,93.918,4.962
546,93.918,4.962
547,93.918,4.962
548,93.918,4.962
549,93.918,4.962
550,93.918,4.962
551,93.918,4.962
552,93.918,4.962
553,93.918,4.962
554,93.918,4.962
555,93.918,4.962
556,93.918,4.962
557,93.918,4.962
558,93.918,4.962
559,93.918,4.962
560,93.918,4.962
561,93.918,4.962
562,93.918,4.962
563,93.918,4.962
564,93.918,4.962
565,93.918,4.962
566,93.918,4.962
567,93.918,4.962
568,93.918,4.962
569,93.918,4.962
570,93.918,4.962
571,93.918,4.962
572,93.918,4.962
573,93.918,4.962
574,93.918,4.962
575,93.918,4.962
576,93.918,4.962
577,93.918,4.962
578,93.918,4.962
579,93.918,4.962
580,93.918,4.962
581,93.918,4.962
582,93.918,4.962
583,93.918,4.962
584,93.918,4.962
585,93.918,4.962
586,93.918,4.962
587,93.918,4.962
588,93.918,4.962
589,93.918,4.962
590,93.918,4.962
591,93.918,4.962
592,93.918,4.962
593,93.918,4.962
594,93.918,4.962
595,93.918,4.962
596,93.918,4.962
597,93.918,4.962
598,93.918,4.962
599,93.918,4.962
600,93.918,4.962
601,93.918,4.962
602,93.918,4.962
603,93.918,4.962
604,93.918,4.962
605,93.918,4.962
606,93.918,4.962
607,93.918,4.962
608,93.918,4.962
609,93.918,4.962
610,93.918,4.962
611,93.918,4.962
612,93.918,4.962
613,93.918,4.962
614,93.918,4.962
615,93.918,4.962
616,93.918,4.962
617,93.918,4.962
618,93.918,4.962
619,93.918,4.962
620,93.918,4.962
621,93.918,4.962
622,93.918,4.962
623,93.918,4.962
624,93.918,4.962
625,93.918,4.962
626,93.918,4.962
627,93.918,4.962
628,93.918,4.962
629,93.918,4.962
630,93.918,4.962
631,93.918,4.962
632,93.918,4.962
633,93.918,4.962
634,93.918,4.962
635,93.918,4.962
636,93.918,4.962
637,93.918,4.962
638,93.918,4.962
639,93.918,4.962
640,93.918,4.962
641,93.918,4.962
642,93.918,4.962
643,93.918,4.962
644,93.918,4.962
645,93.918,4.962
646,93.918,4.962
647,93.918,4.962
648,93.918,4.962
649,93.918,4.962
650,93.918,4.962
651,93.918,4.962
652,93.918,4.962
653,93.918,4.962
654,93.918,4.962
655,93.918,4.962
656,93.918,4.962
657,93.918,4.962
658,93.918,4.962
659,93.918,4.962
660,93.918,4.962
661,93.918,4.962
662,93.918,4.962
663,93.918,4.962
664,93.918,4.962
665,93.918,4.962
666,93.918,4.962
667,93.918,4.962
668,93.918,4.962
669,93.918,4.962
670,93.918,4.962
671,93.918,4.962
672,93.918,4.962
673,93.918,4.962
674,93.918,4.962
675,93.918,4.962
676,93.918,4.962
677,93.918,4.962
678,93.918,4.962
679,93.918,4.962
680,93.918,4.962
681,93.918,4.962
682,93.918,4.962
683,93.918,4.962
684,93.918,4.962
685,93.918,4.962
686,93.918,4.962
687,93.918,4.962
688,93.918,4.962
689,93.918,4.962
690,93.918,4.962
691,93.918,4.962
692,93.918,4.962
693,93.918,4.962
694,93.918,4.962
695,93.918,4.962
696,93.918,4.962
697,93.918,4.962
698,93.918,4.962
699,93.918,4.962
700,93.918,4.962
701,93.918,4.962
702,93.918,4.962
703,93.918,4.962
704,93.918,4.962
705,93.918,4.962
706,93.918,4.962
707,93.918,4.962
708,93.918,4.962
709,93.918,4.962
710,93.918,4.962
711,93.918,4.962
712,93.918,4.962
713,93.918,4.962
714,93.918,4.962
715,93.918,4.962
716,93.918,4.962
717,93.918,4.962
718,93.918,4.962
719,93.918,4.962
720,93.918,4.962
721,93.918,4.962
722,93.918,4.962
723,93.918,4.962
724,93.918,4.962
725,93.918,4.962
726,93.918,4.962
727,93.918,4.962
728,93.918,4.962
729,93.918,4.962
730,93.918,4.962
731,93.918,4.962
732,93.918,4.962
733,93.918,4.962
734,93.918,4.962
735,93.918,4.962
736,93.918,4.962
737,93.918,4.962
738,93.918,4.962
739,93.918,4.962
740,93.918,4.962
741,93.918,4.962
742,93.918,4.962
743,93.918,4.962
744,93.918,4.962
745,93.918,4.962
746,93.918,4.962
747,93.918,4.962
748,93.918,4.962
749,93.918,4.962
750,93.918,4.962
751,93.918,4.962
752,93.918,4.962
753,93.918,4.962
754,93.918,4.962
755,93.918,4.962
756,93.918,4.962
757,93.918,4.962
758,93.918,4.962
759,93.918,4.962
760,93.918,4.962
761,93.918,4.962
762,93.918,4.962
763,93.918,4.962
764,93.918,4.962
765,93.918,4.962
766,93.918,4.962
767,93.918,4.962
768,93.918,4.962
769,93.918,4.962
770,93.918,4.962
771,93.918,4.962
772,93.918,4.962
773,93.918,4.962
774,93.918,4.962
775,93.918,4.962
776,93.918,4.962
777,93.918,4.962
778,93.918,4.962
779,93.918,4.962
780,93.918,4.962
781,93.918,4.962
782,93.918,4.962
783,93.918,4.962
784,93.918,4.962
785,93.918,4.962
786,93.918,4.962
787,93.918,4.962
788,93.918,4.962
789,93.918,4.962
790,93.918,4.962
791,93.918,4.962
792,93.918,4.962
793,93.918,4.962
794,93.918,4.962
795,93.918,4.962
796,93.918,4.962
797,93.918,4.962
798,93.918,4.962
799,93.918,4.962
800,93.918,4.962
801,93.918,4.962
802,93.918,4.962
803,93.918,4.962
804,93.918,4.962
805,93.918,4.962
806,93.918,4.962
807,93.918,4.962
808,93.918,4.962
809,93.918,4.962
810,93.918,4.962
811,93.918,4.962
812,93.918,4.962
813,93.918,4.962
814,93.918,4.962
815,93.918,4.962
816,93.918,4.962
817,93.918,4.962
818,93.918,4.962
819,93.918,4.962
820,93.918,4.962
821,93.918,4.962
822,93.918,4.962
823,93.918,4.962
824,93.918,4.962
825,93.918,4.962
826,93.918,4.962
827,93.918,4.962
828,93.918,4.962
829,93.918,4.962
830,93.918,4.962
831,93.918,4.962
832,93.918,4.962
833,93.918,4.962
834,93.918,4.962
835,93.918,4.962
836,93.918,4.962
837,93.918,4.962
838,93.918,4.962
839,93.918,4.962
840,93.918,4.962
841,93.918,4.962
842,93.918,4.962
843,93.918,4.962
844,93.918,4.962
845,93.918,4.962
846,93.918,4.962
847,93.918,4.962
848,93.918,4.962
849,93.918,4.962
850,93.918,4.962
851,93.918,4.962
852,93.918,4.962
853,93.918,4.962
854,93.918,4.962
855,93.918,4.962
856,93.918,4.962
857,93.918,4.962
858,93.918,4.962
859,93.918,4.962
860,93.918,4.962
861,93.918,4.962
862,93.918,4.962
863,93.918,4.962
864,93.918,4.962
865,93.918,4.962
866,93.918,4.962
867,93.918,4.962
868,93.918,4.962
869,93.918,4.962
870,93.918,4.962
871,93.918,4.962
872,93.918,4.962
873,93.918,4.962
874,93.918,4.962
875,93.918,4.962
876,93.918,4.962
877,93.918,4.962
878,93.918,4.962
879,93.918,4.962
880,93.918,4.962
881,93.918,4.962
882,93.918,4.962
883,93.918,4.962
884,93.918,4.962
885,93.918,4.962
886,93.918,4.962
887,93.918,4.962
888,93.918,4.962
889,93.918,4.962
890,93.918,4.962
891,93.918,4.962
892,93.918,4.962
893,93.918,4.962
894,93.918,4.962
895,93.918,4.962
896,93.918,4.962
897,93.918,4.962
898,93.918,4.962
899,93.918,4.962
900,93.918,4.962
901,93.918,4.962
902,93.918,4.962
903,93.918,4.962
904,93.918,4.962
905,93.918,4.962
906,93.918,4.962
907,93.918,4.962
908,93.918,4.962
909,93.918,4.962
910,93.918,4.962
911,93.918,4.962
912,93.918,4.962
913,93.918,4.962
914,93.918,4.962
915,93.918,4.962
916,93.918,4.962
917,93.918,4.962
918,93.918,4.962
919,93.918,4.962
920,93.918,4.962
921,93.918,4.962
922,93.918,4.962
923,93.918,4.962
924,93.918,4.962
925,93.918,4.962
926,93.918,4.962
927,93.918,4.962
928,93.918,4.962
929,93.918,4.962
930,93.918,4.962
931,93.918,4.962
932,93.918,4.962
933,93.918,4.962
934,93.918,4.962
935,93.918,4.962
936,93.918,4.962
937,93.918,4.962
938,93.918,4.962
939,93.918,4.962
940,93.918,4.962
941,93.918,4.962
942,93.918,4.962
943,93.918,4.962
944,93.918,4.962
945,93.918,4.962
946,93.918,4.962
947,93.918,4.962
948,93.918,4.962
949,93.918,4.962
950,93.918,4.962
951,93.918,4.962
952,93.918,4.962
953,93.918,4.962
954,93.918,4.962
955,93.918,4.962
956,93.918,4.962
957,93.918,4.962
958,93.918,4.962
959,93.918,4.962
960,93.918,4.962
961,93.918,4.962
962,93.918,4.962
963,93.918,4.962
964,93.918,4.962
965,93.918,4.962
966,93.918,4.962
967,93.918,4.962
968,93.918,4.962
969,93.918,4.962
970,93.918,4.962
971,93.918,4.962
972,93.918,4.962
973,93.918,4.962
974,93.918,4.962
975,93.918,4.962
976,93.918,4.962
977,93.918,4.962
978,93.918,4.962
979,93.918,4.962
980,93.918,4.962
981,93.918,4.962
982,93.918,4.962
983,93.918,4.962
984,93.918,4.962
985,93.918,4.962
986,93.918,4.962
987,93.918,4.962
988,93.918,4.962
989,93.918,4.962
990,93.918,4.962
991,93.918,4.962
992,93.918,4.962
993,93.918,4.962
994,93.918,4.962
995,93.918,4.962
996,93.918,4.962
997,93.918,4.962
998,93.918,4.962
999,93.918,4.962
1000,93.918,4.962
1001,93.918,4.962
1002,93.918,4.962
1003,93.918,4.962
1004,93.918,4.962
1005,93.918,4.962
1006,93.918,4.962
1007,93.918,4.962
1008,93.918,4.962
1009,93.918,4.962
1010,93.918,4.962
1011,93.918,4.962
1012,93.918,4.962
1013,93.918,4.962
1014,93.918,4.962
1015,93.918,4.962
1016,93.918,4.962
1017,93.918,4.962
1018,93.918,4.962
1019,93.918,4.962
1020,93.918,4.962
1021,93.918,4.962
1022,93.918,4.962
1023,93.918,4.962
1024,93.918,4.962
1025,93.918,4.962
1026,93.918,4.962
1027,93.918,4.962
1028,93.918,4.962
1029,93.918,4.962
1030,93.918,4.962
1031,93.918,4.962
1032,93.918,4.962
1033,93.918,4.962
1034,93.918,4.962
1035,93.918,4.962
1036,93.918,4.962
1037,93.918,4.962
1038,93.918,4.962
1039,93.918,4.962
1040,93.918,4.962
1041,93.918,4.962
1042,93.918,4.962
1043,93.918,4.962
1044,93.918,4.962
1045,93.918,4.962
1046,93.918,4.962
1047,93.918,4.962
1048,93.918,4.962
1049,93.918,4.962
1050,93.918,4.962
1051,93.918,4.962
1052,93.918,4.962
1053,93.918,4.962
1054,93.918,4.962
1055,93.918,4.962
1056,93.918,4.962
1057,93.918,4.962
1058,93.918,4.962
1059,93.918,4.962
1060,93.918,4.962
1061,93.918,4.962
1062,93.918,4.962
1063,93.918,4.962
1064,93.918,4.962
1065,93.918,4.962
1066,93.918,4.962
1067,93.918,4.962
1068,93.918,4.962
1069,93.918,4.962
1070,93.918,4.962
1071,93.918,4.962
1072,93.918,4.962
1073,93.918,4.962
1074,93.918,4.962
1075,93.918,4.962
1076,93.918,4.962
1077,93.918,4.962
1078,93.918,4.962
1079,93.918,4.962
1080,93.918,4.962
1081,93.918,4.962
1082,93.918,4.962
1083,93.918,4.962
1084,93.918,4.962
1085,93.918,4.962
1086,93.918,4.962
1087,93.918,4.962
1088,93.918,4.962
1089,93.918,4.962
1090,93.918,4.962
1091,93.918,4.962
1092,93.918,4.962
1093,93.918,4.962
1094,93.918,4.962
1095,93.918,4.962
1096,93.918,4.962
1097,93.918,4.962
1098,93.918,4.962
1099,93.918,4.962
1100,93.918,4.962
1101,93.918,4.962
1102,93.918,4.962
1103,93.918,4.962
1104,93.918,4.962
1105,93.918,4.962
1106,93.918,4.962
1107,93.918,4.962
1108,93.918,4.962
1109,93.918,4.962
1110,93.918,4.962
1111,93.918,4.962
1112,93.918,4.962
1113,93.918,4.962
1114,93.918,4.962
1115,93.918,4.963
1116,93.918,4.963
1117,93.918,4.963
1118,93.918,4.963
1119,93.918,4.963
1120,93.918,4.963
1121,93.918,4.963
1122,93.918,4.963
1123,93.918,4.963
1124,93.918,4.963
1125,93.918,4.963
1126,93.918,4.963
1127,93.918,4.963
1128,93.918,4.963
1129,93.918,4.963
1130,93.918,4.963
1131,93.918,4.963
1132,93.918,4.963
1133,93.918,4.963
1134,93.918,4.963
1135,93.918,4.963
1136,93.918,4.963
1137,93.918,4.963
1138,93.918,4.963
1139,93.918,4.963
1140,93.918,4.963
1141,93.918,4.963
1142,93.918,4.963
1143,93.918,4.963
1144,93.918,4.963
1145,93.918,4.963
1146,93.918,4.963
1147,93.918,4.963
1148,93.918,4.963
1149,93.918,4.963
1150,93.918,4.963
1151,93.918,4.963
1152,93.918,4.963
1153,93.918,4.963
1154,93.918,4.963
1155,93.918,4.963
1156,93.918,4.963
1157,93.918,4.963
1158,93.918,4.963
1159,93.918,4.963
1160,93.918,4.963
1161,93.918,4.963
1162,93.918,4.963
1163,93.918,4.963
1164,93.918,4.963
1165,93.918,4.963
1166,93.918,4.963
1167,93.918,4.963
1168,93.918,4.963
1169,93.918,4.963
1170,93.918,4.963
1171,93.918,4.963
1172,93.918,4.963
1173,93.918,4.963
1174,93.918,4.963
1175,93.918,4.963
1176,93.918,4.963
1177,93.918,4.963
1178,93.918,4.963
1179,93.918,4.963
1180,93.918,4.963
1181,93.918,4.963
1182,93.918,4.963
1183,93.918,4.963
1184,93.918,4.963
1185,93.918,4.963
1186,93.918,4.963
1187,93.918,4.963
1188,93.918,4.963
1189,93.918,4.963
1190,93.918,4.963
1191,93.918,4.963
1192,93.918,4.963
1193,93.918,4.963
1194,93.918,4.963
1195,93.918,4.963
1196,93.918,4.963
1197,93.918,4.963
1198,93.918,4.963
1199,93.918,4.963
1200,93.918,4.963
1201,93.918,4.963
1202,93.918,4.963
1203,93.918,4.963
1204,93.918,4.963
1205,93.918,4.963
1206,93.918,4.963
1207,93.918,4.963
1208,93.918,4.963
1209,93.918,4.963
1210,93.918,4.963
1211,93.918,4.963
1212,93.918,4.963
1213,93.918,4.963
1214,93.918,4.963
1215,93.918,4.963
1216,93.918,4.963
1217,93.918,4.963
1218,93.918,4.963
1219,93.918,4.963
1220,93.918,4.963
1221,93.918,4.963
1222,93.918,4.963
1223,93.918,4.963
1224,93.918,4.963
1225,93.918,4.963
1226,93.918,4.963
1227,93.918,4.963
1228,93.918,4.963
1229,93.918,4.963
1230,93.918,4.963
1231,93.918,4.963
1232,93.918,4.963
1233,93.918,4.963
1234,93.918,4.963
1235,93.918,4.963
1236,93.918,4.963
1237,93.918,4.963
1238,93.918,4.963
1239,93.918,4.963
1240,93.918,4.963
1241,93.918,4.963
1242,93.918,4.963
1243,93.918,4.963
1244,93.918,4.963
1245,93.918,4.963
1246,93.918,4.963
1247,93.918,4.963
1248,93.918,4.963
1249,93.918,4.963
1250,93.918,4.963
1251,93.918,4.963
1252,93.918,4.963
1253,93.918,4.963
1254,93.918,4.963
1255,93.918,4.963
1256,93.918,4.963
1257,93.918,4.963
1258,93.918,4.963
1259,93.918,4.963
1260,93.918,4.963
1261,93.918,4.963
1262,93.918,4.963
1263,93.918,4.963
1264,93.918,4.963
1265,93.918,4.963
1266,93.918,4.963
1267,93.918,4.963
1268,93.918,4.963
1269,93.918,4.963
1270,93.918,4.963
1271,93.918,4.963
1272,93.918,4.963
1273,93.918,4.963
1274,93.918,4.963
1275,93.918,4.963
1276,93.918,4.963
1277,93.918,4.963
1278,93.918,4.963
1279,93.918,4.963
1280,93.918,4.963
1281,93.918,4.963
1282,93.918,4.963
1283,93.918,4.963
1284,93.918,4.963
1285,93.918,4.963
1286,93.918,4.963
1287,93.918,4.963
1288,93.918,4.963
1289,93.918,4.963
1290,93.918,4.963
1291,93.918,4.963
1292,93.918,4.963
1293,93.918,4.963
1294,93.918,4.963
1295,93.918,4.963
1296,93.918,4.963
1297,93.918,4.963
1298,93.918,4.963
1299,93.918,4.963
1300,93.918,4.963
1301,93.918,4.963
1302,93.918,4.963
1303,93.918,4.963
1304,93.918,4.963
1305,93.918,4.963
1306,93.918,4.963
1307,93.918,4.963
1308,93.918,4.963
1309,93.918,4.963
1310,93.918,4.963
1311,93.918,4.963
1312,93.918,4.963
1313,93.918,4.963
1314,93.918,4.963
1315,93.918,4.963
1316,93.918,4.963
1317,93.918,4.963
1318,93.918,4.963
1319,93.918,4.963
1320,93.918,4.963
1321,93.918,4.963
1322,93.918,4.963
1323,93.918,4.963
1324,93.918,4.963
1325,93.918,4.963
1326,93.918,4.963
1327,93.918,4.963
1328,93.918,4.963
1329,93.918,4.963
1330,93.918,4.963
1331,93.918,4.963
1332,93.918,4.963
1333,93.918,4.963
1334,93.918,4.963
1335,93.918,4.963
1336,93.918,4.963
1337,93.918,4.963
1338,93.918,4.963
1339,93.918,4.963
1340,93.918,4.963
1341,93.918,4.963
1342,93.918,4.963
1343,93.918,4.963
1344,93.918,4.963
1345,93.918,4.963
1346,93.918,4.963
1347,93.918,4.963
1348,93.918,4.963
1349,93.918,4.963
1350,93.918,4.963
1351,93.918,4.963
1352,93.918,4.963
1353,93.918,4.963
1354,93.918,4.963
1355,93.918,4.963
1356,93.918,4.963
1357,93.918,4.963
1358,93.918,4.963
1359,93.918,4.963
1360,93.918,4.963
1361,93.918,4.963
1362,93.918,4.963
1363,93.918,4.963
1364,93.918,4.963
1365,93.918,4.963
1366,93.918,4.963
1367,93.918,4.963
1368,93.918,4.963
1369,93.918,4.963
1370,93.918,4.963
1371,93.918,4.963
1372,93.918,4.963
1373,93.918,4.963
1374,93.918,4.963
1375,93.918,4.963
1376,93.918,4.963
1377,93.918,4.963
1378,93.918,4.963
1379,93.918,4.963
1380,93.918,4.963
1381,93.918,4.963
1382,93.918,4.963
1383,93.918,4.963
1384,93.918,4.963
1385,93.918,4.963
1386,93.918,4.963
1387,93.918,4.963
1388,93.918,4.963
1389,93.918,4.963
1390,93.918,4.963
1391,93.918,4.963
1392,93.918,4.963
1393,93.918,4.963
1394,93.918,4.963
1395,93.918,4.963
1396,93.918,4.963
1397,93.918,4.963
1398,93.918,4.963
1399,93.918,4.963
1400,93.918,4.963
1401,93.918,4.963
1402,93.918,4.963
1403,93.918,4.963
1404,93.918,4.963
1405,93.918,4.963
1406,93.918,4.963
1407,93.918,4.963
1408,93.918,4.963
1409,93.918,4.963
1410,93.918,4.963
1411,93.918,4.963
1412,93.918,4.963
1413,93.918,4.963
1414,93.918,4.963
1415,93.918,4.963
1416,93.918,4.963
1417,93.918,4.963
1418,93.918,4.963
1419,93.918,4.963
1420,93.918,4.963
1421,93.918,4.963
1422,93.918,4.963
1423,93.918,4.963
1424,93.918,4.963
1425,93.918,4.963
1426,93.918,4.963
1427,93.918,4.963
1428,93.918,4.963
1429,93.918,4.963
1430,93.918,4.963
1431,93.918,4.963
1432,93.918,4.963
1433,93.918,4.963
1434,93.918,4.963
1435,93.918,4.963
1436,93.918,4.963
1437,93.918,4.963
1438,93.918,4.963
1439,93.918,4.963
1440,93.918,4.963
1441,93.918,4.963
1442,93.918,4.963
1443,93.918,4.963
1444,93.918,4.963
1445,93.918,4.963
1446,93.918,4.963
1447,93.918,4.963
1448,93.918,4.963
1449,93.918,4.963
1450,93.918,4.963
1451,93.918,4.963
1452,93.918,4.963
1453,93.918,4.963
1454,93.918,4.963
1455,93.918,4.963
1456,93.918,4.963
1457,93.918,4.963
1458,93.918,4.963
1459,93.918,4.963
1460,93.918,4.963
1461,93.918,4.963
1462,93.918,4.963
1463,93.918,4.963
1464,93.918,4.963
1465,93.918,4.963
1466,93.918,4.963
1467,93.918,4.963
1468,93.918,4.963
1469,93.918,4.963
1470,93.918,4.963
1471,93.918,4.963
1472,93.918,4.963
1473,93.918,4.963
1474,93.918,4.963
1475,93.918,4.963
1476,93.918,4.963
1477,93.918,4.963
1478,93.918,4.963
1479,93.918,4.963
1480,93.918,4.963
1481,93.918,4.963
1482,93.918,4.963
1483,93.918,4.963
1484,93.918,4.963
1485,93.918,4.963
1486,93.918,4.963
1487,93.918,4.963
1488,93.918,4.963
1489,93.918,4.963
1490,93.918,4.963
1491,93.918,4.963
1492,93.918,4.963
1493,93.918,4.963
1494,93.918,4.963
1495,93.918,4.963
1496,93.918,4.963
1497,93.918,4.963
1498,93.918,4.963
1499,93.918,4.963
1500,93.918,4.963
1501,93.918,4.963
1502,93.918,4.963
1503,93.918,4.963
1504,93.918,4.963
1505,93.918,4.963
1506,93.918,4.963
1507,93.918,4.963
1508,93.918,4.963
1509,93.918,4.963
1510,93.918,4.963
1511,93.918,4.963
1512,93.918,4.963
1513,93.918,4.963
1514,93.918,4.963
1515,93.918,4.963
1516,93.918,4.963
1517,93.918,4.963
1518,93.918,4.963
1519,93.918,4.963
1520,93.918,4.963
1521,93.918,4.963
1522,93.918,4.963
1523,93.918,4.963
1524,93.918,4.963
1525,93.918,4.963
1526,93.918,4.963
1527,93.918,4.963
1528,93.918,4.963
1529,93.918,4.963
1530,93.918,4.963
1531,93.918,4.963
1532,93.918,4.963
1533,93.918,4.963
1534,93.918,4.963
1535,93.918,4.963
1536,93.918,4.963
1537,93.918,4.963
1538,93.918,4.963
1539,93.918,4.963
1540,93.918,4.963
1541,93.918,4.963
1542,93.918,4.963
1543,93.918,4.963
1544,93.918,4.963
1545,93.918,4.963
1546,93.918,4.963
1547,93.918,4.963
1548,93.918,4.963
1549,93.918,4.963
1550,93.918,4.963
1551,93.918,4.963
1552,93.918,4.963
1553,93.918,4.963
1554,93.918,4.963
1555,93.918,4.963
1556,93.918,4.963
1557,93.918,4.963
1558,93.918,4.963
1559,93.918,4.963
1560,93.918,4.963
1561,93.918,4.963
1562,93.918,4.963
1563,93.918,4.963
1564,93.918,4.963
1565,93.918,4.963
1566,93.918,4.963
1567,93.918,4.963
1568,93.918,4.963
1569,93.918,4.963
1570,93.918,4.963
1571,93.918,4.963
1572,93.918,4.963
1573,93.918,4.963
1574,93.918,4.963
1575,93.918,4.963
1576,93.918,4.963
1577,93.918,4.963
1578,93.918,4.963
1579,93.918,4.963
1580,93.918,4.963
1581,93.918,4.963
1582,93.918,4.963
1583,93.918,4.963
1584,93.918,4.963
1585,93.918,4.963
1586,93.918,4.963
1587,93.918,4.963
1588,93.918,4.963
1589,93.918,4.963
1590,93.918,4.963
1591,93.918,4.963
1592,93.918,4.963
1593,93.918,4.963
1594,93.918,4.963
1595,93.918,4.963
1596,93.918,4.963
1597,93.918,4.963
1598,93.918,4.963
1599,93.918,4.963
1600,93.918,4.963
1601,93.918,4.963
1602,93.918,4.963
1603,93.918,4.963
1604,93.918,4.963
1605,93.918,4.963
1606,93.918,4.963
1607,93.918,4.963
1608,93.918,4.963
1609,93.918,4.963
1610,93.918,4.963
1611,93.918,4.963
1612,93.918,4.963
1613,93.918,4.963
1614,93.918,4.963
1615,93.918,4.963
1616,93.918,4.963
1617,93.918,4.963
1618,93.918,4.963
1619,93.918,4.963
1620,93.918,4.963
1621,93.918,4.963
1622,93.918,4.963
1623,93.918,4.963
1624,93.918,4.963
1625,93.918,4.963
1626,93.918,4.963
1627,93.918,4.963
1628,93.918,4.963
1629,93.918,4.963
1630,93.918,4.963
1631,93.918,4.963
1632,93.918,4.963
1633,93.918,4.963
1634,93.918,4.963
1635,93.918,4.963
1636,93.918,4.963
1637,93.918,4.963
1638,93.918,4.963
1639,93.918,4.963
1640,93.918,4.963
1641,93.918,4.963
1642,93.918,4.963
1643,93.918,4.963
1644,93.918,4.963
1645,93.918,4.963
1646,93.918,4.963
1647,93.918,4.963
1648,93.918,4.963
1649,93.918,4.963
1650,93.918,4.963
1651,93.918,4.963
1652,93.918,4.963
1653,93.918,4.963
1654,93.918,4.963
1655,93.918,4.963
1656,93.918,4.963
1657,93.918,4.963
1658,93.918,4.963
1659,93.918,4.963
1660,93.918,4.963
1661,93.918,4.963
1662,93.918,4.963
1663,93.918,4.963
1664,93.918,4.963
1665,93.918,4.963
1666,93.918,4.963
1667,93.918,4.963
1668,93.918,4.963
1669,93.918,4.963
1670,93.918,4.963
1671,93.918,4.963
1672,93.918,4.963
1673,93.918,4.963
1674,93.918,4.963
1675,93.918,4.963
1676,93.918,4.963
1677,93.918,4.963
1678,93.918,4.963
1679,93.918,4.963
1680,93.918,4.963
1681,93.918,4.963
1682,93.918,4.963
1683,93.918,4.963
1684,93.918,4.963
1685,93.918,4.963
1686,93.918,4.963
1687,93.918,4.963
1688,93.918,4.963
1689,93.918,4.963
1690,93.918,4.963
1691,93.918,4.963
1692,93.918,4.963
1693,93.918,4.963
1694,93.918,4.963
1695,93.918,4.963
1696,93.918,4.963
1697,93.918,4.963
1698,93.918,4.963
1699,93.918,4.963
1700,93.918,4.963
1701,93.918,4.963
1702,93.918,4.963
1703,93.918,4.963
1704,93.918,4.963
1705,93.918,4.963
1706,93.918,4.963
1707,93.918,4.963
1708,93.918,4.963
1709,93.918,4.963
1710,93.918,4.963
1711,93.918,4.963
1712,93.918,4.963
1713,93.918,4.963
1714,93.918,4.963
1715,93.918,4.963
1716,93.918,4.963
1717,93.918,4.963
1718,93.918,4.963
1719,93.918,4.963
1720,93.918,4.962
1721,93.918,4.962
1722,93.918,4.962
1723,93.918,4.962
1724,93.918,4.962
1725,93.918,4.962
1726,93.918,4.962
1727,93.918,4.962
1728,93.918,4.962
1729,93.918,4.962
1730,93.918,4.962
1731,93.918,4.962
1732,93.918,4.962
1733,93.918,4.962
1734,93.918,4.962
1735,93.918,4.962
1736,93.918,4.962
1737,93.918,4.962
1738,93.918,4.962
1739,93.918,4.962
1740,93.918,4.962
1741,93.918,4.962
1742,93.918,4.962
1743,93.918,4.962
1744,93.918,4.962
1745,93.918,4.962
1746,93.918,4.962
1747,93.918,4.962
1748,93.918,4.962
1749,93.918,4.962
1750,93.918,4.962
1751,93.918,4.962
1752,93.918,4.962
1753,93.918,4.962
1754,93.918,4.962
1755,93.918,4.962
1756,93.918,4.962
1757,93.918,4.962
1758,93.918,4.962
1759,93.918,4.962
1760,93.918,4.962
1761,93.918,4.962
1762,93.918,4.962
1763,93.918,4.962
1764,93.918,4.962
1765,93.918,4.962
1766,93.918,4.962
1767,93.918,4.962
1768,93.918,4.962
1769,93.918,4.962
1770,93.918,4.962
1771,93.918,4.962
1772,93.918,4.962
1773,93.918,4.962
1774,93.918,4.962
1775,93.918,4.962
1776,93.918,4.962
1777,93.918,4.962
1778,93.918,4.962
1779,93.918,4.962
1780,93.918,4.962
1781,93.918,4.962
1782,93.918,4.962
1783,93.918,4.962
1784,93.918,4.962
1785,93.918,4.962
1786,93.918,4.962
1787,93.918,4.962
1788,93.918,4.962
1789,93.918,4.962
1790,93.918,4.962
1791,93.918,4.962
1792,93.918,4.962
1793,93.918,4.962
1794,93.918,4.962
1795,93.918,4.962
1796,93.918,4.962
1797,93.918,4.962
1798,93.918,4.962
1799,93.918,4.962
1800,93.918,4.962
1801,93.918,4.962
1802,93.918,4.962
1803,93.918,4.962
1804,93.918,4.962
1805,93.918,4.962
1806,93.918,4.962
1807,93.918,4.962
1808,93.918,4.962
1809,93.918,4.962
1810,93.918,4.962
1811,93.918,4.962
1812,93.918,4.962
1813,93.918,4.962
1814,93.918,4.962
1815,93.918,4.962
1816,93.918,4.962
1817,93.918,4.962
1818,93.918,4.962
1819,93.918,4.962
1820,93.918,4.962
1821,93.918,4.962
1822,93.918,4.962
1823,93.918,4.962
1824,93.918,4.962
1825,93.918,4.962
1826,93.918,4.962
1827,93.918,4.962
1828,93.918,4.962
1829,93.918,4.962
1830,93.918,4.962
1831,93.918,4.962
1832,93.918,4.962
1833,93.918,4.962
1834,93.918,4.962
1835,93.918,4.962
1836,93.918,4.962
1837,93.918,4.962
1838,93.918,4.962
1839,93.918,4.962
1840,93.918,4.962
1841,93.918,4.962
1842,93.918,4.962
1843,93.918,4.962
1844,93.918,4.962
1845,93.918,4.962
1846,93.918,4.962
1847,93.918,4.962
1848,93.918,4.962
1849,93.918,4.962
1850,93.918,4.962
1851,93.918,4.962
1852,93.918,4.962
1853,93.918,4.962
1854,93.918,4.962
1855,93.918,4.962
1856,93.918,4.962
1857,93.918,4.962
1858,93.918,4.962
1859,93.918,4.962
1860,93.918,4.962
1861,93.918,4.962
1862,93.918,4.962
1863,93.918,4.962
1864,93.918,4.962
1865,93.918,4.962
1866,93.918,4.962
1867,93.918,4.962
1868,93.918,4.962
1869,93.918,4.962
1870,93.918,4.962
1871,93.918,4.962
1872,93.918,4.962
1873,93.918,4.962
1874,93.918,4.962
1875,93.918,4.962
1876,93.918,4.962
1877,93.918,4.962
1878,93.918,4.962
1879,93.918,4.962
1880,93.918,4.962
1881,93.918,4.962
1882,93.918,4.962
1883,93.918,4.962
1884,93.918,4.962
1885,93.918,4.962
1886,93.918,4.962
1887,93.918,4.962
1888,93.918,4.962
1889,93.918,4.962
1890,93.918,4.962
1891,93.918,4.962
1892,93.918,4.962
1893,93.918,4.962
1894,93.918,4.962
1895,93.918,4.962
1896,93.918,4.962
1897,93.918,4.962
1898,93.918,4.962
1899,93.918,4.962
1900,93.918,4.962
1901,93.918,4.962
1902,93.918,4.962
1903,93.918,4.962
1904,93.918,4.962
1905,93.918,4.962
1906,93.918,4.962
1907,93.918,4.962
1908,93.918,4.962
1909,93.918,4.962
1910,93.918,4.962
1911,93.918,4.962
1912,93.918,4.962
1913,93.918,4.962
1914,93.918,4.962
1915,93.918,4.962
1916,93.918,4.962
1917,93.918,4.962
1918,93.918,4.962
1919,93.918,4.962
1920,93.918,4.962
1921,93.918,4.962
1922,93.918,4.962
1923,93.918,4.962
1924,93.918,4.962
1925,93.918,4.962
1926,93.918,4.962
1927,93.918,4.962
1928,93.918,4.962
1929,93.918,4.962
1930,93.918,4.962
1931,93.918,4.962
1932,93.918,4.962
1933,93.918,4.962
1934,93.918,4.962
1935,93.918,4.962
1936,93.918,4.962
1937,93.918,4.962
1938,93.918,4.962
1939,93.918,4.962
1940,93.918,4.962
1941,93.918,4.962
1942,93.918,4.962
1943,93.918,4.962
1944,93.918,4.962
1945,93.918,4.962
1946,93.918,4.962
1947,93.918,4.962
1948,93.918,4.962
1949,93.918,4.962
1950,93.918,4.962
1951,93.918,4.962
1952,93.918,4.962
1953,93.918,4.962
1954,93.918,4.962
1955,93.918,4.962
1956,93.918,4.962
1957,93.918,4.962
1958,93.918,4.962
1959,93.918,4.962
1960,93.918,4.962
1961,93.918,4.962
1962,93.918,4.962
1963,93.918,4.962
1964,93.918,4.962
1965,93.918,4.962
1966,93.918,4.962
1967,93.918,4.962
1968,93.918,4.962
1969,93.918,4.962
1970,93.918,4.962
1971,93.918,4.962
1972,93.918,4.962
1973,93.918,4.962
1974,93.918,4.962
1975,93.918,4.962
1976,93.918,4.962
1977,93.918,4.962
1978,93.918,4.962
1979,93.918,4.962
1980,93.918,4.962
1981,93.918,4.962
1982,93.918,4.962
1983,93.918,4.962
1984,93.918,4.962
1985,93.918,4.962
1986,93.918,4.962
1987,93.918,4.962
1988,93.918,4.962
1989,93.918,4.962
1990,93.918,4.962
1991,93.918,4.962
1992,93.918,4.962
1993,93.918,4.962
1994,93.918,4.962
1995,93.918,4.962
1996,93.918,4.962
1997,93.918,4.962
1998,93.918,4.962
1999,93.918,4.962
2000,93.918,4.962
2001,93.918,4.962
2002,93.918,4.962
2003,93.918,4.962
2004,93.918,4.962
2005,93.918,4.962
2006,93.918,4.962
2007,93.918,4.962
2008,93.918,4.962
2009,93.918,4.962
2010,93.918,4.962
2011,93.918,4.962
2012,93.918,4.962
2013,93.918,4.962
2014,93.918,4.962
2015,93.918,4.962
2016,93.918,4.962
2017,93.918,4.962
2018,93.918,4.962
2019,93.918,4.962
2020,93.918,4.962
2021,93.918,4.962
2022,93.918,4.962
2023,93.918,4.962
2024,93.918,4.962
2025,93.918,4.962
2026,93.918,4.962
2027,93.918,4.962
2028,93.918,4.962
2029,93.918,4.962
2030,93.918,4.962
2031,93.918,4.962
2032,93.918,4.962
2033,93.918,4.962
2034,93.918,4.962
2035,93.918,4.962
2036,93.918,4.962
2037,93.918,4.962
2038,93.918,4.962
2039,93.918,4.962
2040,93.918,4.962
2041,93.918,4.962
2042,93.918,4.962
2043,93.918,4.962
2044,93.918,4.962
2045,93.918,4.962
2046,93.918,4.962
2047,93.918,4.962
2048,93.918,4.962
2049,93.918,4.962
2050,93.918,4.962
2051,93.918,4.962
2052,93.918,4.962
2053,93.918,4.962
2054,93.918,4.961
2055,93.918,4.961
2056,93.918,4.961
2057,93.918,4.961
2058,93.918,4.961
2059,93.918,4.961
2060,93.918,4.961
2061,93.918,4.961
2062,93.918,4.961
2063,93.918,4.961
2064,93.918,4.961
2065,93.918,4.961
2066,93.918,4.961
2067,93.918,4.961
2068,93.918,4.961
2069,93.918,4.961
2070,93.918,4.961
2071,93.918,4.961
2072,93.918,4.961
2073,93.918,4.961
2074,93.918,4.961
2075,93.918,4.961
2076,93.918,4.961
2077,93.918,4.961
2078,93.918,4.961
2079,93.918,4.961
2080,93.918,4.961
2081,93.918,4.961
2082,93.918,4.961
2083,93.918,4.961
2084,93.918,4.961
2085,93.918,4.961
2086,93.918,4.961
2087,93.918,4.961
2088,93.918,4.961
2089,93.918,4.961
2090,93.918,4.961
2091,93.918,4.961
2092,93.918,4.961
2093,93.918,4.961
2094,93.918,4.961
2095,93.918,4.961
2096,93.918,4.961
2097,93.918,4.961
2098,93.918,4.961
2099,93.918,4.961
2100,93.918,4.961
2101,93.918,4.961
2102,93.918,4.961
2103,93.918,4.961
2104,93.918,4.961
2105,93.918,4.961
2106,93.918,4.961
2107,93.918,4.961
2108,93.918,4.961
2109,93.918,4.961
2110,93.918,4.961
2111,93.918,4.961
2112,93.918,4.961
2113,93.918,4.961
2114,93.918,4.961
2115,93.918,4.961
2116,93.918,4.961
2117,93.918,4.961
2118,93.918,4.961
2119,93.918,4.961
2120,93.918,4.961
2121,93.918,4.961
2122,93.918,4.961
2123,93.918,4.961
2124,93.918,4.961
2125,93.918,4.961
2126,93.918,4.961
2127,93.918,4.961
2128,93.918,4.961
2129,93.918,4.961
2130,93.918,4.961
2131,93.918,4.961
2132,93.918,4.961
2133,93.918,4.961
2134,93.918,4.961
2135,93.918,4.961
2136,93.918,4.961
2137,93.918,4.961
2138,93.918,4.961
2139,93.918,4.961
2140,93.918,4.961
2141,93.918,4.961
2142,93.918,4.961
2143,93.918,4.961
2144,93.918,4.961
2145,93.918,4.961
2146,93.918,4.961
2147,93.918,4.961
2148,93.918,4.961
2149,93.918,4.961
2150,93.918,4.961
2151,93.918,4.961
2152,93.918,4.961
2153,93.918,4.961
2154,93.918,4.961
2155,93.918,4.961
2156,93.918,4.961
2157,93.918,4.961
2158,93.918,4.961
2159,93.918,4.961
2160,93.918,4.961
2161,93.918,4.961
2162,93.918,4.961
2163,93.918,4.961
2164,93.918,4.961
2165,93.918,4.961
2166,93.918,4.961
2167,93.918,4.961
2168,93.918,4.961
2169,93.918,4.961
2170,93.918,4.961
2171,93.918,4.961
2172,93.918,4.961
2173,93.918,4.961
2174,93.918,4.961
2175,93.918,4.961
2176,93.918,4.961
2177,93.918,4.961
2178,93.918,4.961
2179,93.918,4.961
2180,93.918,4.961
2181,93.918,4.961
2182,93.918,4.961
2183,93.918,4.961
2184,93.918,4.961
2185,93.918,4.961
2186,93.918,4.961
2187,93.918,4.961
2188,93.918,4.961
2189,93.918,4.961
2190,93.918,4.961
2191,93.918,4.961
2192,93.918,4.961
2193,93.918,4.961
2194,93.918,4.961
2195,93.918,4.961
2196,93.918,4.961
2197,93.918,4.961
2198,93.918,4.961
2199,93.918,4.961
2200,93.918,4.961
2201,93.918,4.961
2202,93.918,4.961
2203,93.918,4.961
2204,93.918,4.961
2205,93.918,4.961
2206,93.918,4.961
2207,93.918,4.961
2208,93.918,4.961
2209,93.918,4.961
2210,93.918,4.961
2211,93.918,4.961
2212,93.918,4.961
2213,93.918,4.961
2214,93.918,4.961
2215,93.918,4.961
2216,93.918,4.961
2217,93.918,4.961
2218,93.918,4.961
2219,93.918,4.961
2220,93.918,4.961
2221,93.918,4.961
2222,93.918,4.961
2223,93.918,4.961
2224,93.918,4.961
2225,93.918,4.961
2226,93.918,4.961
2227,93.918,4.961
2228,93.918,4.961
2229,93.918,4.961
2230,93.918,4.961
2231,93.918,4.961
2232,93.918,4.961
2233,93.918,4.961
2234,93.918,4.961
2235,93.918,4.961
2236,93.918,4.961
2237,93.918,4.961
2238,93.918,4.961
2239,93.918,4.961
2240,93.918,4.961
2241,93.918,4.961
2242,93.918,4.961
2243,93.918,4.961
2244,93.918,4.961
2245,93.918,4.961
2246,93.918,4.961
2247,93.918,4.961
2248,93.918,4.961
2249,93.918,4.961
2250,93.918,4.961
2251,93.918,4.961
2252,93.918,4.961
2253,93.918,4.961
2254,93.918,4.961
2255,93.918,4.961
2256,93.918,4.961
2257,93.918,4.961
2258,93.918,4.961
2259,93.918,4.961
2260,93.918,4.961
2261,93.918,4.961
2262,93.918,4.961
2263,93.918,4.961
2264,93.918,4.961
2265,93.918,4.961
2266,93.918,4.961
2267,93.918,4.961
2268,93.918,4.961
2269,93.918,4.961
2270,93.918,4.961
2271,93.918,4.961
2272,93.918,4.961
2273,93.918,4.961
2274,93.918,4.961
2275,93.918,4.961
2276,93.918,4.961
2277,93.918,4.961
2278,93.918,4.961
2279,93.918,4.961
2280,93.918,4.961
2281,93.918,4.961
2282,93.918,4.961
2283,93.918,4.961
2284,93.918,4.961
2285,93.918,4.961
2286,93.918,4.961
2287,93.918,4.961
2288,93.918,4.961
2289,93.918,4.961
2290,93.918,4.961
2291,93.918,4.961
2292,93.918,4.961
2293,93.918,4.961
2294,93.918,4.961
2295,93.918,4.961
2296,93.918,4.961
2297,93.918,4.961
2298,93.918,4.961
2299,93.918,4.961
2300,93.918,4.961
2301,93.918,4.961
2302,93.918,4.961
2303,93.918,4.961
2304,93.918,4.961
2305,93.918,4.961
2306,93.918,4.961
2307,93.918,4.961
2308,93.918,4.961
2309,93.918,4.961
2310,93.918,4.961
2311,93.918,4.961
2312,93.918,4.961
2313,93.918,4.961
2314,93.918,4.961
2315,93.918,4.961
2316,93.918,4.961
2317,93.918,4.961
2318,93.918,4.961
2319,93.918,4.961
2320,93.918,4.961
2321,93.918,4.961
2322,93.918,4.961
2323,93.918,4.961
2324,93.918,4.961
2325,93.918,4.961
2326,93.918,4.961
2327,93.918,4.961
2328,93.918,4.961
2329,93.918,4.961
2330,93.918,4.961
2331,93.918,4.961
2332,93.918,4.961
2333,93.918,4.961
2334,93.918,4.961
2335,93.918,4.961
2336,93.918,4.961
2337,93.918,4.961
2338,93.918,4.961
2339,93.918,4.961
2340,93.918,4.961
2341,93.918,4.961
2342,93.918,4.961
2343,93.918,4.961
2344,93.918,4.961
2345,93.918,4.961
2346,93.918,4.961
2347,93.918,4.961
2348,93.918,4.961
2349,93.918,4.961
2350,93.918,4.961
2351,93.918,4.961
2352,93.918,4.961
2353,93.918,4.961
2354,93.918,4.961
2355,93.918,4.961
2356,93.918,4.961
2357,93.918,4.961
2358,93.918,4.961
2359,93.918,4.961
2360,93.918,4.961
2361,93.918,4.961
2362,93.918,4.961
2363,93.918,4.961
2364,93.918,4.961
2365,93.918,4.961
2366,93.918,4.957
2367,93.918,4.957
2368,93.918,4.957
2369,93.918,4.957
2370,93.918,4.957
2371,93.918,4.957
2372,93.918,4.957
2373,93.918,4.957
2374,93.918,4.957
2375,93.918,4.957
2376,93.918,4.957
2377,93.918,4.957
2378,93.918,4.957
2379,93.918,4.957
2380,93.918,4.957
2381,93.918,4.957
2382,93.918,4.957
2383,93.918,4.957
2384,93.918,4.957
2385,93.918,4.957
2386,93.918,4.957
2387,93.918,4.957
2388,93.918,4.957
2389,93.918,4.957
2390,93.918,4.957
2391,93.918,4.957
2392,93.918,4.957
2393,93.918,4.957
2394,93.918,4.957
2395,93.918,4.957
2396,93.918,4.957
2397,93.918,4.957
2398,93.918,4.957
2399,93.918,4.957
2400,93.918,4.957
2401,93.918,4.957
2402,93.918,4.957
2403,93.918,4.957
2404,93.918,4.957
2405,93.918,4.957
2406,93.918,4.957
2407,93.918,4.957
2408,93.918,4.957
2409,93.918,4.957
2410,93.918,4.957
2411,93.918,4.957
2412,93.918,4.957
2413,93.918,4.957
2414,93.918,4.957
2415,93.918,4.957
2416,93.918,4.957
2417,93.918,4.957
2418,93.918,4.957
2419,93.918,4.957
2420,93.918,4.957
2421,93.918,4.957
2422,93.918,4.957
2423,93.918,4.957
2424,93.918,4.957
2425,93.918,4.957
2426,93.918,4.957
2427,93.918,4.957
2428,93.918,4.957
2429,93.918,4.957
2430,93.918,4.957
2431,93.918,4.957
2432,93.918,4.957
2433,93.918,4.957
2434,93.918,4.957
2435,93.918,4.957
2436,93.918,4.957
2437,93.918,4.957
2438,93.918,4.957
2439,93.918,4.957
2440,93.918,4.957
2441,93.918,4.957
2442,93.918,4.957
2443,93.918,4.957
2444,93.918,4.957
2445,93.918,4.957
2446,93.918,4.957
2447,93.918,4.957
2448,93.918,4.957
2449,93.918,4.957
2450,93.918,4.957
2451,93.918,4.957
2452,93.918,4.957
2453,93.918,4.957
2454,93.918,4.957
2455,93.918,4.957
2456,93.918,4.957
2457,93.918,4.957
2458,93.918,4.957
2459,93.918,4.957
2460,93.918,4.957
2461,93.918,4.957
2462,93.918,4.957
2463,93.918,4.957
2464,93.918,4.957
2465,93.918,4.957
2466,93.918,4.957
2467,93.918,4.957
2468,93.918,4.957
2469,93.918,4.957
2470,93.918,4.957
2471,93.918,4.957
2472,93.918,4.957
2473,93.918,4.957
2474,93.918,4.957
2475,93.918,4.957
2476,93.918,4.957
2477,93.918,4.957
2478,93.918,4.957
2479,93.918,4.957
2480,93.918,4.957
2481,93.918,4.957
2482,93.918,4.957
2483,93.918,4.957
2484,93.918,4.957
2485,93.918,4.957
2486,93.918,4.957
2487,93.918,4.957
2488,93.918,4.957
2489,93.918,4.957
2490,93.918,4.957
2491,93.918,4.957
2492,93.918,4.957
2493,93.918,4.957
2494,93.918,4.957
2495,93.918,4.957
2496,93.918,4.957
2497,93.918,4.957
2498,93.918,4.957
2499,93.918,4.957
2500,93.918,4.957
2501,93.918,4.957
2502,93.918,4.957
2503,93.918,4.957
2504,93.918,4.957
2505,93.918,4.957
2506,93.918,4.957
2507,93.918,4.957
2508,93.918,4.957
2509,93.918,4.957
2510,93.918,4.957
2511,93.918,4.957
2512,93.918,4.957
2513,93.918,4.957
2514,93.918,4.957
2515,93.918,4.957
2516,93.918,4.957
2517,93.918,4.957
2518,93.918,4.957
2519,93.918,4.957
2520,93.918,4.957
2521,93.918,4.957
2522,93.918,4.957
2523,93.918,4.957
2524,93.918,4.957
2525,93.918,4.957
2526,93.918,4.957
2527,93.918,4.957
2528,93.918,4.957
2529,93.918,4.957
2530,93.918,4.957
2531,93.918,4.957
2532,93.918,4.957
2533,93.918,4.957
2534,93.918,4.957
2535,93.918,4.957
2536,93.918,4.957
2537,93.918,4.957
2538,93.918,4.957
2539,93.918,4.957
2540,93.918,4.957
2541,93.918,4.957
2542,93.918,4.957
2543,93.918,4.957
2544,93.918,4.957
2545,93.918,4.957
2546,93.918,4.957
2547,93.918,4.957
2548,93.918,4.957
2549,93.918,4.957
2550,93.918,4.957
2551,93.918,4.957
2552,93.918,4.957
2553,93.918,4.957
2554,93.918,4.957
2555,93.918,4.957
2556,93.918,4.957
2557,93.918,4.957
2558,93.918,4.957
2559,93.918,4.957
2560,93.918,4.957
2561,93.918,4.957
2562,93.918,4.957
2563,93.918,4.957
2564,93.918,4.957
2565,93.918,4.957
2566,93.918,4.957
2567,93.918,4.957
2568,93.918,4.957
2569,93.918,4.957
2570,93.918,4.957
2571,93.918,4.957
2572,93.918,4.957
2573,93.918,4.957
2574,93.918,4.957
2575,93.918,4.957
2576,93.918,4.957
2577,93.918,4.957
2578,93.918,4.957
2579,93.918,4.957
2580,93.918,4.957
2581,93.918,4.957
2582,93.918,4.957
2583,93.918,4.957
2584,93.918,4.957
2585,93.918,4.957
2586,93.918,4.957
2587,93.918,4.957
2588,93.918,4.957
2589,93.918,4.957
2590,93.918,4.957
2591,93.918,4.957
2592,93.918,4.957
2593,93.918,4.957
2594,93.918,4.957
2595,93.918,4.957
2596,93.918,4.957
2597,93.918,4.957
2598,93.918,4.957
2599,93.918,4.957
2600,93.918,4.957
2601,93.918,4.957
2602,93.918,4.957
2603,93.918,4.957
2604,93.918,4.957
2605,93.918,4.957
2606,93.918,4.957
2607,93.918,4.957
2608,93.918,4.957
2609,93.918,4.957
2610,93.918,4.957
2611,93.918,4.957
2612,93.918,4.957
2613,93.918,4.957
2614,93.918,4.958
2615,93.918,4.958
2616,93.918,4.958
2617,93.918,4.958
2618,93.918,4.958
2619,93.918,4.958
2620,93.918,4.958
2621,93.918,4.958
2622,93.918,4.958
2623,93.918,4.958
2624,93.918,4.958
2625,93.918,4.958
2626,93.918,4.958
2627,93.918,4.958
2628,93.918,4.958
2629,93.918,4.958
2630,93.918,4.958
2631,93.918,4.958
2632,93.918,4.958
2633,93.918,4.958
2634,93.918,4.958
2635,93.918,4.958
2636,93.918,4.958
2637,93.918,4.958
2638,93.918,4.958
2639,93.918,4.958
2640,93.918,4.958
2641,93.918,4.958
2642,93.918,4.958
2643,93.918,4.958
2644,93.918,4.958
2645,93.918,4.958
2646,93.918,4.958
2647,93.918,4.958
2648,93.918,4.958
2649,93.918,4.958
2650,93.918,4.958
2651,93.918,4.958
2652,93.918,4.958
2653,93.918,4.958
2654,93.918,4.958
2655,93.918,4.958
2656,93.918,4.958
2657,93.918,4.958
2658,93.918,4.958
2659,93.918,4.958
2660,93.918,4.958
2661,93.918,4.958
2662,93.918,4.958
2663,93.918,4.958
2664,93.918,4.958
2665,93.918,4.958
2666,93.918,4.958
2667,93.918,4.958
2668,93.918,4.958
2669,93.918,4.958
2670,93.918,4.958
2671,93.918,4.958
2672,93.918,4.958
2673,93.918,4.958
2674,93.918,4.958
2675,93.918,4.958
2676,93.918,4.958
2677,93.918,4.958
2678,93.918,4.958
2679,93.918,4.958
2680,93.918,4.958
2681,93.918,4.958
2682,93.918,4.958
2683,93.918,4.958
2684,93.918,4.958
2685,93.918,4.958
2686,93.918,4.958
2687,93.918,4.958
2688,93.918,4.958
2689,93.918,4.958
2690,93.918,4.958
2691,93.918,4.958
2692,93.918,4.958
2693,93.918,4.958
2694,93.918,4.958
2695,93.918,4.958
2696,93.918,4.958
2697,93.918,4.958
2698,93.918,4.958
2699,93.918,4.958
2700,93.918,4.958
2701,93.918,4.958
2702,93.918,4.958
2703,93.918,4.958
2704,93.918,4.958
2705,93.918,4.958
2706,93.918,4.958
2707,93.918,4.958
2708,93.918,4.958
2709,93.918,4.958
2710,93.918,4.958
2711,93.918,4.958
2712,93.918,4.958
2713,93.918,4.958
2714,93.918,4.958
2715,93.918,4.958
2716,93.918,4.958
2717,93.918,4.958
2718,93.918,4.958
2719,93.918,4.958
2720,93.918,4.958
2721,93.918,4.958
2722,93.918,4.958
2723,93.918,4.958
2724,93.918,4.958
2725,93.918,4.958
2726,93.918,4.958
2727,93.918,4.958
2728,93.918,4.958
2729,93.918,4.958
2730,93.918,4.958
2731,93.918,4.958
2732,93.918,4.958
2733,93.918,4.958
2734,93.918,4.958
2735,93.918,4.958
2736,93.918,4.958
2737,93.918,4.958
2738,93.918,4.958
2739,93.918,4.958
2740,93.918,4.958
2741,93.918,4.958
2742,93.918,4.958
2743,93.918,4.958
2744,93.918,4.958
2745,93.918,4.958
2746,93.918,4.958
2747,93.918,4.958
2748,93.918,4.958
2749,93.918,4.958
2750,93.918,4.958
2751,93.918,4.958
2752,93.918,4.958
2753,93.918,4.958
2754,93.918,4.958
2755,93.918,4.958
2756,93.918,4.958
2757,93.918,4.958
2758,93.918,4.958
2759,93.918,4.958
2760,93.918,4.958
2761,93.918,4.958
2762,93.918,4.958
2763,93.918,4.958
2764,93.918,4.958
2765,93.918,4.958
2766,93.918,4.958
2767,93.918,4.958
2768,93.918,4.958
2769,93.918,4.958
2770,93.918,4.958
2771,93.918,4.958
2772,93.918,4.958
2773,93.918,4.958
2774,93.918,4.958
2775,93.918,4.958
2776,93.918,4.958
2777,93.918,4.958
2778,93.918,4.958
2779,93.918,4.958
2780,93.918,4.958
2781,93.918,4.958
2782,93.918,4.958
2783,93.918,4.958
2784,93.918,4.958
2785,93.918,4.958
2786,93.918,4.958
2787,93.918,4.958
2788,93.918,4.958
2789,93.918,4.958
2790,93.918,4.958
2791,93.918,4.958
2792,93.918,4.958
2793,93.918,4.958
2794,93.918,4.958
2795,93.918,4.958
2796,93.918,4.958
2797,93.918,4.958
2798,93.918,4.958
2799,93.918,4.958
2800,93.918,4.958
2801,93.918,4.958
2802,93.918,4.958
2803,93.918,4.958
2804,93.918,4.958
2805,93.918,4.958
2806,93.918,4.958
2807,93.918,4.958
2808,93.918,4.958
2809,93.918,4.958
2810,93.918,4.958
2811,93.918,4.958
2812,93.918,4.958
2813,93.918,4.958
2814,93.918,4.958
2815,93.918,4.958
2816,93.918,4.958
2817,93.918,4.958
2818,93.918,4.958
2819,93.918,4.958
2820,93.918,4.958
2821,93.918,4.958
2822,93.918,4.958
2823,93.918,4.958
2824,93.918,4.958
2825,93.918,4.958
2826,93.918,4.958
2827,93.918,4.958
2828,93.918,4.958
2829,93.918,4.958
2830,93.918,4.958
2831,93.918,4.958
2832,93.918,4.958
2833,93.918,4.958
2834,93.918,4.958
2835,93.918,4.958
2836,93.918,4.958
2837,93.918,4.958
2838,93.918,4.958
2839,93.918,4.958
2840,93.918,4.958
2841,93.918,4.958
2842,93.918,4.958
2843,93.918,4.958
2844,93.918,4.958
2845,93.918,4.958
2846,93.918,4.958
2847,93.918,4.958
2848,93.918,4.958
2849,93.918,4.958
2850,93.918,4.958
2851,93.918,4.958
2852,93.918,4.958
2853,93.918,4.958
2854,93.918,4.958
2855,93.918,4.958
2856,93.918,4.958
2857,93.918,4.958
2858,93.918,4.958
2859,93.918,4.958
2860,93.918,4.958
2861,93.918,4.958
2862,93.918,4.958
2863,93.918,4.958
2864,93.918,4.958
2865,93.918,4.958
2866,93.918,4.958
2867,93.918,4.958
2868,93.918,4.958
2869,93.918,4.958
2870,93.918,4.958
2871,93.918,4.958
2872,93.918,4.958
2873,93.918,4.958
2874,93.918,4.958
2875,93.918,4.958
2876,93.918,4.958
2877,93.918,4.958
2878,93.918,4.958
2879,93.918,4.958
2880,93.918,4.958
2881,93.918,4.958
2882,93.918,4.958
2883,93.918,4.958
2884,93.918,4.958
2885,93.918,4.958
2886,93.918,4.958
2887,93.918,4.958
2888,93.918,4.958
2889,93.918,4.958
2890,93.918,4.958
2891,93.918,4.958
2892,93.918,4.958
2893,93.918,4.958
2894,93.918,4.958
2895,93.918,4.958
2896,93.918,4.958
2897,93.918,4.958
2898,93.918,4.958
2899,93.918,4.958
2900,93.918,4.958
2901,93.918,4.958
2902,93.918,4.958
2903,93.918,4.958
2904,93.918,4.958
2905,93.918,4.958
2906,93.918,4.958
2907,93.918,4.958
2908,93.918,4.958
2909,93.918,4.958
2910,93.918,4.958
2911,93.918,4.958
2912,93.918,4.958
2913,93.918,4.958
2914,93.918,4.958
2915,93.918,4.958
2916,93.918,4.958
2917,93.918,4.958
2918,93.918,4.958
2919,93.918,4.958
2920,93.918,4.958
2921,93.918,4.958
2922,93.918,4.958
2923,93.918,4.958
2924,93.918,4.958
2925,93.918,4.958
2926,93.918,4.958
2927,93.918,4.958
2928,93.918,4.958
2929,93.918,4.958
2930,93.918,4.958
2931,93.918,4.958
2932,93.918,4.958
2933,93.918,4.958
2934,93.918,4.958
2935,93.918,4.958
2936,93.918,4.958
2937,93.918,4.958
2938,93.918,4.958
2939,93.918,4.958
2940,93.918,4.958
2941,93.918,4.958
2942,93.918,4.958
2943,93.918,4.958
2944,93.918,4.958
2945,93.918,4.958
2946,93.918,4.957
2947,93.918,4.957
2948,93.918,4.957
2949,93.918,4.957
2950,93.918,4.957
2951,93.918,4.957
2952,93.918,4.957
2953,93.918,4.957
2954,93.918,4.957
2955,93.918,4.957
2956,93.918,4.957
2957,93.918,4.957
2958,93.918,4.957
2959,93.918,4.957
2960,93.918,4.957
2961,93.918,4.957
2962,93.918,4.957
2963,93.918,4.957
2964,93.918,4.957
2965,93.918,4.957
2966,93.918,4.957
2967,93.918,4.957
2968,93.918,4.957
2969,93.918,4.957
2970,93.918,4.957
2971,93.918,4.957
2972,93.918,4.957
2973,93.918,4.957
2974,93.918,4.957
2975,93.918,4.957
2976,93.918,4.957
2977,93.918,4.957
2978,93.918,4.957
2979,93.918,4.957
2980,93.918,4.957
2981,93.918,4.957
2982,93.918,4.957
2983,93.918,4.957
2984,93.918,4.957
2985,93.918,4.957
2986,93.918,4.957
2987,93.918,4.957
2988,93.918,4.957
2989,93.918,4.957
2990,93.918,4.957
2991,93.918,4.957
2992,93.918,4.957
2993,93.918,4.957
2994,93.918,4.957
2995,93.918,4.957
2996,93.918,4.957
2997,93.918,4.957
2998,93.918,4.957
2999,93.918,4.957
3000,93.918,4.957
3001,93.918,4.957
3002,93.918,4.957
3003,93.918,4.957
3004,93.918,4.957
3005,93.918,4.957
3006,93.918,4.957
3007,93.918,4.957
3008,93.918,4.957
3009,93.918,4.957
3010,93.918,4.957
3011,93.918,4.957
3012,93.918,4.957
3013,93.918,4.957
3014,93.918,4.957
3015,93.918,4.957
3016,93.918,4.957
3017,93.918,4.957
3018,93.918,4.957
3019,93.918,4.957
3020,93.918,4.957
3021,93.918,4.957
3022,93.918,4.957
3023,93.918,4.957
3024,93.918,4.957
3025,93.918,4.957
3026,93.918,4.957
3027,93.918,4.957
3028,93.918,4.957
3029,93.918,4.957
3030,93.918,4.957
3031,93.918,4.957
3032,93.918,4.957
3033,93.918,4.957
3034,93.918,4.957
3035,93.918,4.957
3036,93.918,4.957
3037,93.918,4.957
3038,93.918,4.957
3039,93.918,4.957
3040,93.918,4.957
3041,93.918,4.957
3042,93.918,4.957
3043,93.918,4.957
3044,93.918,4.957
3045,93.918,4.957
3046,93.918,4.957
3047,93.918,4.957
3048,93.918,4.957
3049,93.918,4.957
3050,93.918,4.957
3051,93.918,4.957
3052,93.918,4.957
3053,93.918,4.957
3054,93.918,4.957
3055,93.918,4.957
3056,93.918,4.957
3057,93.918,4.957
3058,93.918,4.957
3059,93.918,4.957
3060,93.918,4.957
3061,93.918,4.957
3062,93.918,4.957
3063,93.918,4.957
3064,93.918,4.957
3065,93.918,4.957
3066,93.918,4.957
3067,93.918,4.957
3068,93.918,4.957
3069,93.918,4.957
3070,93.918,4.957
3071,93.918,4.957
3072,93.918,4.957
3073,93.918,4.957
3074,93.918,4.957
3075,93.918,4.957
3076,93.918,4.957
3077,93.918,4.957
3078,93.918,4.957
3079,93.918,4.957
3080,93.918,4.957
3081,93.918,4.957
3082,93.918,4.957
3083,93.918,4.957
3084,93.918,4.957
3085,93.918,4.957
3086,93.918,4.957
3087,93.918,4.957
3088,93.918,4.957
3089,93.918,4.957
3090,93.918,4.957
3091,93.918,4.957
3092,93.918,4.957
3093,93.918,4.957
3094,93.918,4.957
3095,93.918,4.957
3096,93.918,4.957
3097,93.918,4.957
3098,93.918,4.957
3099,93.918,4.957
3100,93.918,4.957
3101,93.918,4.957
3102,93.918,4.957
3103,93.918,4.957
3104,93.918,4.957
3105,93.918,4.957
3106,93.918,4.957
3107,93.918,4.957
3108,93.918,4.957
3109,93.918,4.957
3110,93.918,4.957
3111,93.918,4.957
3112,93.918,4.957
3113,93.918,4.957
3114,93.918,4.957
3115,93.918,4.957
3116,93.918,4.957
3117,93.918,4.957
3118,93.918,4.957
3119,93.918,4.957
3120,93.918,4.957
3121,93.918,4.957
3122,93.918,4.957
3123,93.918,4.957
3124,93.918,4.957
3125,93.918,4.957
3126,93.918,4.957
3127,93.918,4.957
3128,93.918,4.957
3129,93.918,4.957
3130,93.918,4.957
3131,93.918,4.957
3132,93.918,4.957
3133,93.918,4.957
3134,93.918,4.957
3135,93.918,4.957
3136,93.918,4.957
3137,93.918,4.957
3138,93.918,4.957
3139,93.918,4.957
3140,93.918,4.957
3141,93.918,4.957
3142,93.918,4.957
3143,93.918,4.957
3144,93.918,4.957
3145,93.918,4.957
3146,93.918,4.957
3147,93.918,4.957
3148,93.918,4.957
3149,93.918,4.957
3150,93.918,4.957
3151,93.918,4.957
3152,93.918,4.957
3153,93.918,4.957
3154,93.918,4.957
3155,93.918,4.957
3156,93.918,4.957
3157,93.918,4.957
3158,93.918,4.957
3159,93.918,4.957
3160,93.918,4.957
3161,93.918,4.957
3162,93.918,4.957
3163,93.918,4.957
3164,93.918,4.957
3165,93.918,4.957
3166,93.918,4.957
3167,93.918,4.957
3168,93.918,4.957
3169,93.918,4.957
3170,93.918,4.957
3171,93.918,4.957
3172,93.918,4.957
3173,93.918,4.957
3174,93.918,4.957
3175,93.918,4.957
3176,93.918,4.957
3177,93.918,4.957
3178,93.918,4.957
3179,93.918,4.957
3180,93.918,4.957
3181,93.918,4.957
3182,93.918,4.957
3183,93.918,4.957
3184,93.918,4.957
3185,93.918,4.957
3186,93.918,4.957
3187,93.918,4.957
3188,93.918,4.957
3189,93.918,4.957
3190,93.918,4.957
3191,93.918,4.957
3192,93.918,4.957
3193,93.918,4.957
3194,93.918,4.957
3195,93.918,4.957
3196,93.918,4.957
3197,93.918,4.957
3198,93.918,4.957
3199,93.918,4.957
3200,93.918,4.957
3201,93.918,4.957
3202,93.918,4.957
3203,93.918,4.957
3204,93.918,4.957
3205,93.918,4.957
3206,93.918,4.957
3207,93.918,4.957
3208,93.918,4.957
3209,93.918,4.957
3210,93.918,4.957
3211,93.918,4.957
3212,93.918,4.957
3213,93.918,4.957
3214,93.918,4.957
3215,93.918,4.957
3216,93.918,4.957
3217,93.918,4.957
3218,93.918,4.957
3219,93.918,4.957
3220,93.918,4.957
3221,93.918,4.957
3222,93.918,4.957
3223,93.918,4.957
3224,93.918,4.957
3225,93.918,4.957
3226,93.918,4.957
3227,93.918,4.957
3228,93.918,4.957
3229,93.918,4.957
3230,93.918,4.957
3231,93.918,4.957
3232,93.918,4.957
3233,93.918,4.957
3234,93.918,4.957
3235,93.918,4.96
3236,93.918,4.96
3237,93.918,4.96
3238,93.918,4.96
3239,93.918,4.96
3240,93.918,4.96
3241,93.918,4.96
3242,93.918,4.96
3243,93.918,4.96
3244,93.918,4.96
3245,93.918,4.96
3246,93.918,4.96
3247,93.918,4.96
3248,93.918,4.96
3249,93.918,4.96
3250,93.918,4.96
3251,93.918,4.96
3252,93.918,4.96
3253,93.918,4.96
3254,93.918,4.96
3255,93.918,4.96
3256,93.918,4.96
3257,93.918,4.96
3258,93.918,4.96
3259,93.918,4.96
3260,93.918,4.96
3261,93.918,4.96
3262,93.918,4.96
3263,93.918,4.96
3264,93.918,4.96
3265,93.918,4.96
3266,93.918,4.96
3267,93.918,4.96
3268,93.918,4.96
3269,93.918,4.96
3270,93.918,4.96
3271,93.918,4.96
3272,93.918,4.96
3273,93.918,4.96
3274,93.918,4.96
3275,93.918,4.96
3276,93.918,4.96
3277,93.918,4.96
3278,93.918,4.96
3279,93.918,4.96
3280,93.918,4.96
3281,93.918,4.96
3282,93.918,4.96
3283,93.918,4.96
3284,93.918,4.96
3285,93.918,4.96
3286,93.918,4.96
3287,93.918,4.96
3288,93.918,4.96
3289,93.918,4.96
3290,93.918,4.96
3291,93.918,4.96
3292,93.918,4.96
3293,93.918,4.96
3294,93.918,4.96
3295,93.918,4.96
3296,93.918,4.96
3297,93.918,4.96
3298,93.918,4.96
3299,93.918,4.96
3300,93.918,4.96
3301,93.918,4.96
3302,93.918,4.96
3303,93.918,4.96
3304,93.918,4.96
3305,93.918,4.96
3306,93.918,4.96
3307,93.918,4.96
3308,93.918,4.96
3309,93.918,4.96
3310,93.918,4.96
3311,93.918,4.96
3312,93.918,4.96
3313,93.918,4.96
3314,93.918,4.96
3315,93.918,4.96
3316,93.918,4.96
3317,93.918,4.96
3318,93.918,4.96
3319,93.918,4.96
3320,93.918,4.96
3321,93.918,4.96
3322,93.918,4.96
3323,93.918,4.96
3324,93.918,4.96
3325,93.918,4.96
3326,93.918,4.96
3327,93.918,4.96
3328,93.918,4.96
3329,93.918,4.96
3330,93.918,4.96
3331,93.918,4.96
3332,93.918,4.96
3333,93.918,4.96
3334,93.918,4.96
3335,93.918,4.96
3336,93.918,4.96
3337,93.918,4.96
3338,93.918,4.96
3339,93.918,4.96
3340,93.918,4.96
3341,93.918,4.96
3342,93.918,4.96
3343,93.918,4.96
3344,93.918,4.96
3345,93.918,4.96
3346,93.918,4.96
3347,93.918,4.96
3348,93.918,4.96
3349,93.918,4.96
3350,93.918,4.96
3351,93.918,4.96
3352,93.918,4.96
3353,93.918,4.96
3354,93.918,4.96
3355,93.918,4.96
3356,93.918,4.96
3357,93.918,4.96
3358,93.918,4.96
3359,93.918,4.96
3360,93.918,4.96
3361,93.918,4.96
3362,93.918,4.96
3363,93.918,4.96
3364,93.918,4.96
3365,93.918,4.96
3366,93.918,4.96
3367,93.918,4.96
3368,93.918,4.96
3369,93.918,4.96
3370,93.918,4.96
3371,93.918,4.96
3372,93.918,4.96
3373,93.918,4.96
3374,93.918,4.96
3375,93.918,4.96
3376,93.918,4.96
3377,93.918,4.96
3378,93.918,4.96
3379,93.918,4.96
3380,93.918,4.96
3381,93.918,4.96
3382,93.918,4.96
3383,93.918,4.96
3384,93.918,4.96
3385,93.918,4.96
3386,93.918,4.96
3387,93.918,4.96
3388,93.918,4.96
3389,93.918,4.96
3390,93.918,4.96
3391,93.918,4.96
3392,93.918,4.96
3393,93.918,4.96
3394,93.918,4.96
3395,93.918,4.96
3396,93.918,4.96
3397,93.918,4.96
3398,93.918,4.96
3399,93.918,4.96
3400,93.918,4.96
3401,93.918,4.96
3402,93.918,4.96
3403,93.918,4.96
3404,93.918,4.96
3405,93.918,4.96
3406,93.918,4.96
3407,93.918,4.96
3408,93.918,4.96
3409,93.918,4.96
3410,93.918,4.96
3411,93.918,4.96
3412,93.918,4.96
3413,93.918,4.96
3414,93.918,4.96
3415,93.918,4.96
3416,93.918,4.96
3417,93.918,4.96
3418,93.918,4.96
3419,93.918,4.96
3420,93.918,4.96
3421,93.918,4.96
3422,93.918,4.96
3423,93.918,4.96
3424,93.918,4.96
3425,93.918,4.96
3426,93.918,4.96
3427,93.918,4.96
3428,93.918,4.96
3429,93.918,4.96
3430,93.918,4.96
3431,93.918,4.96
3432,93.918,4.96
3433,93.918,4.96
3434,93.918,4.96
3435,93.918,4.96
3436,93.918,4.96
3437,93.918,4.96
3438,93.918,4.96
3439,93.918,4.96
3440,93.918,4.96
3441,93.918,4.96
3442,93.918,4.96
3443,93.918,4.96
3444,93.918,4.96
3445,93.918,4.96
3446,93.918,4.96
3447,93.918,4.96
3448,93.918,4.96
3449,93.918,4.96
3450,93.918,4.96
3451,93.918,4.96
3452,93.918,4.96
3453,93.918,4.96
3454,93.918,4.96
3455,93.918,4.96
3456,93.918,4.96
3457,93.918,4.96
3458,93.918,4.96
3459,93.918,4.96
3460,93.918,4.96
3461,93.918,4.96
3462,93.918,4.96
3463,93.918,4.96
3464,93.918,4.96
3465,93.918,4.96
3466,93.918,4.96
3467,93.918,4.96
3468,93.918,4.96
3469,93.918,4.96
3470,93.918,4.96
3471,93.918,4.96
3472,93.918,4.96
3473,93.918,4.96
3474,93.918,4.96
3475,93.918,4.96
3476,93.918,4.96
3477,93.918,4.96
3478,93.918,4.96
3479,93.918,4.96
3480,93.918,4.96
3481,93.918,4.96
3482,93.918,4.96
3483,93.918,4.96
3484,93.918,4.96
3485,93.918,4.96
3486,93.918,4.96
3487,93.918,4.96
3488,93.918,4.96
3489,93.918,4.96
3490,93.918,4.96
3491,93.918,4.96
3492,93.918,4.96
3493,93.918,4.96
3494,93.918,4.96
3495,93.918,4.96
3496,93.918,4.96
3497,93.918,4.96
3498,93.918,4.96
3499,93.918,4.96
3500,93.918,4.96
3501,93.918,4.96
3502,93.918,4.96
3503,93.918,4.96
3504,93.918,4.96
3505,93.918,4.96
3506,93.918,4.96
3507,93.918,4.96
3508,93.918,4.96
3509,93.918,4.96
3510,93.918,4.96
3511,93.918,4.96
3512,93.918,4.96
3513,93.918,4.96
3514,93.918,4.96
3515,93.918,4.96
3516,93.918,4.96
3517,93.918,4.96
3518,93.918,4.96
3519,93.918,4.96
3520,93.918,4.96
3521,93.918,4.96
3522,93.918,4.96
3523,93.918,4.96
3524,93.918,4.96
3525,93.918,4.96
3526,93.918,4.96
3527,93.918,4.96
3528,93.918,4.96
3529,93.918,4.96
3530,93.918,4.96
3531,93.918,4.96
3532,93.918,4.96
3533,93.918,4.96
3534,93.918,4.96
3535,93.918,4.96
3536,93.918,4.96
3537,93.918,4.96
3538,93.918,4.96
3539,93.918,4.96
3540,93.918,4.96
3541,93.918,4.96
3542,93.918,4.96
3543,93.918,4.96
3544,93.918,4.96
3545,93.918,4.96
3546,93.918,4.96
3547,93.918,4.96
3548,93.918,4.96
3549,93.918,4.96
3550,93.918,4.96
3551,93.918,4.96
3552,93.918,4.96
3553,93.918,4.96
3554,93.918,4.96
3555,93.918,4.96
3556,93.918,4.96
3557,93.918,4.96
3558,93.918,4.96
3559,93.918,4.96
3560,93.918,4.96
3561,93.918,4.96
3562,93.918,4.96
3563,93.918,4.96
3564,93.918,4.96
3565,93.918,4.96
3566,93.918,4.96
3567,93.918,4.96
3568,93.918,4.96
3569,93.918,4.96
3570,93.918,4.96
3571,93.918,4.96
3572,93.918,4.96
3573,93.918,4.96
3574,93.918,4.96
3575,93.918,4.96
3576,93.918,4.96
3577,93.918,4.96
3578,93.918,4.96
3579,93.918,4.96
3580,93.918,4.96
3581,93.918,4.96
3582,93.918,4.96
3583,93.918,4.96
3584,93.918,4.96
3585,93.918,4.96
3586,93.918,4.96
3587,93.918,4.96
3588,93.918,4.96
3589,93.918,4.96
3590,93.918,4.96
3591,93.918,4.96
3592,93.918,4.96
3593,93.918,4.96
3594,93.918,4.96
3595,93.918,4.96
3596,93.918,4.96
3597,93.918,4.96
3598,93.918,4.96
3599,93.918,4.96
3600,93.918,4.96
3601,93.918,4.96
3602,93.918,4.96
3603,93.918,4.96
3604,93.918,4.96
3605,93.918,4.96
3606,93.918,4.96
3607,93.918,4.96
3608,93.918,4.96
3609,93.918,4.96
3610,93.918,4.96
3611,93.918,4.96
3612,93.918,4.96
3613,93.918,4.96
3614,93.918,4.96
3615,93.918,4.96
3616,93.918,4.96
3617,93.918,4.96
3618,93.918,4.96
3619,93.918,4.96
3620,93.918,4.96
3621,93.918,4.96
3622,93.918,4.96
3623,93.918,4.96
3624,93.918,4.96
3625,93.918,4.96
3626,93.918,4.96
3627,93.918,4.961
3628,93.918,4.961
3629,93.918,4.961
3630,93.918,4.961
3631,93.918,4.961
3632,93.918,4.961
3633,93.918,4.961
3634,93.918,4.961
3635,93.918,4.961
3636,93.918,4.961
3637,93.918,4.961
3638,93.918,4.961
3639,93.918,4.961
3640,93.918,4.961
3641,93.918,4.961
3642,93.918,4.961
3643,93.918,4.961
3644,93.918,4.961
3645,93.918,4.961
3646,93.918,4.961
3647,93.918,4.961
3648,93.918,4.961
3649,93.918,4.961
3650,93.918,4.961
3651,93.918,4.961
3652,93.918,4.961
3653,93.918,4.961
3654,93.918,4.961
3655,93.918,4.961
3656,93.918,4.961
3657,93.918,4.961
3658,93.918,4.961
3659,93.918,4.961
3660,93.918,4.961
3661,93.918,4.961
3662,93.918,4.961
3663,93.918,4.961
3664,93.918,4.961
3665,93.918,4.961
3666,93.918,4.961
3667,93.918,4.961
3668,93.918,4.961
3669,93.918,4.961
3670,93.918,4.961
3671,93.918,4.961
3672,93.918,4.961
3673,93.918,4.961
3674,93.918,4.961
3675,93.918,4.961
3676,93.918,4.961
3677,93.918,4.961
3678,93.918,4.961
3679,93.918,4.961
3680,93.918,4.961
3681,93.918,4.961
3682,93.918,4.961
3683,93.918,4.961
3684,93.918,4.961
3685,93.918,4.961
3686,93.918,4.961
3687,93.918,4.961
3688,93.918,4.961
3689,93.918,4.961
3690,93.918,4.961
3691,93.918,4.961
3692,93.918,4.961
3693,93.918,4.961
3694,93.918,4.961
3695,93.918,4.961
3696,93.918,4.961
3697,93.918,4.961
3698,93.918,4.961
3699,93.918,4.961
3700,93.918,4.961
3701,93.918,4.961
3702,93.918,4.961
3703,93.918,4.961
3704,93.918,4.961
3705,93.918,4.961
3706,93.918,4.961
3707,93.918,4.961
3708,93.918,4.961
3709,93.918,4.961
3710,93.918,4.961
3711,93.918,4.961
3712,93.918,4.961
3713,93.918,4.961
3714,93.918,4.961
3715,93.918,4.961
3716,93.918,4.961
3717,93.918,4.961
3718,93.918,4.961
3719,93.918,4.961
3720,93.918,4.961
3721,93.918,4.961
3722,93.918,4.961
3723,93.918,4.961
3724,93.918,4.961
3725,93.918,4.961
3726,93.918,4.961
3727,93.918,4.961
3728,93.918,4.961
3729,93.918,4.961
3730,93.918,4.961
3731,93.918,4.961
3732,93.918,4.961
3733,93.918,4.961
3734,93.918,4.961
3735,93.918,4.961
3736,93.918,4.961
3737,93.918,4.961
3738,93.918,4.961
3739,93.918,4.961
3740,93.918,4.961
3741,93.918,4.961
3742,93.918,4.961
3743,93.918,4.961
3744,93.918,4.961
3745,93.918,4.961
3746,93.918,4.961
3747,93.918,4.961
3748,93.918,4.961
3749,93.918,4.961
3750,93.918,4.961
3751,93.918,4.961
3752,93.918,4.961
3753,93.918,4.961
3754,93.918,4.961
3755,93.918,4.961
3756,93.918,4.961
3757,93.918,4.961
3758,93.918,4.961
3759,93.918,4.961
3760,93.918,4.961
3761,93.918,4.961
3762,93.918,4.961
3763,93.918,4.961
3764,93.918,4.961
3765,93.918,4.961
3766,93.918,4.961
3767,93.918,4.961
3768,93.918,4.961
3769,93.918,4.961
3770,93.918,4.961
3771,93.918,4.961
3772,93.918,4.961
3773,93.918,4.961
3774,93.918,4.961
3775,93.918,4.961
3776,93.918,4.961
3777,93.918,4.961
3778,93.918,4.961
3779,93.918,4.961
3780,93.918,4.961
3781,93.918,4.961
3782,93.918,4.961
3783,93.918,4.961
3784,93.918,4.961
3785,93.918,4.961
3786,93.918,4.961
3787,93.918,4.961
3788,93.918,4.961
3789,93.918,4.961
3790,93.918,4.961
3791,93.918,4.961
3792,93.918,4.961
3793,93.918,4.961
3794,93.918,4.961
3795,93.918,4.961
3796,93.918,4.961
3797,93.918,4.961
3798,93.918,4.961
3799,93.918,4.961
3800,93.918,4.961
3801,93.918,4.961
3802,93.918,4.961
3803,93.918,4.961
3804,93.918,4.961
3805,93.918,4.961
3806,93.918,4.961
3807,93.918,4.961
3808,93.918,4.961
3809,93.918,4.961
3810,93.918,4.961
3811,93.918,4.961
3812,93.918,4.961
3813,93.918,4.961
3814,93.918,4.961
3815,93.918,4.961
3816,93.918,4.961
3817,93.918,4.961
3818,93.918,4.961
3819,93.918,4.961
3820,93.918,4.961
3821,93.918,4.961
3822,93.918,4.961
3823,93.918,4.961
3824,93.918,4.961
3825,93.918,4.961
3826,93.918,4.961
3827,93.918,4.961
3828,93.918,4.961
3829,93.918,4.961
3830,93.918,4.961
3831,93.918,4.961
3832,93.918,4.961
3833,93.918,4.961
3834,93.918,4.961
3835,93.918,4.961
3836,93.918,4.961
3837,93.918,4.961
3838,93.918,4.961
3839,93.918,4.961
3840,93.918,4.961
3841,93.918,4.961
3842,93.918,4.961
3843,93.918,4.961
3844,93.918,4.961
3845,93.918,4.961
3846,93.918,4.961
3847,93.918,4.961
3848,93.918,4.961
3849,93.918,4.961
3850,93.918,4.961
3851,93.918,4.961
3852,93.918,4.961
3853,93.918,4.961
3854,93.918,4.961
3855,93.918,4.961
3856,93.918,4.961
3857,93.918,4.961
3858,93.918,4.961
3859,93.918,4.961
3860,93.918,4.961
3861,93.918,4.961
3862,93.918,4.961
3863,93.918,4.961
3864,93.918,4.961
3865,93.918,4.961
3866,93.918,4.961
3867,93.918,4.961
3868,93.918,4.961
3869,93.918,4.961
3870,93.918,4.961
3871,93.918,4.961
3872,93.918,4.961
3873,93.918,4.961
3874,93.918,4.961
3875,93.918,4.961
3876,93.918,4.961
3877,93.918,4.961
3878,93.918,4.961
3879,93.918,4.961
3880,93.918,4.961
3881,93.918,4.961
3882,93.918,4.961
3883,93.918,4.961
3884,93.918,4.961
3885,93.918,4.961
3886,93.918,4.961
3887,93.918,4.961
3888,93.918,4.961
3889,93.918,4.961
3890,93.918,4.961
3891,93.918,4.961
3892,93.918,4.961
3893,93.918,4.961
3894,93.918,4.961
3895,93.918,4.961
3896,93.918,4.961
3897,93.918,4.961
3898,93.918,4.961
3899,93.918,4.961
3900,93.918,4.961
3901,93.918,4.961
3902,93.918,4.961
3903,93.918,4.961
3904,93.918,4.961
3905,93.918,4.961
3906,93.918,4.961
3907,93.918,4.961
3908,93.918,4.961
3909,93.918,4.961
3910,93.918,4.961
3911,93.918,4.961
3912,93.918,4.961
3913,93.918,4.961
3914,93.918,4.961
3915,93.918,4.961
3916,93.918,4.961
3917,93.918,4.961
3918,93.918,4.961
3919,93.918,4.961
3920,93.918,4.961
3921,93.918,4.961
3922,93.918,4.961
3923,93.918,4.961
3924,93.918,4.961
3925,93.918,4.961
3926,93.918,4.961
3927,93.918,4.961
3928,93.918,4.961
3929,93.918,4.961
3930,93.918,4.961
3931,93.918,4.961
3932,93.918,4.961
3933,93.918,4.961
3934,93.918,4.961
3935,93.918,4.961
3936,93.918,4.961
3937,93.918,4.961
3938,93.918,4.961
3939,93.918,4.961
3940,93.918,4.961
3941,93.918,4.961
3942,93.918,4.961
3943,93.918,4.961
3944,93.918,4.961
3945,93.918,4.961
3946,93.918,4.961
3947,93.918,4.961
3948,93.918,4.961
3949,93.918,4.961
3950,93.918,4.961
3951,93.918,4.961
3952,93.918,4.961
3953,93.918,4.961
3954,93.918,4.961
3955,93.918,4.961
3956,93.918,4.961
3957,93.918,4.961
3958,93.918,4.961
3959,93.918,4.961
3960,93.918,4.961
3961,93.918,4.961
3962,93.918,4.961
3963,93.918,4.961
3964,93.918,4.961
3965,93.918,4.961
3966,93.918,4.961
3967,93.918,4.961
3968,93.918,4.961
3969,93.918,4.961
3970,93.918,4.961
3971,93.918,4.961
3972,93.918,4.961
3973,93.918,4.961
3974,93.918,4.961
3975,93.918,4.961
3976,93.918,4.961
3977,93.918,4.961
3978,93.918,4.961
3979,93.918,4.961
3980,93.918,4.961
3981,93.918,4.961
3982,93.918,4.961
3983,93.918,4.961
3984,93.918,4.961
3985,93.918,4.961
3986,93.918,4.961
3987,93.918,4.961
3988,93.918,4.961
3989,93.918,4.961
3990,93.918,4.961
3991,93.918,4.961
3992,93.918,4.961
3993,93.918,4.963
3994,93.918,4.963
3995,93.918,4.963
3996,93.918,4.963
3997,93.918,4.963
3998,93.918,4.963
3999,93.918,4.963
4000,93.918,4.963
4001,93.918,4.963
4002,93.918,4.963
4003,93.918,4.963
4004,93.918,4.963
4005,93.918,4.963
4006,93.918,4.963
4007,93.918,4.963
4008,93.918,4.963
4009,93.918,4.963
4010,93.918,4.963
4011,93.918,4.963
4012,93.918,4.963
4013,93.918,4.963
4014,93.918,4.963
4015,93.918,4.963
4016,93.918,4.963
4017,93.918,4.963
4018,93.918,4.963
4019,93.918,4.963
4020,93.918,4.963
4021,93.918,4.963
4022,93.918,4.963
4023,93.918,4.963
4024,93.918,4.963
4025,93.918,4.963
4026,93.918,4.963
4027,93.918,4.963
4028,93.918,4.963
4029,93.918,4.963
4030,93.918,4.963
4031,93.918,4.963
4032,93.918,4.963
4033,93.918,4.963
4034,93.918,4.963
4035,93.918,4.963
4036,93.918,4.963
4037,93.918,4.963
4038,93.918,4.963
4039,93.918,4.963
4040,93.918,4.963
4041,93.918,4.963
4042,93.918,4.963
4043,93.918,4.963
4044,93.918,4.963
4045,93.918,4.963
4046,93.918,4.963
4047,93.918,4.963
4048,93.918,4.963
4049,93.918,4.963
4050,93.918,4.963
4051,93.918,4.963
4052,93.918,4.963
4053,93.918,4.963
4054,93.918,4.963
4055,93.918,4.963
4056,93.918,4.963
4057,93.918,4.963
4058,93.918,4.963
4059,93.918,4.963
4060,93.918,4.963
4061,93.918,4.963
4062,93.918,4.963
4063,93.918,4.963
4064,93.918,4.963
4065,93.918,4.963
4066,93.918,4.963
4067,93.918,4.963
4068,93.918,4.963
4069,93.918,4.963
4070,93.918,4.963
4071,93.918,4.963
4072,93.918,4.963
4073,93.918,4.963
4074,93.918,4.963
4075,93.918,4.963
4076,93.918,4.963
4077,93.918,4.963
4078,93.918,4.963
4079,93.918,4.963
4080,93.918,4.963
4081,93.918,4.963
4082,93.918,4.963
4083,93.918,4.963
4084,93.918,4.963
4085,93.918,4.963
4086,93.918,4.963
4087,93.918,4.963
4088,93.918,4.963
4089,93.918,4.963
4090,93.918,4.963
4091,93.918,4.963
4092,93.918,4.963
4093,93.918,4.963
4094,93.918,4.963
4095,93.918,4.963
4096,93.918,4.963
4097,93.918,4.963
4098,93.918,4.963
4099,93.918,4.963
4100,93.918,4.963
4101,93.918,4.963
4102,93.918,4.963
4103,93.918,4.963
4104,93.918,4.963
4105,93.918,4.963
4106,93.918,4.963
4107,93.918,4.963
4108,93.918,4.963
4109,93.918,4.963
4110,93.918,4.963
4111,93.918,4.963
4112,93.918,4.963
4113,93.918,4.963
4114,93.918,4.963
4115,93.918,4.963
4116,93.918,4.963
4117,93.918,4.963
4118,93.918,4.963
0,93.918,4.963
1,93.918,4.963
2,93.918,4.963
3,93.918,4.963
4,93.918,4.963
5,93.918,4.963
6,93.918,4.963
7,93.918,4.963
8,93.918,4.963
9,93.918,4.963
10,93.918,4.963
11,93.918,4.963
12,93.918,4.963
13,93.918,4.963
14,93.918,4.963
15,93.918,4.963
16,93.918,4.963
17,93.918,4.963
18,93.918,4.963
19,93.918,4.963
20,93.918,4.963
21,93.918,4.963
22,93.918,4.963
23,93.918,4.963
24,93.918,4.963
25,93.918,4.963
26,93.918,4.963
27,93.918,4.963
28,93.918,4.963
29,93.918,4.963
30,93.918,4.963
31,93.918,4.963
32,93.918,4.963
33,93.918,4.963
34,93.918,4.963
35,93.918,4.963
36,93.918,4.963
37,93.918,4.963
38,93.918,4.963
39,93.918,4.963
40,93.918,4.963
41,93.918,4.963
42,93.918,4.963
43,93.918,4.963
44,93.918,4.963
45,93.918,4.963
46,93.918,4.963
47,93.918,4.963
48,93.918,4.963
49,93.918,4.963
50,93.918,4.963
51,93.918,4.963
52,93.918,4.963
53,93.918,4.963
54,93.918,4.963
55,93.918,4.963
56,93.918,4.963
57,93.918,4.963
58,93.918,4.963
59,93.918,4.963
60,93.918,4.963
61,93.918,4.963
62,93.918,4.963
63,93.918,4.963
64,93.918,4.963
65,93.918,4.963
66,93.918,4.963
67,93.918,4.963
68,93.918,4.963
69,93.918,4.963
70,93.918,4.963
71,93.918,4.963
72,93.918,4.963
73,93.918,4.963
74,93.918,4.963
75,93.918,4.963
76,93.918,4.963
77,93.918,4.963
78,93.918,4.963
79,93.918,4.963
80,93.918,4.963
81,93.918,4.963
82,93.918,4.963
83,93.918,4.963
84,93.918,4.963
85,93.918,4.963
86,93.918,4.963
87,93.918,4.963
88,93.918,4.963
89,93.918,4.963
90,93.918,4.963
91,93.918,4.963
92,93.918,4.963
93,93.918,4.963
94,93.918,4.963
95,93.918,4.963
96,93.918,4.963
97,93.918,4.963
98,93.918,4.963
99,93.918,4.963
100,93.918,4.963
101,93.918,4.963
102,93.918,4.963
103,93.918,4.963
104,93.918,4.963
105,93.918,4.963
106,93.918,4.963
107,93.918,4.963
108,93.918,4.963
109,93.918,4.963
110,93.918,4.963
111,93.918,4.963
112,93.918,4.963
113,93.918,4.963
114,93.918,4.963
115,93.918,4.963
116,93.918,4.963
117,93.918,4.963
118,93.918,4.963
119,93.918,4.963
120,93.918,4.963
121,93.918,4.963
122,93.918,4.963
123,93.918,4.963
124,93.918,4.963
125,93.918,4.963
126,93.918,4.963
127,93.918,4.963
128,93.918,4.963
129,93.918,4.963
130,93.918,4.963
131,93.918,4.963
132,93.918,4.963
133,93.918,4.963
134,93.918,4.963
135,93.918,4.963
136,93.918,4.963
137,93.918,4.963
138,93.918,4.963
139,93.918,4.963
140,93.918,4.963
141,93.918,4.963
142,93.918,4.963
143,93.918,4.963
144,93.918,4.963
145,93.918,4.963
146,93.918,4.963
147,93.918,4.963
148,93.918,4.963
149,93.918,4.963
150,93.918,4.963
151,93.918,4.963
152,93.918,4.963
153,93.918,4.963
154,93.918,4.963
155,93.918,4.963
156,93.918,4.963
157,93.918,4.963
158,93.918,4.963
159,93.918,4.963
160,93.918,4.963
161,93.918,4.963
162,93.918,4.963
163,93.918,4.963
164,93.918,4.963
165,93.918,4.963
166,93.918,4.963
167,93.918,4.963
168,93.918,4.963
169,93.918,4.963
170,93.918,4.963
171,93.918,4.963
172,93.918,4.963
173,93.918,4.963
174,93.918,4.963
175,93.918,4.963
176,93.918,4.963
177,93.918,4.963
178,93.918,4.963
179,93.918,4.963
180,93.918,4.963
181,93.918,4.963
182,93.918,4.963
183,93.918,4.963
184,93.918,4.963
185,93.918,4.963
186,93.918,4.963
187,93.918,4.963
188,93.918,4.963
189,93.918,4.963
190,93.918,4.963
191,93.918,4.963
192,93.918,4.963
193,93.918,4.963
194,93.918,4.963
195,93.918,4.963
196,93.918,4.963
197,93.918,4.963
198,93.918,4.963
199,93.918,4.963
200,93.918,4.963
201,93.918,4.963
202,93.918,4.963
203,93.918,4.963
204,93.918,4.963
205,93.918,4.963
206,93.918,4.963
207,93.918,4.963
208,93.918,4.963
209,93.918,4.963
210,93.918,4.963
211,93.918,4.963
212,93.918,4.963
213,93.918,4.963
214,93.918,4.963
215,93.918,4.963
216,93.918,4.963
217,93.918,4.963
218,93.918,4.963
219,93.918,4.963
220,93.918,4.963
221,93.918,4.963
222,93.918,4.963
223,93.918,4.963
224,93.918,4.963
225,93.918,4.963
226,93.918,4.963
227,93.918,4.963
228,93.918,4.963
229,93.918,4.963
230,93.918,4.963
231,93.918,4.963
232,93.918,4.963
233,93.918,4.963
234,93.918,4.963
235,93.918,4.963
236,93.918,4.963
237,93.918,4.963
238,93.918,4.963
239,93.918,4.963
240,93.918,4.963
241,93.918,4.963
242,93.918,4.963
243,93.918,4.963
244,93.918,4.963
245,93.918,4.963
246,93.918,4.963
247,93.918,4.963
248,93.918,4.963
249,93.918,4.963
250,93.918,4.963
251,93.918,4.963
252,93.918,4.963
253,93.918,4.963
254,93.918,4.962
255,93.918,4.962
256,93.918,4.962
257,93.918,4.962
258,93.918,4.962
259,93.918,4.962
260,93.918,4.962
261,93.918,4.962
262,93.918,4.962
263,93.918,4.962
264,93.918,4.962
265,93.918,4.962
266,93.918,4.962
267,93.918,4.962
268,93.918,4.962
269,93.918,4.962
270,93.918,4.962
271,93.918,4.962
272,93.918,4.962
273,93.918,4.962
274,93.918,4.962
275,93.918,4.962
276,93.918,4.962
277,93.918,4.962
278,93.918,4.962
279,93.918,4.962
280,93.918,4.962
281,93.918,4.962
282,93.918,4.962
283,93.918,4.962
284,93.918,4.962
285,93.918,4.962
286,93.918,4.962
287,93.918,4.962
288,93.918,4.962
289,93.918,4.962
290,93.918,4.962
291,93.918,4.962
292,93.918,4.962
293,93.918,4.962
294,93.918,4.962
295,93.918,4.962
296,93.918,4.962
297,93.918,4.962
298,93.918,4.962
299,93.918,4.962
300,93.918,4.962
301,93.918,4.962
302,93.918,4.962
303,93.918,4.962
304,93.918,4.962
305,93.918,4.962
306,93.918,4.962
307,93.918,4.962
308,93.918,4.962
309,93.918,4.962
310,93.918,4.962
311,93.918,4.962
312,93.918,4.962
313,93.918,4.962
314,93.918,4.962
315,93.918,4.962
316,93.918,4.962
317,93.918,4.962
318,93.918,4.962
319,93.918,4.962
320,93.918,4.962
321,93.918,4.962
322,93.918,4.962
323,93.918,4.962
324,93.918,4.962
325,93.918,4.962
326,93.918,4.962
327,93.918,4.962
328,93.918,4.962
329,93.918,4.962
330,93.918,4.962
331,93.918,4.962
332,93.918,4.962
333,93.918,4.962
334,93.918,4.962
335,93.918,4.962
336,93.918,4.962
337,93.918,4.962
338,93.918,4.962
339,93.918,4.962
340,93.918,4.962
341,93.918,4.962
342,93.918,4.962
343,93.918,4.962
344,93.918,4.962
345,93.918,4.962
346,93.918,4.962
347,93.918,4.962
348,93.918,4.962
349,93.918,4.962
350,93.918,4.962
351,93.918,4.962
352,93.918,4.962
353,93.918,4.962
354,93.918,4.962
355,93.918,4.962
356,93.918,4.962
357,93.918,4.962
358,93.918,4.962
359,93.918,4.962
360,93.918,4.962
361,93.918,4.962
362,93.918,4.962
363,93.918,4.962
364,93.918,4.962
365,93.918,4.962
366,93.918,4.962
367,93.918,4.962
368,93.918,4.962
369,93.918,4.962
370,93.918,4.962
371,93.918,4.962
372,93.918,4.962
373,93.918,4.962
374,93.918,4.962
375,93.918,4.962
376,93.918,4.962
377,93.918,4.962
378,93.918,4.962
379,93.918,4.962
380,93.918,4.962
381,93.918,4.962
382,93.918,4.962
383,93.918,4.962
384,93.918,4.962
385,93.918,4.962
386,93.918,4.962
387,93.918,4.962
388,93.918,4.962
389,93.918,4.962
390,93.918,4.962
391,93.918,4.962
392,93.918,4.962
393,93.918,4.962
394,93.918,4.962
395,93.918,4.962
396,93.918,4.962
397,93.918,4.962
398,93.918,4.962
399,93.918,4.962
400,93.918,4.962
401,93.918,4.962
402,93.918,4.962
403,93.918,4.962
404,93.918,4.962
405,93.918,4.962
406,93.918,4.962
407,93.918,4.962
408,93.918,4.962
409,93.918,4.962
410,93.918,4.962
411,93.918,4.962
412,93.918,4.962
413,93.918,4.962
414,93.918,4.962
415,93.918,4.962
416,93.918,4.962
417,93.918,4.962
418,93.918,4.962
419,93.918,4.962
420,93.918,4.962
421,93.918,4.962
422,93.918,4.962
423,93.918,4.962
424,93.918,4.962
425,93.918,4.962
426,93.918,4.962
427,93.918,4.962
428,93.918,4.962
429,93.918,4.962
430,93.918,4.962
431,93.918,4.962
432,93.918,4.962
433,93.918,4.962
434,93.918,4.962
435,93.918,4.962
436,93.918,4.962
437,93.918,4.962
438,93.918,4.962
439,93.918,4.962
440,93.918,4.962
441,93.918,4.962
442,93.918,4.962
443,93.918,4.962
444,93.918,4.962
445,93.918,4.962
446,93.918,4.962
447,93.918,4.962
448,93.918,4.962
449,93.918,4.962
450,93.918,4.962
451,93.918,4.962
452,93.918,4.962
453,93.918,4.962
454,93.918,4.962
455,93.918,4.962
456,93.918,4.962
457,93.918,4.962
458,93.918,4.962
459,93.918,4.962
460,93.918,4.962
461,93.918,4.962
462,93.918,4.962
463,93.918,4.962
464,93.918,4.962
465,93.918,4.962
466,93.918,4.962
467,93.918,4.962
468,93.918,4.962
469,93.918,4.962
470,93.918,4.962
471,93.918,4.962
472,93.918,4.962
473,93.918,4.962
474,93.918,4.962
475,93.918,4.962
476,93.918,4.962
477,93.918,4.962
478,93.918,4.962
479,93.918,4.962
480,93.918,4.962
481,93.918,4.962
482,93.918,4.962
483,93.918,4.962
484,93.918,4.962
485,93.918,4.962
486,93.918,4.962
487,93.918,4.962
488,93.918,4.962
489,93.918,4.962
490,93.918,4.962
491,93.918,4.962
492,93.918,4.962
493,93.918,4.962
494,93.918,4.962
495,93.918,4.962
496,93.918,4.962
497,93.918,4.962
498,93.918,4.962
499,93.918,4.962
500,93.918,4.962
501,93.918,4.962
502,93.918,4.962
503,93.918,4.962
504,93.918,4.962
505,93.918,4.962
506,93.918,4.962
507,93.918,4.962
508,93.918,4.962
509,93.918,4.962
510,93.918,4.962
511,93.918,4.962
512,93.918,4.962
513,93.918,4.962
514,93.918,4.962
515,93.918,4.962
516,93.918,4.962
517,93.918,4.962
518,93.918,4.962
519,93.918,4.962
520,93.918,4.962
521,93.918,4.962
522,93.918,4.962
523,93.918,4.962
524,93.918,4.962
525,93.918,4.962
526,93.918,4.962
527,93.918,4.962
528,93.918,4.962
529,93.918,4.962
530,93.918,4.962
531,93.918,4.962
532,93.918,4.962
533,93.918,4.962
534,93.918,4.962
535,93.918,4.962
536,93.918,4.962
537,93.918,4.962
538,93.918,4.962
539,93.918,4.962
540,93.918,4.962
541,93.918,4.962
542,93.918,4.962
543,93.918,4.962
544,93.918,4.962
545,93.918,4.962
546,93.918,4.962
547,93.918,4.962
548,93.918,4.962
549,93.918,4.962
550,93.918,4.962
551,93.918,4.962
552,93.918,4.962
553,93.918,4.962
554,93.918,4.962
555,93.918,4.962
556,93.918,4.962
557,93.918,4.962
558,93.918,4.962
559,93.918,4.962
560,93.918,4.962
561,93.918,4.962
562,93.918,4.962
563,93.918,4.962
564,93.918,4.962
565,93.918,4.962
566,93.918,4.962
567,93.918,4.962
568,93.918,4.962
569,93.918,4.962
570,93.918,4.962
571,93.918,4.962
572,93.918,4.962
573,93.918,4.962
574,93.918,4.962
575,93.918,4.962
576,93.918,4.962
577,93.918,4.962
578,93.918,4.962
579,93.918,4.962
580,93.918,4.962
581,93.918,4.962
582,93.918,4.962
583,93.918,4.962
584,93.918,4.962
585,93.918,4.962
586,93.918,4.962
587,93.918,4.962
588,93.918,4.962
589,93.918,4.962
590,93.918,4.962
591,93.918,4.962
592,93.918,4.962
593,93.918,4.962
594,93.918,4.962
595,93.918,4.962
596,93.918,4.962
597,93.918,4.962
598,93.918,4.962
599,93.918,4.962
600,93.918,4.962
601,93.918,4.962
602,93.918,4.962
603,93.918,4.962
604,93.918,4.962
605,93.918,4.962
606,93.918,4.962
607,93.918,4.962
608,93.918,4.962
609,93.918,4.962
610,93.918,4.962
611,93.918,4.962
612,93.918,4.962
613,93.918,4.962
614,93.918,4.962
615,93.918,4.962
616,93.918,4.962
617,93.918,4.962
618,93.918,4.962
619,93.918,4.962
620,93.918,4.962
621,93.918,4.962
622,93.918,4.962
623,93.918,4.962
624,93.918,4.962
625,93.918,4.962
626,93.918,4.962
627,93.918,4.962
628,93.918,4.962
629,93.918,4.962
630,93.918,4.962
631,93.918,4.962
632,93.918,4.962
633,93.918,4.962
634,93.918,4.962
635,93.918,4.962
636,93.918,4.962
637,93.918,4.962
638,93.918,4.962
639,93.918,4.962
640,93.918,4.962
641,93.918,4.962
642,93.918,4.962
643,93.918,4.962
644,93.918,4.962
645,93.918,4.962
646,93.918,4.962
647,93.918,4.962
648,93.918,4.962
649,93.918,4.962
650,93.918,4.962
651,93.918,4.962
652,93.918,4.962
653,93.918,4.962
654,93.918,4.962
655,93.918,4.962
656,93.918,4.962
657,93.918,4.962
658,93.918,4.962
659,93.918,4.962
660,93.918,4.962
661,93.918,4.962
662,93.918,4.962
663,93.918,4.962
664,93.918,4.962
665,93.918,4.962
666,93.918,4.962
667,93.918,4.962
668,93.918,4.962
669,93.918,4.962
670,93.918,4.962
671,93.918,4.962
672,93.918,4.962
673,93.918,4.962
674,93.918,4.962
675,93.918,4.962
676,93.918,4.962
677,93.918,4.962
678,93.918,4.962
679,93.918,4.962
680,93.918,4.962
681,93.918,4.962
682,93.918,4.962
683,93.918,4.962
684,93.918,4.962
685,93.918,4.962
686,93.918,4.962
687,93.918,4.962
688,93.918,4.962
689,93.918,4.962
690,93.918,4.962
691,93.918,4.962
692,93.918,4.962
693,93.918,4.962
694,93.918,4.962
695,93.918,4.962
696,93.918,4.962
697,93.918,4.962
698,93.918,4.962
699,93.918,4.962
700,93.918,4.962
701,93.918,4.962
702,93.918,4.962
703,93.918,4.962
704,93.918,4.962
705,93.918,4.962
706,93.918,4.962
707,93.918,4.962
708,93.918,4.962
709,93.918,4.962
710,93.918,4.962
711,93.918,4.962
712,93.918,4.962
713,93.918,4.962
714,93.918,4.962
715,93.918,4.962
716,93.918,4.962
717,93.918,4.962
718,93.918,4.962
719,93.918,4.962
720,93.918,4.962
721,93.918,4.962
722,93.918,4.962
723,93.918,4.962
724,93.918,4.962
725,93.918,4.962
726,93.918,4.962
727,93.918,4.962
728,93.918,4.962
729,93.918,4.962
730,93.918,4.962
731,93.918,4.962
732,93.918,4.962
733,93.918,4.962
734,93.918,4.962
735,93.918,4.962
736,93.918,4.962
737,93.918,4.962
738,93.918,4.962
739,93.918,4.962
740,93.918,4.962
741,93.918,4.962
742,93.918,4.962
743,93.918,4.962
744,93.918,4.962
745,93.918,4.962
746,93.918,4.962
747,93.918,4.962
748,93.918,4.962
749,93.918,4.962
750,93.918,4.962
751,93.918,4.962
752,93.918,4.962
753,93.918,4.962
754,93.918,4.962
755,93.918,4.962
756,93.918,4.962
757,93.918,4.962
758,93.918,4.962
759,93.918,4.962
760,93.918,4.962
761,93.918,4.962
762,93.918,4.962
763,93.918,4.962
764,93.918,4.962
765,93.918,4.962
766,93.918,4.962
767,93.918,4.962
768,93.918,4.962
769,93.918,4.962
770,93.918,4.962
771,93.918,4.962
772,93.918,4.962
773,93.918,4.962
774,93.918,4.962
775,93.918,4.962
776,93.918,4.962
777,93.918,4.962
778,93.918,4.962
779,93.918,4.962
780,93.918,4.962
781,93.918,4.962
782,93.918,4.962
783,93.918,4.962
784,93.918,4.962
785,93.918,4.962
786,93.918,4.962
787,93.918,4.962
788,93.918,4.962
789,93.918,4.962
790,93.918,4.962
791,93.918,4.962
792,93.918,4.962
793,93.918,4.962
794,93.918,4.962
795,93.918,4.962
796,93.918,4.962
797,93.918,4.962
798,93.918,4.962
799,93.918,4.962
800,93.918,4.962
801,93.918,4.962
802,93.918,4.962
803,93.918,4.962
804,93.918,4.962
805,93.918,4.962
806,93.918,4.962
807,93.918,4.962
808,93.918,4.962
809,93.918,4.962
810,93.918,4.962
811,93.918,4.962
812,93.918,4.962
813,93.918,4.962
814,93.918,4.962
815,93.918,4.962
816,93.918,4.962
817,93.918,4.962
818,93.918,4.962
819,93.918,4.962
820,93.918,4.962
821,93.918,4.962
822,93.918,4.962
823,93.918,4.962
824,93.918,4.962
825,93.918,4.962
826,93.918,4.962
827,93.918,4.962
828,93.918,4.962
829,93.918,4.962
830,93.918,4.962
831,93.918,4.962
832,93.918,4.962
833,93.918,4.962
834,93.918,4.962
835,93.918,4.962
836,93.918,4.962
837,93.918,4.962
838,93.918,4.962
839,93.918,4.962
840,93.918,4.962
841,93.918,4.962
842,93.918,4.962
843,93.918,4.962
844,93.918,4.962
845,93.918,4.962
846,93.918,4.962
847,93.918,4.962
848,93.918,4.962
849,93.918,4.962
850,93.918,4.962
851,93.918,4.962
852,93.918,4.962
853,93.918,4.962
854,93.918,4.962
855,93.918,4.962
856,93.918,4.962
857,93.918,4.962
858,93.918,4.962
859,93.918,4.962
860,93.918,4.962
861,93.918,4.962
862,93.918,4.962
863,93.918,4.962
864,93.918,4.962
865,93.918,4.962
866,93.918,4.962
867,93.918,4.962
868,93.918,4.962
869,93.918,4.962
870,93.918,4.962
871,93.918,4.962
872,93.918,4.962
873,93.918,4.962
874,93.918,4.962
875,93.918,4.962
876,93.918,4.962
877,93.918,4.962
878,93.918,4.962
879,93.918,4.962
880,93.918,4.962
881,93.918,4.962
882,93.918,4.962
883,93.918,4.962
884,93.918,4.962
885,93.918,4.962
886,93.918,4.962
887,93.918,4.962
888,93.918,4.962
889,93.918,4.962
890,93.918,4.962
891,93.918,4.962
892,93.918,4.962
893,93.918,4.962
894,93.918,4.962
895,93.918,4.962
896,93.918,4.962
897,93.918,4.962
898,93.918,4.962
899,93.918,4.962
900,93.918,4.962
901,93.918,4.962
902,93.918,4.962
903,93.918,4.962
904,93.918,4.962
905,93.918,4.962
906,93.918,4.962
907,93.918,4.962
908,93.918,4.962
909,93.918,4.962
910,93.918,4.962
911,93.918,4.962
912,93.918,4.962
913,93.918,4.962
914,93.918,4.962
915,93.918,4.962
916,93.918,4.962
917,93.918,4.962
918,93.918,4.962
919,93.918,4.962
920,93.918,4.962
921,93.918,4.962
922,93.918,4.962
923,93.918,4.962
924,93.918,4.962
925,93.918,4.962
926,93.918,4.962
927,93.918,4.962
928,93.918,4.962
929,93.918,4.962
930,93.918,4.962
931,93.918,4.962
932,93.918,4.962
933,93.918,4.962
934,93.918,4.962
935,93.918,4.962
936,93.918,4.962
937,93.918,4.962
938,93.918,4.962
939,93.918,4.962
940,93.918,4.962
941,93.918,4.962
942,93.918,4.962
943,93.918,4.962
944,93.918,4.962
945,93.918,4.962
946,93.918,4.962
947,93.918,4.962
948,93.918,4.962
949,93.918,4.962
950,93.918,4.962
951,93.918,4.962
952,93.918,4.962
953,93.918,4.962
954,93.918,4.962
955,93.918,4.962
956,93.918,4.962
957,93.918,4.962
958,93.918,4.962
959,93.918,4.962
960,93.918,4.962
961,93.918,4.962
962,93.918,4.962
963,93.918,4.962
964,93.918,4.962
965,93.918,4.962
966,93.918,4.962
967,93.918,4.962
968,93.918,4.962
969,93.918,4.962
970,93.918,4.962
971,93.918,4.962
972,93.918,4.962
973,93.918,4.962
974,93.918,4.962
975,93.918,4.962
976,93.918,4.962
977,93.918,4.962
978,93.918,4.962
979,93.918,4.962
980,93.918,4.962
981,93.918,4.962
982,93.918,4.962
983,93.918,4.962
984,93.918,4.962
985,93.918,4.962
986,93.918,4.962
987,93.918,4.962
988,93.918,4.962
989,93.918,4.962
990,93.918,4.962
991,93.918,4.962
992,93.918,4.962
993,93.918,4.962
994,93.918,4.962
995,93.918,4.962
996,93.918,4.962
997,93.918,4.962
998,93.918,4.962
999,93.918,4.962
1000,93.918,4.962
1001,93.918,4.962
1002,93.918,4.962
1003,93.918,4.962
1004,93.918,4.962
1005,93.918,4.962
1006,93.918,4.962
1007,93.918,4.962
1008,93.918,4.962
1009,93.918,4.962
1010,93.918,4.962
1011,93.918,4.962
1012,93.918,4.962
1013,93.918,4.962
1014,93.918,4.962
1015,93.918,4.962
1016,93.918,4.962
1017,93.918,4.962
1018,93.918,4.962
1019,93.918,4.962
1020,93.918,4.962
1021,93.918,4.962
1022,93.918,4.962
1023,93.918,4.962
1024,93.918,4.962
1025,93.918,4.962
1026,93.918,4.962
1027,93.918,4.962
1028,93.918,4.962
1029,93.918,4.962
1030,93.918,4.962
1031,93.918,4.962
1032,93.918,4.962
1033,93.918,4.962
1034,93.918,4.962
1035,93.918,4.962
1036,93.918,4.962
1037,93.918,4.962
1038,93.918,4.962
1039,93.918,4.962
1040,93.918,4.962
1041,93.918,4.962
1042,93.918,4.962
1043,93.918,4.962
1044,93.918,4.962
1045,93.918,4.962
1046,93.918,4.962
1047,93.918,4.962
1048,93.918,4.962
1049,93.918,4.962
1050,93.918,4.962
1051,93.918,4.962
1052,93.918,4.962
1053,93.918,4.962
1054,93.918,4.962
1055,93.918,4.962
1056,93.918,4.962
1057,93.918,4.962
1058,93.918,4.962
1059,93.918,4.962
1060,93.918,4.962
1061,93.918,4.962
1062,93.918,4.962
1063,93.918,4.962
1064,93.918,4.962
1065,93.918,4.962
1066,93.918,4.962
1067,93.918,4.962
1068,93.918,4.962
1069,93.918,4.962
1070,93.918,4.962
1071,93.918,4.962
1072,93.918,4.962
1073,93.918,4.962
1074,93.918,4.962
1075,93.918,4.962
1076,93.918,4.962
1077,93.918,4.962
1078,93.918,4.962
1079,93.918,4.962
1080,93.918,4.962
1081,93.918,4.962
1082,93.918,4.962
1083,93.918,4.962
1084,93.918,4.962
1085,93.918,4.962
1086,93.918,4.962
1087,93.918,4.962
1088,93.918,4.962
1089,93.918,4.962
1090,93.918,4.962
1091,93.918,4.962
1092,93.918,4.962
1093,93.918,4.962
1094,93.918,4.962
1095,93.918,4.962
1096,93.918,4.962
1097,93.918,4.962
1098,93.918,4.962
1099,93.918,4.962
1100,93.918,4.962
1101,93.918,4.962
1102,93.918,4.962
1103,93.918,4.962
1104,93.918,4.962
1105,93.918,4.962
1106,93.918,4.962
1107,93.918,4.962
1108,93.918,4.962
1109,93.918,4.962
1110,93.918,4.962
1111,93.918,4.962
1112,93.918,4.962
1113,93.918,4.962
1114,93.918,4.962
1115,93.918,4.962
1116,93.918,4.962
1117,93.918,4.962
1118,93.918,4.962
1119,93.918,4.962
1120,93.918,4.962
1121,93.918,4.962
1122,93.918,4.962
1123,93.918,4.962
1124,93.918,4.962
1125,93.918,4.962
1126,93.918,4.962
1127,93.918,4.962
1128,93.918,4.962
1129,93.918,4.962
1130,93.918,4.962
1131,93.918,4.962
1132,93.918,4.962
1133,93.918,4.962
1134,93.918,4.962
1135,93.918,4.962
1136,93.918,4.962
1137,93.918,4.962
1138,93.918,4.962
1139,93.918,4.962
1140,93.918,4.962
1141,93.918,4.962
1142,93.918,4.962
1143,93.918,4.962
1144,93.918,4.962
1145,93.918,4.962
1146,93.918,4.962
1147,93.918,4.962
1148,93.918,4.962
1149,93.918,4.962
1150,93.918,4.962
1151,93.918,4.962
1152,93.918,4.962
1153,93.918,4.962
1154,93.918,4.962
1155,93.918,4.962
1156,93.918,4.962
1157,93.918,4.962
1158,93.918,4.962
1159,93.918,4.962
1160,93.918,4.962
1161,93.918,4.962
1162,93.918,4.962
1163,93.918,4.962
1164,93.918,4.962
1165,93.918,4.962
1166,93.918,4.962
1167,93.918,4.962
1168,93.918,4.962
1169,93.918,4.962
1170,93.918,4.962
1171,93.918,4.962
1172,93.918,4.962
1173,93.918,4.962
1174,93.918,4.962
1175,93.918,4.962
1176,93.918,4.962
1177,93.918,4.962
1178,93.918,4.962
1179,93.918,4.962
1180,93.918,4.962
1181,93.918,4.962
1182,93.918,4.962
1183,93.918,4.962
1184,93.918,4.962
1185,93.918,4.962
1186,93.918,4.962
1187,93.918,4.962
1188,93.918,4.962
1189,93.918,4.962
1190,93.918,4.962
1191,93.918,4.962
1192,93.918,4.962
1193,93.918,4.962
1194,93.918,4.962
1195,93.918,4.962
1196,93.918,4.962
1197,93.918,4.962
1198,93.918,4.962
1199,93.918,4.962
1200,93.918,4.962
1201,93.918,4.962
1202,93.918,4.962
1203,93.918,4.962
1204,93.918,4.961
1205,93.918,4.961
1206,93.918,4.961
1207,93.918,4.961
1208,93.918,4.961
1209,93.918,4.961
1210,93.918,4.961
1211,93.918,4.961
1212,93.918,4.961
1213,93.918,4.961
1214,93.918,4.961
1215,93.918,4.961
1216,93.918,4.961
1217,93.918,4.961
1218,93.918,4.961
1219,93.918,4.961
1220,93.918,4.961
1221,93.918,4.961
1222,93.918,4.961
1223,93.918,4.961
1224,93.918,4.961
1225,93.918,4.961
1226,93.918,4.961
1227,93.918,4.961
1228,93.918,4.961
1229,93.918,4.961
1230,93.918,4.961
1231,93.918,4.961
1232,93.918,4.961
1233,93.918,4.961
1234,93.918,4.961
1235,93.918,4.961
1236,93.918,4.961
1237,93.918,4.961
1238,93.918,4.961
1239,93.918,4.961
1240,93.918,4.961
1241,93.918,4.961
1242,93.918,4.961
1243,93.918,4.961
1244,93.918,4.961
1245,93.918,4.961
1246,93.918,4.961
1247,93.918,4.961
1248,93.918,4.961
1249,93.918,4.961
1250,93.918,4.961
1251,93.918,4.961
1252,93.918,4.961
1253,93.918,4.961
1254,93.918,4.961
1255,93.918,4.961
1256,93.918,4.961
1257,93.918,4.961
1258,93.918,4.961
1259,93.918,4.961
1260,93.918,4.961
1261,93.918,4.961
1262,93.918,4.961
1263,93.918,4.961
1264,93.918,4.961
1265,93.918,4.961
1266,93.918,4.961
1267,93.918,4.961
1268,93.918,4.961
1269,93.918,4.961
1270,93.918,4.961
1271,93.918,4.961
1272,93.918,4.961
1273,93.918,4.961
1274,93.918,4.961
1275,93.918,4.961
1276,93.918,4.961
1277,93.918,4.961
1278,93.918,4.961
1279,93.918,4.961
1280,93.918,4.961
1281,93.918,4.961
1282,93.918,4.961
1283,93.918,4.961
1284,93.918,4.961
1285,93.918,4.961
1286,93.918,4.961
1287,93.918,4.961
1288,93.918,4.961
1289,93.918,4.961
1290,93.918,4.961
1291,93.918,4.961
1292,93.918,4.961
1293,93.918,4.961
1294,93.918,4.961
1295,93.918,4.961
1296,93.918,4.961
1297,93.918,4.961
1298,93.918,4.961
1299,93.918,4.961
1300,93.918,4.961
1301,93.918,4.961
1302,93.918,4.961
1303,93.918,4.961
1304,93.918,4.961
1305,93.918,4.961
1306,93.918,4.961
1307,93.918,4.961
1308,93.918,4.961
1309,93.918,4.961
1310,93.918,4.961
1311,93.918,4.961
1312,93.918,4.961
1313,93.918,4.961
1314,93.918,4.961
1315,93.918,4.961
1316,93.918,4.961
1317,93.918,4.961
1318,93.918,4.961
1319,93.918,4.961
1320,93.918,4.961
1321,93.918,4.961
1322,93.918,4.961
1323,93.918,4.961
1324,93.918,4.961
1325,93.918,4.961
1326,93.918,4.961
1327,93.918,4.961
1328,93.918,4.961
1329,93.918,4.961
1330,93.918,4.961
1331,93.918,4.961
1332,93.918,4.961
1333,93.918,4.961
1334,93.918,4.961
1335,93.918,4.961
1336,93.918,4.961
1337,93.918,4.961
1338,93.918,4.961
1339,93.918,4.961
1340,93.918,4.961
1341,93.918,4.961
1342,93.918,4.961
1343,93.918,4.961
1344,93.918,4.961
1345,93.918,4.961
1346,93.918,4.961
1347,93.918,4.961
1348,93.918,4.961
1349,93.918,4.961
1350,93.918,4.961
1351,93.918,4.961
1352,93.918,4.961
1353,93.918,4.961
1354,93.918,4.961
1355,93.918,4.961
1356,93.918,4.961
1357,93.918,4.961
1358,93.918,4.961
1359,93.918,4.961
1360,93.918,4.961
1361,93.918,4.961
1362,93.918,4.961
1363,93.918,4.961
1364,93.918,4.961
1365,93.918,4.961
1366,93.918,4.961
1367,93.918,4.961
1368,93.918,4.961
1369,93.918,4.961
1370,93.918,4.961
1371,93.918,4.961
1372,93.918,4.961
1373,93.918,4.961
1374,93.918,4.961
1375,93.918,4.961
1376,93.918,4.961
1377,93.918,4.961
1378,93.918,4.961
1379,93.918,4.961
1380,93.918,4.961
1381,93.918,4.961
1382,93.918,4.961
1383,93.918,4.961
1384,93.918,4.961
1385,93.918,4.961
1386,93.918,4.961
1387,93.918,4.961
1388,93.918,4.961
1389,93.918,4.961
1390,93.918,4.961
1391,93.918,4.961
1392,93.918,4.961
1393,93.918,4.961
1394,93.918,4.961
1395,93.918,4.961
1396,93.918,4.961
1397,93.918,4.961
1398,93.918,4.961
1399,93.918,4.961
1400,93.918,4.961
1401,93.918,4.961
1402,93.918,4.961
1403,93.918,4.961
1404,93.918,4.961
1405,93.918,4.961
1406,93.918,4.961
1407,93.918,4.961
1408,93.918,4.961
1409,93.918,4.961
1410,93.918,4.961
1411,93.918,4.961
1412,93.918,4.961
1413,93.918,4.961
1414,93.918,4.961
1415,93.918,4.961
1416,93.918,4.961
1417,93.918,4.961
1418,93.918,4.961
1419,93.918,4.961
1420,93.918,4.961
1421,93.918,4.961
1422,93.918,4.961
1423,93.918,4.961
1424,93.918,4.961
1425,93.918,4.961
1426,93.918,4.961
1427,93.918,4.961
1428,93.918,4.961
1429,93.918,4.961
1430,93.918,4.961
1431,93.918,4.961
1432,93.918,4.961
1433,93.918,4.961
1434,93.918,4.961
1435,93.918,4.961
1436,93.918,4.961
1437,93.918,4.961
1438,93.918,4.961
1439,93.918,4.961
1440,93.918,4.961
1441,93.918,4.961
1442,93.918,4.961
1443,93.918,4.961
1444,93.918,4.961
1445,93.918,4.961
1446,93.918,4.961
1447,93.918,4.961
1448,93.918,4.961
1449,93.918,4.961
1450,93.918,4.961
1451,93.918,4.961
1452,93.918,4.961
1453,93.918,4.961
1454,93.918,4.961
1455,93.918,4.961
1456,93.918,4.961
1457,93.918,4.961
1458,93.918,4.961
1459,93.918,4.961
1460,93.918,4.961
1461,93.918,4.961
1462,93.918,4.961
1463,93.918,4.961
1464,93.918,4.961
1465,93.918,4.961
1466,93.918,4.961
1467,93.918,4.961
1468,93.918,4.961
1469,93.918,4.961
1470,93.918,4.961
1471,93.918,4.961
1472,93.918,4.961
1473,93.918,4.961
1474,93.918,4.961
1475,93.918,4.961
1476,93.918,4.961
1477,93.918,4.961
1478,93.918,4.961
1479,93.918,4.961
1480,93.918,4.961
1481,93.918,4.961
1482,93.918,4.961
1483,93.918,4.961
1484,93.918,4.961
1485,93.918,4.961
1486,93.918,4.961
1487,93.918,4.961
1488,93.918,4.961
1489,93.918,4.961
1490,93.918,4.961
1491,93.918,4.961
1492,93.918,4.961
1493,93.918,4.961
1494,93.918,4.961
1495,93.918,4.961
1496,93.918,4.961
1497,93.918,4.961
1498,93.918,4.961
1499,93.918,4.961
1500,93.918,4.961
1501,93.918,4.961
1502,93.918,4.961
1503,93.918,4.961
1504,93.918,4.961
1505,93.918,4.961
1506,93.918,4.961
1507,93.918,4.961
1508,93.918,4.961
1509,93.918,4.961
1510,93.918,4.961
1511,93.918,4.961
1512,93.918,4.961
1513,93.918,4.963
1514,93.918,4.963
1515,93.918,4.963
1516,93.918,4.963
1517,93.918,4.963
1518,93.918,4.963
1519,93.918,4.963
1520,93.918,4.963
1521,93.918,4.963
1522,93.918,4.963
1523,93.918,4.963
1524,93.918,4.963
1525,93.918,4.963
1526,93.918,4.963
1527,93.918,4.963
1528,93.918,4.963
1529,93.918,4.963
1530,93.918,4.963
1531,93.918,4.963
1532,93.918,4.963
1533,93.918,4.963
1534,93.918,4.963
1535,93.918,4.963
1536,93.918,4.963
1537,93.918,4.963
1538,93.918,4.963
1539,93.918,4.963
1540,93.918,4.963
1541,93.918,4.963
1542,93.918,4.963
1543,93.918,4.963
1544,93.918,4.963
1545,93.918,4.963
1546,93.918,4.963
1547,93.918,4.963
1548,93.918,4.963
1549,93.918,4.963
1550,93.918,4.963
1551,93.918,4.963
1552,93.918,4.963
1553,93.918,4.963
1554,93.918,4.963
1555,93.918,4.963
1556,93.918,4.963
1557,93.918,4.963
1558,93.918,4.963
1559,93.918,4.963
1560,93.918,4.963
1561,93.918,4.963
1562,93.918,4.963
1563,93.918,4.963
1564,93.918,4.963
1565,93.918,4.963
1566,93.918,4.963
1567,93.918,4.963
1568,93.918,4.963
1569,93.918,4.963
1570,93.918,4.963
1571,93.918,4.963
1572,93.918,4.963
1573,93.918,4.963
1574,93.918,4.963
1575,93.918,4.963
1576,93.918,4.963
1577,93.918,4.963
1578,93.918,4.963
1579,93.918,4.963
1580,93.918,4.963
1581,93.918,4.963
1582,93.918,4.963
1583,93.918,4.963
1584,93.918,4.963
1585,93.918,4.963
1586,93.918,4.963
1587,93.918,4.963
1588,93.918,4.963
1589,93.918,4.963
1590,93.918,4.963
1591,93.918,4.963
1592,93.918,4.963
1593,93.918,4.963
1594,93.918,4.963
1595,93.918,4.963
1596,93.918,4.963
1597,93.918,4.963
1598,93.918,4.963
1599,93.918,4.963
1600,93.918,4.963
1601,93.918,4.963
1602,93.918,4.963
1603,93.918,4.963
1604,93.918,4.963
1605,93.918,4.963
1606,93.918,4.963
1607,93.918,4.963
1608,93.918,4.963
1609,93.918,4.963
1610,93.918,4.963
1611,93.918,4.963
1612,93.918,4.963
1613,93.918,4.963
1614,93.918,4.963
1615,93.918,4.963
1616,93.918,4.963
1617,93.918,4.963
1618,93.918,4.963
1619,93.918,4.963
1620,93.918,4.963
1621,93.918,4.963
1622,93.918,4.963
1623,93.918,4.963
1624,93.918,4.963
1625,93.918,4.963
1626,93.918,4.963
1627,93.918,4.963
1628,93.918,4.963
1629,93.918,4.963
1630,93.918,4.963
1631,93.918,4.963
1632,93.918,4.963
1633,93.918,4.963
1634,93.918,4.963
1635,93.918,4.963
1636,93.918,4.963
1637,93.918,4.963
1638,93.918,4.963
1639,93.918,4.963
1640,93.918,4.963
1641,93.918,4.963
1642,93.918,4.963
1643,93.918,4.963
1644,93.918,4.963
1645,93.918,4.963
1646,93.918,4.963
1647,93.918,4.963
1648,93.918,4.963
1649,93.918,4.963
1650,93.918,4.963
1651,93.918,4.963
1652,93.918,4.963
1653,93.918,4.963
1654,93.918,4.963
1655,93.918,4.963
1656,93.918,4.963
1657,93.918,4.963
1658,93.918,4.963
1659,93.918,4.963
1660,93.918,4.963
1661,93.918,4.963
1662,93.918,4.963
1663,93.918,4.963
1664,93.918,4.963
1665,93.918,4.963
1666,93.918,4.963
1667,93.918,4.963
1668,93.918,4.963
1669,93.918,4.963
1670,93.918,4.963
1671,93.918,4.963
1672,93.918,4.963
1673,93.918,4.963
1674,93.918,4.963
1675,93.918,4.963
1676,93.918,4.963
1677,93.918,4.963
1678,93.918,4.963
1679,93.918,4.963
1680,93.918,4.963
1681,93.918,4.963
1682,93.918,4.963
1683,93.918,4.963
1684,93.918,4.963
1685,93.918,4.963
1686,93.918,4.963
1687,93.918,4.963
1688,93.918,4.963
1689,93.918,4.963
1690,93.918,4.963
1691,93.918,4.963
1692,93.918,4.963
1693,93.918,4.963
1694,93.918,4.963
1695,93.918,4.963
1696,93.918,4.963
1697,93.918,4.963
1698,93.918,4.963
1699,93.918,4.963
1700,93.918,4.963
1701,93.918,4.963
1702,93.918,4.963
1703,93.918,4.963
1704,93.918,4.963
1705,93.918,4.963
1706,93.918,4.963
1707,93.918,4.963
1708,93.918,4.963
1709,93.918,4.963
1710,93.918,4.963
1711,93.918,4.963
1712,93.918,4.963
1713,93.918,4.963
1714,93.918,4.963
1715,93.918,4.963
1716,93.918,4.963
1717,93.918,4.963
1718,93.918,4.963
1719,93.918,4.963
1720,93.918,4.963
1721,93.918,4.963
1722,93.918,4.963
1723,93.918,4.963
1724,93.918,4.963
1725,93.918,4.963
1726,93.918,4.963
1727,93.918,4.963
1728,93.918,4.963
1729,93.918,4.963
1730,93.918,4.963
1731,93.918,4.963
1732,93.918,4.963
1733,93.918,4.963
1734,93.918,4.963
1735,93.918,4.963
1736,93.918,4.963
1737,93.918,4.963
1738,93.918,4.963
1739,93.918,4.963
1740,93.918,4.963
1741,93.918,4.963
1742,93.918,4.963
1743,93.918,4.963
1744,93.918,4.963
1745,93.918,4.963
1746,93.918,4.963
1747,93.918,4.963
1748,93.918,4.963
1749,93.918,4.963
1750,93.918,4.963
1751,93.918,4.963
1752,93.918,4.963
1753,93.918,4.963
1754,93.918,4.963
1755,93.918,4.963
1756,93.918,4.963
1757,93.918,4.963
1758,93.918,4.963
1759,93.918,4.963
1760,93.918,4.963
1761,93.918,4.963
1762,93.918,4.963
1763,93.918,4.963
1764,93.918,4.963
1765,93.918,4.963
1766,93.918,4.963
1767,93.918,4.963
1768,93.918,4.963
1769,93.918,4.963
1770,93.918,4.963
1771,93.918,4.963
1772,93.918,4.963
1773,93.918,4.963
1774,93.918,4.963
1775,93.918,4.963
1776,93.918,4.963
1777,93.918,4.963
1778,93.918,4.963
1779,93.918,4.963
1780,93.918,4.963
1781,93.918,4.963
1782,93.918,4.963
1783,93.918,4.963
1784,93.918,4.963
1785,93.918,4.963
1786,93.918,4.963
1787,93.918,4.963
1788,93.918,4.963
1789,93.918,4.963
1790,93.918,4.963
1791,93.918,4.963
1792,93.918,4.963
1793,93.918,4.963
1794,93.918,4.963
1795,93.918,4.963
1796,93.918,4.963
1797,93.918,4.963
1798,93.918,4.963
1799,93.918,4.963
1800,93.918,4.963
1801,93.918,4.963
1802,93.918,4.963
1803,93.918,4.963
1804,93.918,4.963
1805,93.918,4.963
1806,93.918,4.963
1807,93.918,4.963
1808,93.918,4.963
1809,93.918,4.963
1810,93.918,4.963
1811,93.918,4.963
1812,93.918,4.963
1813,93.918,4.963
1814,93.918,4.963
1815,93.918,4.963
1816,93.918,4.963
1817,93.918,4.963
1818,93.918,4.963
1819,93.918,4.963
1820,93.918,4.963
1821,93.918,4.963
1822,93.918,4.963
1823,93.918,4.963
1824,93.918,4.963
1825,93.918,4.963
1826,93.918,4.963
1827,93.918,4.963
1828,93.918,4.963
1829,93.918,4.963
1830,93.918,4.963
1831,93.918,4.963
1832,93.918,4.963
1833,93.918,4.963
1834,93.918,4.963
1835,93.918,4.963
1836,93.918,4.963
1837,93.918,4.963
1838,93.918,4.963
1839,93.918,4.963
1840,93.918,4.963
1841,93.918,4.963
1842,93.918,4.963
1843,93.918,4.963
1844,93.918,4.963
1845,93.918,4.963
1846,93.918,4.963
1847,93.918,4.963
1848,93.918,4.963
1849,93.918,4.963
1850,93.918,4.963
1851,93.918,4.963
1852,93.918,4.963
1853,93.918,4.963
1854,93.918,4.963
1855,93.918,4.963
1856,93.918,4.968
1857,93.918,4.968
1858,93.918,4.968
1859,93.918,4.968
1860,93.918,4.968
1861,93.918,4.968
1862,93.918,4.968
1863,93.918,4.968
1864,93.918,4.968
1865,93.918,4.968
1866,93.918,4.968
1867,93.918,4.968
1868,93.918,4.968
1869,93.918,4.968
1870,93.918,4.968
1871,93.918,4.968
1872,93.918,4.968
1873,93.918,4.968
1874,93.918,4.968
1875,93.918,4.968
1876,93.918,4.968
1877,93.918,4.968
1878,93.918,4.968
1879,93.918,4.968
1880,93.918,4.968
1881,93.918,4.968
1882,93.918,4.968
1883,93.918,4.968
1884,93.918,4.968
1885,93.918,4.968
1886,93.918,4.968
1887,93.918,4.968
1888,93.918,4.968
1889,93.918,4.968
1890,93.918,4.968
1891,93.918,4.968
1892,93.918,4.968
1893,93.918,4.968
1894,93.918,4.968
1895,93.918,4.968
1896,93.918,4.968
1897,93.918,4.968
1898,93.918,4.968
1899,93.918,4.968
1900,93.918,4.968
1901,93.918,4.968
1902,93.918,4.968
1903,93.918,4.968
1904,93.918,4.968
1905,93.918,4.968
1906,93.918,4.968
1907,93.918,4.968
1908,93.918,4.968
1909,93.918,4.968
1910,93.918,4.968
1911,93.918,4.968
1912,93.918,4.968
1913,93.918,4.968
1914,93.918,4.968
1915,93.918,4.968
1916,93.918,4.968
1917,93.918,4.968
1918,93.918,4.968
1919,93.918,4.968
1920,93.918,4.968
1921,93.918,4.968
1922,93.918,4.968
1923,93.918,4.968
1924,93.918,4.968
1925,93.918,4.968
1926,93.918,4.968
1927,93.918,4.968
1928,93.918,4.968
1929,93.918,4.968
1930,93.918,4.968
1931,93.918,4.968
1932,93.918,4.968
1933,93.918,4.968
1934,93.918,4.968
1935,93.918,4.968
1936,93.918,4.968
1937,93.918,4.968
1938,93.918,4.968
1939,93.918,4.968
1940,93.918,4.968
1941,93.918,4.968
1942,93.918,4.968
1943,93.918,4.968
1944,93.918,4.968
1945,93.918,4.968
1946,93.918,4.968
1947,93.918,4.968
1948,93.918,4.968
1949,93.918,4.968
1950,93.918,4.968
1951,93.918,4.968
1952,93.918,4.968
1953,93.918,4.968
1954,93.918,4.968
1955,93.918,4.968
1956,93.918,4.968
1957,93.918,4.968
1958,93.918,4.968
1959,93.918,4.968
1960,93.918,4.968
1961,93.918,4.968
1962,93.918,4.968
1963,93.918,4.968
1964,93.918,4.968
1965,93.918,4.968
1966,93.918,4.968
1967,93.918,4.968
1968,93.918,4.968
1969,93.918,4.968
1970,93.918,4.968
1971,93.918,4.968
1972,93.918,4.968
1973,93.918,4.968
1974,93.918,4.968
1975,93.918,4.968
1976,93.918,4.968
1977,93.918,4.968
1978,93.918,4.968
1979,93.918,4.968
1980,93.918,4.968
1981,93.918,4.968
1982,93.918,4.968
1983,93.918,4.968
1984,93.918,4.968
1985,93.918,4.968
1986,93.918,4.968
1987,93.918,4.968
1988,93.918,4.968
1989,93.918,4.968
1990,93.918,4.968
1991,93.918,4.968
1992,93.918,4.968
1993,93.918,4.968
1994,93.918,4.968
1995,93.918,4.968
1996,93.918,4.968
1997,93.918,4.968
1998,93.918,4.968
1999,93.918,4.968
2000,93.918,4.968
2001,93.918,4.968
2002,93.918,4.968
2003,93.918,4.968
2004,93.918,4.968
2005,93.918,4.968
2006,93.918,4.968
2007,93.918,4.968
2008,93.918,4.968
2009,93.918,4.968
2010,93.918,4.968
2011,93.918,4.968
2012,93.918,4.968
2013,93.918,4.968
2014,93.918,4.968
2015,93.918,4.968
2016,93.918,4.968
2017,93.918,4.968
2018,93.918,4.968
2019,93.918,4.968
2020,93.918,4.968
2021,93.918,4.968
2022,93.918,4.968
2023,93.918,4.968
2024,93.918,4.968
2025,93.918,4.968
2026,93.918,4.968
2027,93.918,4.968
2028,93.918,4.968
2029,93.918,4.968
2030,93.918,4.968
2031,93.918,4.968
2032,93.918,4.968
2033,93.918,4.968
2034,93.918,4.968
2035,93.918,4.968
2036,93.918,4.968
2037,93.918,4.968
2038,93.918,4.968
2039,93.918,4.968
2040,93.918,4.968
2041,93.918,4.968
2042,93.918,4.968
2043,93.918,4.968
2044,93.918,4.968
2045,93.918,4.968
2046,93.918,4.968
2047,93.918,4.968
2048,93.918,4.968
2049,93.918,4.968
2050,93.918,4.968
2051,93.918,4.968
2052,93.918,4.968
2053,93.918,4.968
2054,93.918,4.968
2055,93.918,4.968
2056,93.918,4.968
2057,93.918,4.968
2058,93.918,4.968
2059,93.918,4.968
2060,93.918,4.968
2061,93.918,4.968
2062,93.918,4.968
2063,93.918,4.968
2064,93.918,4.968
2065,93.918,4.968
2066,93.918,4.968
2067,93.918,4.968
2068,93.918,4.968
2069,93.918,4.968
2070,93.918,4.968
2071,93.918,4.968
2072,93.918,4.968
2073,93.918,4.968
2074,93.918,4.968
2075,93.918,4.968
2076,93.918,4.968
2077,93.918,4.968
2078,93.918,4.968
2079,93.918,4.968
2080,93.918,4.968
2081,93.918,4.968
2082,93.918,4.968
2083,93.918,4.968
2084,93.918,4.968
2085,93.918,4.968
2086,93.918,4.968
2087,93.918,4.968
2088,93.918,4.968
2089,93.918,4.968
2090,93.918,4.968
2091,93.918,4.968
2092,93.918,4.968
2093,93.918,4.968
2094,93.918,4.968
2095,93.918,4.968
2096,93.918,4.968
2097,93.918,4.968
2098,93.918,4.968
2099,93.918,4.968
2100,93.918,4.968
2101,93.918,4.968
2102,93.918,4.968
2103,93.918,4.968
2104,93.918,4.968
2105,93.918,4.968
2106,93.918,4.968
2107,93.918,4.968
2108,93.918,4.968
2109,93.918,4.968
2110,93.918,4.968
2111,93.918,4.968
2112,93.918,4.968
2113,93.918,4.968
2114,93.918,4.968
2115,93.918,4.968
2116,93.918,4.968
2117,93.918,4.968
2118,93.918,4.968
2119,93.918,4.968
2120,93.918,4.968
2121,93.918,4.968
2122,93.918,4.968
2123,93.918,4.968
2124,93.918,4.968
2125,93.918,4.968
2126,93.918,4.968
2127,93.918,4.968
2128,93.918,4.968
2129,93.918,4.968
2130,93.918,4.968
2131,93.918,4.968
2132,93.918,4.968
2133,93.918,4.968
2134,93.918,4.968
2135,93.918,4.968
2136,93.918,4.968
2137,93.918,4.968
2138,93.918,4.968
2139,93.918,4.968
2140,93.918,4.968
2141,93.918,4.968
2142,93.918,4.968
2143,93.918,4.968
2144,93.918,4.968
2145,93.918,4.968
2146,93.918,4.968
2147,93.918,4.968
2148,93.918,4.968
2149,93.918,4.968
2150,93.918,4.968
2151,93.918,4.968
2152,93.918,4.968
2153,93.918,4.968
2154,93.918,4.968
2155,93.918,4.968
2156,93.918,4.968
2157,93.918,4.968
2158,93.918,4.968
2159,93.918,4.968
2160,93.918,4.968
2161,93.918,4.968
2162,93.918,4.968
2163,93.918,4.968
2164,93.918,4.968
2165,93.918,4.968
2166,93.918,4.968
2167,93.918,4.968
2168,93.918,4.968
2169,93.918,4.968
2170,93.918,4.968
2171,93.918,4.968
2172,93.918,4.968
2173,93.918,4.968
2174,93.918,4.968
2175,93.918,4.968
2176,93.918,4.968
2177,93.918,4.968
2178,93.918,4.968
2179,93.918,4.968
2180,93.918,4.968
2181,93.918,4.968
2182,93.918,4.968
2183,93.918,4.968
2184,93.918,4.968
2185,93.918,4.968
2186,93.918,4.968
2187,93.918,4.968
2188,93.918,4.968
2189,93.918,4.968
2190,93.918,4.968
2191,93.918,4.968
2192,93.918,4.968
2193,93.918,4.968
2194,93.918,4.968
2195,93.918,4.968
2196,93.918,4.968
2197,93.918,4.968
2198,93.918,4.968
2199,93.918,4.968
2200,93.918,4.968
2201,93.918,4.968
2202,93.918,4.968
2203,93.918,4.968
2204,93.918,4.968
2205,93.918,4.968
2206,93.918,4.968
2207,93.918,4.968
2208,93.918,4.968
2209,93.918,4.968
2210,93.918,4.968
2211,93.918,4.968
2212,93.918,4.968
2213,93.918,4.968
2214,93.918,4.968
2215,93.918,4.968
2216,93.918,4.968
2217,93.918,4.968
2218,93.918,4.968
2219,93.918,4.968
2220,93.918,4.968
2221,93.918,4.968
2222,93.918,4.968
2223,93.918,4.968
2224,93.918,4.968
2225,93.918,4.968
2226,93.918,4.968
2227,93.918,4.968
2228,93.918,4.968
2229,93.918,4.968
2230,93.918,4.968
2231,93.918,4.968
2232,93.918,4.968
2233,93.918,4.968
2234,93.918,4.968
2235,93.918,4.968
2236,93.918,4.968
2237,93.918,4.968
2238,93.918,4.968
2239,93.918,4.968
2240,93.918,4.968
2241,93.918,4.968
2242,93.918,4.968
2243,93.918,4.968
2244,93.918,4.968
2245,93.918,4.968
2246,93.918,4.968
2247,93.918,4.968
2248,93.918,4.968
2249,93.918,4.968
2250,93.918,4.968
2251,93.918,4.968
2252,93.918,4.968
2253,93.918,4.968
2254,93.918,4.968
2255,93.918,4.968
2256,93.918,4.968
2257,93.918,4.968
2258,93.918,4.968
2259,93.918,4.968
2260,93.918,4.968
2261,93.918,4.968
2262,93.918,4.968
2263,93.918,4.968
2264,93.918,4.968
2265,93.918,4.968
2266,93.918,4.968
2267,93.918,4.968
2268,93.918,4.968
2269,93.918,4.968
2270,93.918,4.968
2271,93.918,4.968
2272,93.918,4.968
2273,93.918,4.968
2274,93.918,4.968
2275,93.918,4.968
2276,93.918,4.968
2277,93.918,4.968
2278,93.918,4.968
2279,93.918,4.968
2280,93.918,4.968
2281,93.918,4.968
2282,93.918,4.968
2283,93.918,4.968
2284,93.918,4.968
2285,93.918,4.968
2286,93.918,4.968
2287,93.918,4.968
2288,93.918,4.968
2289,93.918,4.968
2290,93.918,4.968
2291,93.918,4.968
2292,93.918,4.968
2293,93.918,4.968
2294,93.918,4.968
2295,93.918,4.968
2296,93.918,4.968
2297,93.918,4.968
2298,93.918,4.968
2299,93.918,4.968
2300,93.918,4.968
2301,93.918,4.968
2302,93.918,4.968
2303,93.918,4.968
2304,93.918,4.968
2305,93.918,4.968
2306,93.918,4.968
2307,93.918,4.968
2308,93.918,4.968
2309,93.918,4.968
2310,93.918,4.968
2311,93.918,4.968
2312,93.918,4.968
2313,93.918,4.968
2314,93.918,4.968
2315,93.918,4.968
2316,93.918,4.968
2317,93.918,4.968
2318,93.918,4.968
2319,93.918,4.968
2320,93.918,4.968
2321,93.918,4.968
2322,93.918,4.968
2323,93.918,4.968
2324,93.918,4.968
2325,93.918,4.968
2326,93.918,4.968
2327,93.918,4.968
2328,93.918,4.968
2329,93.918,4.968
2330,93.918,4.968
2331,93.918,4.968
2332,93.918,4.968
2333,93.918,4.968
2334,93.918,4.968
2335,93.918,4.968
2336,93.918,4.968
2337,93.918,4.968
2338,93.918,4.968
2339,93.918,4.968
2340,93.918,4.968
2341,93.918,4.968
2342,93.918,4.968
2343,93.918,4.968
2344,93.918,4.968
2345,93.918,4.968
2346,93.444,4.97
2347,93.444,4.97
2348,93.444,4.97
2349,93.444,4.97
2350,93.444,4.97
2351,93.444,4.97
2352,93.444,4.97
2353,93.444,4.97
2354,93.444,4.97
2355,93.444,4.97
2356,93.444,4.97
2357,93.444,4.97
2358,93.444,4.97
2359,93.444,4.97
2360,93.444,4.97
2361,93.444,4.97
2362,93.444,4.97
2363,93.444,4.97
2364,93.444,4.97
2365,93.444,4.97
2366,93.444,4.97
2367,93.444,4.97
2368,93.444,4.97
2369,93.444,4.97
2370,93.444,4.97
2371,93.444,4.97
2372,93.444,4.97
2373,93.444,4.97
2374,93.444,4.97
2375,93.444,4.97
2376,93.444,4.97
2377,93.444,4.97
2378,93.444,4.97
2379,93.444,4.97
2380,93.444,4.97
2381,93.444,4.97
2382,93.444,4.97
2383,93.444,4.97
2384,93.444,4.97
2385,93.444,4.97
2386,93.444,4.97
2387,93.444,4.97
2388,93.444,4.97
2389,93.444,4.97
2390,93.444,4.97
2391,93.444,4.97
2392,93.444,4.97
2393,93.444,4.97
2394,93.444,4.97
2395,93.444,4.97
2396,93.444,4.97
2397,93.444,4.97
2398,93.444,4.97
2399,93.444,4.97
2400,93.444,4.97
2401,93.444,4.97
2402,93.444,4.97
2403,93.444,4.97
2404,93.444,4.97
2405,93.444,4.97
2406,93.444,4.97
2407,93.444,4.97
2408,93.444,4.97
2409,93.444,4.97
2410,93.444,4.97
2411,93.444,4.97
2412,93.444,4.97
2413,93.444,4.97
2414,93.444,4.97
2415,93.444,4.97
2416,93.444,4.97
2417,93.444,4.97
2418,93.444,4.97
2419,93.444,4.97
2420,93.444,4.97
2421,93.444,4.97
2422,93.444,4.97
2423,93.444,4.97
2424,93.444,4.97
2425,93.444,4.97
2426,93.444,4.97
2427,93.444,4.97
2428,93.444,4.97
2429,93.444,4.97
2430,93.444,4.97
2431,93.444,4.97
2432,93.444,4.97
2433,93.444,4.97
2434,93.444,4.97
2435,93.444,4.97
2436,93.444,4.97
2437,93.444,4.97
2438,93.444,4.97
2439,93.444,4.97
2440,93.444,4.97
2441,93.444,4.97
2442,93.444,4.97
2443,93.444,4.97
2444,93.444,4.97
2445,93.444,4.97
2446,93.444,4.97
2447,93.444,4.97
2448,93.444,4.97
2449,93.444,4.97
2450,93.444,4.97
2451,93.444,4.97
2452,93.444,4.97
2453,93.444,4.97
2454,93.444,4.97
2455,93.444,4.97
2456,93.444,4.97
2457,93.444,4.97
2458,93.444,4.97
2459,93.444,4.97
2460,93.444,4.97
2461,93.444,4.97
2462,93.444,4.97
2463,93.444,4.97
2464,93.444,4.97
2465,93.444,4.97
2466,93.444,4.97
2467,93.444,4.97
2468,93.444,4.97
2469,93.444,4.97
2470,93.444,4.97
2471,93.444,4.97
2472,93.444,4.97
2473,93.444,4.97
2474,93.444,4.97
2475,93.444,4.97
2476,93.444,4.97
2477,93.444,4.97
2478,93.444,4.97
2479,93.444,4.97
2480,93.444,4.97
2481,93.444,4.97
2482,93.444,4.97
2483,93.444,4.97
2484,93.444,4.97
2485,93.444,4.97
2486,93.444,4.97
2487,93.444,4.97
2488,93.444,4.97
2489,93.444,4.97
2490,93.444,4.97
2491,93.444,4.97
2492,93.444,4.97
2493,93.444,4.97
2494,93.444,4.97
2495,93.444,4.97
2496,93.444,4.97
2497,93.444,4.97
2498,93.444,4.97
2499,93.444,4.97
2500,93.444,4.97
2501,93.444,4.97
2502,93.444,4.97
2503,93.444,4.97
2504,93.444,4.97
2505,93.444,4.97
2506,93.444,4.97
2507,93.444,4.97
2508,93.444,4.97
2509,93.444,4.97
2510,93.444,4.97
2511,93.444,4.97
2512,93.444,4.97
2513,93.444,4.97
2514,93.444,4.97
2515,93.444,4.97
2516,93.444,4.97
2517,93.444,4.97
2518,93.444,4.968
2519,93.444,4.968
2520,93.444,4.968
2521,93.444,4.968
2522,93.444,4.968
2523,93.444,4.968
2524,93.444,4.968
2525,93.444,4.968
2526,93.444,4.968
2527,93.444,4.968
2528,93.444,4.968
2529,93.444,4.968
2530,93.444,4.968
2531,93.444,4.968
2532,93.444,4.968
2533,93.444,4.968
2534,93.444,4.968
2535,93.444,4.968
2536,93.444,4.968
2537,93.444,4.968
2538,93.444,4.968
2539,93.444,4.968
2540,93.444,4.968
2541,93.444,4.968
2542,93.444,4.968
2543,93.444,4.968
2544,93.444,4.968
2545,93.444,4.968
2546,93.444,4.968
2547,93.444,4.968
2548,93.444,4.968
2549,93.444,4.968
2550,93.444,4.968
2551,93.444,4.968
2552,93.444,4.968
2553,93.444,4.968
2554,93.444,4.968
2555,93.444,4.968
2556,93.444,4.968
2557,93.444,4.968
2558,93.444,4.968
2559,93.444,4.968
2560,93.444,4.968
2561,93.444,4.968
2562,93.444,4.968
2563,93.444,4.968
2564,93.444,4.968
2565,93.444,4.968
2566,93.444,4.968
2567,93.444,4.968
2568,93.444,4.968
2569,93.444,4.968
2570,93.444,4.968
2571,93.444,4.968
2572,93.444,4.968
2573,93.444,4.968
2574,93.444,4.968
2575,93.444,4.968
2576,93.444,4.968
2577,93.444,4.968
2578,93.444,4.968
2579,93.444,4.968
2580,93.444,4.968
2581,93.444,4.968
2582,93.444,4.968
2583,93.444,4.968
2584,93.444,4.968
2585,93.444,4.968
2586,93.444,4.968
2587,93.444,4.968
2588,93.444,4.968
2589,93.444,4.968
2590,93.444,4.968
2591,93.444,4.968
2592,93.444,4.968
2593,93.444,4.968
2594,93.444,4.968
2595,93.444,4.968
2596,93.444,4.968
2597,93.444,4.968
2598,93.444,4.968
2599,93.444,4.968
2600,93.444,4.968
2601,93.444,4.968
2602,93.444,4.968
2603,93.444,4.968
2604,93.444,4.968
2605,93.444,4.968
2606,93.444,4.968
2607,93.444,4.968
2608,93.444,4.968
2609,93.444,4.968
2610,93.444,4.968
2611,93.444,4.968
2612,93.444,4.968
2613,93.444,4.968
2614,93.444,4.968
2615,93.444,4.968
2616,93.444,4.968
2617,93.444,4.968
2618,93.444,4.968
2619,93.444,4.968
2620,93.444,4.968
2621,93.444,4.968
2622,93.444,4.968
2623,93.444,4.968
2624,93.444,4.968
2625,93.444,4.968
2626,93.444,4.968
2627,93.444,4.968
2628,93.444,4.968
2629,93.444,4.968
2630,93.444,4.968
2631,93.444,4.968
2632,93.444,4.968
2633,93.444,4.968
2634,93.444,4.968
2635,93.444,4.968
2636,93.444,4.968
2637,93.444,4.968
2638,93.444,4.968
2639,93.444,4.968
2640,93.444,4.968
2641,93.444,4.968
2642,93.444,4.968
2643,93.444,4.968
2644,93.444,4.968
2645,93.444,4.968
2646,93.444,4.968
2647,93.444,4.968
2648,93.444,4.968
2649,93.444,4.968
2650,93.444,4.968
2651,93.444,4.968
2652,93.444,4.968
2653,93.444,4.968
2654,93.444,4.968
2655,93.444,4.968
2656,93.444,4.968
2657,93.444,4.968
2658,93.444,4.968
2659,93.444,4.968
2660,93.444,4.968
2661,93.444,4.968
2662,93.444,4.968
2663,93.444,4.968
2664,93.444,4.968
2665,93.444,4.968
2666,93.444,4.968
2667,93.444,4.968
2668,93.444,4.968
2669,93.444,4.968
2670,93.444,4.968
2671,93.444,4.968
2672,93.444,4.968
2673,93.444,4.968
2674,93.444,4.968
2675,93.444,4.968
2676,93.444,4.968
2677,93.444,4.968
2678,93.444,4.968
2679,93.444,4.968
2680,93.444,4.968
2681,93.444,4.968
2682,93.444,4.968
2683,93.444,4.968
2684,93.444,4.968
2685,93.444,4.968
2686,93.444,4.968
2687,93.444,4.968
2688,93.444,4.968
2689,93.444,4.968
2690,93.444,4.968
2691,93.444,4.968
2692,93.444,4.968
2693,93.444,4.968
2694,93.444,4.968
2695,93.444,4.968
2696,93.444,4.968
2697,93.444,4.968
2698,93.444,4.968
2699,93.444,4.968
2700,93.444,4.968
2701,93.444,4.968
2702,93.444,4.968
2703,93.444,4.968
2704,93.444,4.968
2705,93.444,4.968
2706,93.444,4.968
2707,93.444,4.968
2708,93.444,4.968
2709,93.444,4.968
2710,93.444,4.968
2711,93.444,4.968
2712,93.444,4.968
2713,93.444,4.967
2714,93.444,4.967
2715,93.444,4.967
2716,93.444,4.967
2717,93.444,4.967
2718,93.444,4.967
2719,93.444,4.967
2720,93.444,4.967
2721,93.444,4.967
2722,93.444,4.967
2723,93.444,4.967
2724,93.444,4.967
2725,93.444,4.967
2726,93.444,4.967
2727,93.444,4.967
2728,93.444,4.967
2729,93.444,4.967
2730,93.444,4.967
2731,93.444,4.967
2732,93.444,4.967
2733,93.444,4.967
2734,93.444,4.967
2735,93.444,4.967
2736,93.444,4.967
2737,93.444,4.967
2738,93.444,4.967
2739,93.444,4.967
2740,93.444,4.967
2741,93.444,4.967
2742,93.444,4.967
2743,93.444,4.967
2744,93.444,4.967
2745,93.444,4.967
2746,93.444,4.967
2747,93.444,4.967
2748,93.444,4.967
2749,93.444,4.967
2750,93.444,4.967
2751,93.444,4.967
2752,93.444,4.967
2753,93.444,4.967
2754,93.444,4.967
2755,93.444,4.967
2756,93.444,4.967
2757,93.444,4.967
2758,93.444,4.967
2759,93.444,4.967
2760,93.444,4.967
2761,93.444,4.967
2762,93.444,4.967
2763,93.444,4.967
2764,93.444,4.967
2765,93.444,4.967
2766,93.444,4.967
2767,93.444,4.967
2768,93.444,4.967
2769,93.444,4.967
2770,93.444,4.967
2771,93.444,4.967
2772,93.444,4.967
2773,93.444,4.967
2774,93.444,4.967
2775,93.444,4.967
2776,93.444,4.967
2777,93.444,4.967
2778,93.444,4.967
2779,93.444,4.967
2780,93.444,4.967
2781,93.444,4.967
2782,93.444,4.967
2783,93.444,4.967
2784,93.444,4.967
2785,93.444,4.967
2786,93.444,4.967
2787,93.444,4.967
2788,93.444,4.967
2789,93.444,4.967
2790,93.444,4.967
2791,93.444,4.967
2792,93.444,4.967
2793,93.444,4.967
2794,93.444,4.967
2795,93.444,4.967
2796,93.444,4.967
2797,93.444,4.967
2798,93.444,4.967
2799,93.444,4.967
2800,93.444,4.967
2801,93.444,4.967
2802,93.444,4.967
2803,93.444,4.967
2804,93.444,4.967
2805,93.444,4.967
2806,93.444,4.967
2807,93.444,4.967
2808,93.444,4.967
2809,93.444,4.967
2810,93.444,4.967
2811,93.444,4.967
2812,93.444,4.967
2813,93.444,4.967
2814,93.444,4.967
2815,93.444,4.967
2816,93.444,4.967
2817,93.444,4.967
2818,93.444,4.967
2819,93.444,4.967
2820,93.444,4.967
2821,93.444,4.967
2822,93.444,4.967
2823,93.444,4.967
2824,93.444,4.967
2825,93.444,4.967
2826,93.444,4.967
2827,93.444,4.967
2828,93.444,4.967
2829,93.444,4.967
2830,93.444,4.967
2831,93.444,4.967
2832,93.444,4.967
2833,93.444,4.967
2834,93.444,4.967
2835,93.444,4.967
2836,93.444,4.967
2837,93.444,4.967
2838,93.444,4.967
2839,93.444,4.967
2840,93.444,4.967
2841,93.444,4.967
2842,93.444,4.967
2843,93.444,4.967
2844,93.444,4.967
2845,93.444,4.967
2846,93.444,4.967
2847,93.444,4.967
2848,93.444,4.967
2849,93.444,4.967
2850,93.444,4.967
2851,93.444,4.967
2852,93.444,4.967
2853,93.444,4.967
2854,93.444,4.967
2855,93.444,4.967
2856,93.444,4.967
2857,93.444,4.967
2858,93.444,4.967
2859,93.444,4.967
2860,93.444,4.967
2861,93.444,4.967
2862,93.444,4.967
2863,93.444,4.967
2864,93.444,4.967
2865,93.444,4.967
2866,93.444,4.967
2867,93.444,4.967
2868,93.444,4.967
2869,93.444,4.967
2870,93.444,4.967
2871,93.444,4.967
2872,93.444,4.967
2873,93.444,4.967
2874,93.444,4.967
2875,93.444,4.967
2876,93.444,4.967
2877,93.444,4.967
2878,93.444,4.967
2879,93.444,4.967
2880,93.444,4.967
2881,93.444,4.967
2882,93.444,4.967
2883,93.444,4.967
2884,93.444,4.967
2885,93.444,4.967
2886,93.444,4.967
2887,93.444,4.967
2888,93.444,4.967
2889,93.444,4.967
2890,93.444,4.967
2891,93.444,4.967
2892,93.444,4.967
2893,93.444,4.967
2894,93.444,4.967
2895,93.444,4.967
2896,93.444,4.967
2897,93.444,4.967
2898,93.444,4.967
2899,93.444,4.967
2900,93.444,4.967
2901,93.444,4.967
2902,93.444,4.967
2903,93.444,4.967
2904,93.444,4.967
2905,93.444,4.967
2906,93.444,4.967
2907,93.444,4.967
2908,93.444,4.967
2909,93.444,4.967
2910,93.444,4.967
2911,93.444,4.967
2912,93.444,4.967
2913,93.444,4.967
2914,93.444,4.967
2915,93.444,4.967
2916,93.444,4.967
2917,93.444,4.967
2918,93.444,4.967
2919,93.444,4.967
2920,93.444,4.967
2921,93.444,4.967
2922,93.444,4.967
2923,93.444,4.967
2924,93.444,4.967
2925,93.444,4.967
2926,93.444,4.967
2927,93.444,4.967
2928,93.444,4.967
2929,93.444,4.967
2930,93.444,4.967
2931,93.444,4.967
2932,93.444,4.967
2933,93.444,4.967
2934,93.444,4.967
2935,93.444,4.967
2936,93.444,4.967
2937,93.444,4.967
2938,93.444,4.967
2939,93.444,4.967
2940,93.444,4.967
2941,93.444,4.967
2942,93.444,4.967
2943,93.444,4.967
2944,93.444,4.967
2945,93.444,4.967
2946,93.444,4.967
2947,93.444,4.967
2948,93.444,4.967
2949,93.444,4.967
2950,93.444,4.967
2951,93.444,4.967
2952,93.444,4.967
2953,93.444,4.967
2954,93.444,4.967
2955,93.444,4.967
2956,93.444,4.967
2957,93.444,4.967
2958,93.444,4.967
2959,93.444,4.967
2960,93.444,4.967
2961,93.444,4.967
2962,93.444,4.967
2963,93.444,4.967
2964,93.444,4.967
2965,93.444,4.968
2966,93.444,4.968
2967,93.444,4.968
2968,93.444,4.968
2969,93.444,4.968
2970,93.444,4.968
2971,93.444,4.968
2972,93.444,4.968
2973,93.444,4.968
2974,93.444,4.968
2975,93.444,4.968
2976,93.444,4.968
2977,93.444,4.968
2978,93.444,4.968
2979,93.444,4.968
2980,93.444,4.968
2981,93.444,4.968
2982,93.444,4.968
2983,93.444,4.968
2984,93.444,4.968
2985,93.444,4.968
2986,93.444,4.968
2987,93.444,4.968
2988,93.444,4.968
2989,93.444,4.968
2990,93.444,4.968
2991,93.444,4.968
2992,93.444,4.968
2993,93.444,4.968
2994,93.444,4.968
2995,93.444,4.968
2996,93.444,4.968
2997,93.444,4.968
2998,93.444,4.968
2999,93.444,4.968
3000,93.444,4.968
3001,93.444,4.968
3002,93.444,4.968
3003,93.444,4.968
3004,93.444,4.968
3005,93.444,4.968
3006,93.444,4.968
3007,93.444,4.968
3008,93.444,4.968
3009,93.444,4.968
3010,93.444,4.968
3011,93.444,4.968
3012,93.444,4.968
3013,93.444,4.968
3014,93.444,4.968
3015,93.444,4.968
3016,93.444,4.968
3017,93.444,4.968
3018,93.444,4.968
3019,93.444,4.968
3020,93.444,4.968
3021,93.444,4.968
3022,93.444,4.968
3023,93.444,4.968
3024,93.444,4.968
3025,93.444,4.968
3026,93.444,4.968
3027,93.444,4.968
3028,93.444,4.968
3029,93.444,4.968
3030,93.444,4.968
3031,93.444,4.968
3032,93.444,4.968
3033,93.444,4.968
3034,93.444,4.968
3035,93.444,4.968
3036,93.444,4.968
3037,93.444,4.968
3038,93.444,4.968
3039,93.444,4.968
3040,93.444,4.968
3041,93.444,4.968
3042,93.444,4.968
3043,93.444,4.968
3044,93.444,4.968
3045,93.444,4.968
3046,93.444,4.968
3047,93.444,4.968
3048,93.444,4.968
3049,93.444,4.968
3050,93.444,4.968
3051,93.444,4.968
3052,93.444,4.968
3053,93.444,4.968
3054,93.444,4.968
3055,93.444,4.968
3056,93.444,4.968
3057,93.444,4.968
3058,93.444,4.968
3059,93.444,4.968
3060,93.444,4.968
3061,93.444,4.968
3062,93.444,4.968
3063,93.444,4.968
3064,93.444,4.968
3065,93.444,4.968
3066,93.444,4.968
3067,93.444,4.968
3068,93.444,4.968
3069,93.444,4.968
3070,93.444,4.968
3071,93.444,4.968
3072,93.444,4.968
3073,93.444,4.968
3074,93.444,4.968
3075,93.444,4.968
3076,93.444,4.968
3077,93.444,4.968
3078,93.444,4.968
3079,93.444,4.968
3080,93.444,4.968
3081,93.444,4.968
3082,93.444,4.968
3083,93.444,4.968
3084,93.444,4.968
3085,93.444,4.968
3086,93.444,4.968
3087,93.444,4.968
3088,93.444,4.968
3089,93.444,4.968
3090,93.444,4.968
3091,93.444,4.968
3092,93.444,4.968
3093,93.444,4.968
3094,93.444,4.968
3095,93.444,4.968
3096,93.444,4.968
3097,93.444,4.968
3098,93.444,4.968
3099,93.444,4.968
3100,93.444,4.968
3101,93.444,4.968
3102,93.444,4.968
3103,93.444,4.968
3104,93.444,4.968
3105,93.444,4.968
3106,93.444,4.968
3107,93.444,4.968
3108,93.444,4.968
3109,93.444,4.968
3110,93.444,4.968
3111,93.444,4.968
3112,93.444,4.968
3113,93.444,4.968
3114,93.444,4.968
3115,93.444,4.968
3116,93.444,4.968
3117,93.444,4.968
3118,93.444,4.968
3119,93.444,4.968
3120,93.444,4.968
3121,93.444,4.968
3122,93.444,4.968
3123,93.444,4.968
3124,93.444,4.968
3125,93.444,4.968
3126,93.444,4.968
3127,93.444,4.968
3128,93.444,4.968
3129,93.444,4.968
3130,93.444,4.968
3131,93.444,4.968
3132,93.444,4.968
3133,93.444,4.968
3134,93.444,4.968
3135,93.444,4.968
3136,93.444,4.968
3137,93.444,4.968
3138,93.444,4.968
3139,93.444,4.968
3140,93.444,4.968
3141,93.444,4.968
3142,93.444,4.968
3143,93.444,4.968
3144,93.444,4.968
3145,93.444,4.968
3146,93.444,4.968
3147,93.444,4.968
3148,93.444,4.968
3149,93.444,4.968
3150,93.444,4.968
3151,93.444,4.968
3152,93.444,4.968
3153,93.444,4.968
3154,93.444,4.968
3155,93.444,4.968
3156,93.444,4.968
3157,93.444,4.968
3158,93.444,4.968
3159,93.444,4.968
3160,93.444,4.968
3161,93.444,4.968
3162,93.444,4.968
3163,93.444,4.968
3164,93.444,4.968
3165,93.444,4.968
3166,93.444,4.968
3167,93.444,4.968
3168,93.444,4.968
3169,93.444,4.968
3170,93.444,4.968
3171,93.444,4.968
3172,93.444,4.968
3173,93.444,4.968
3174,93.444,4.968
3175,93.444,4.968
3176,93.444,4.968
3177,93.444,4.968
3178,93.444,4.968
3179,93.444,4.968
3180,93.444,4.968
3181,93.444,4.968
3182,93.444,4.968
3183,93.444,4.968
3184,93.444,4.968
3185,93.444,4.968
3186,93.444,4.968
3187,93.444,4.968
3188,93.444,4.968
3189,93.444,4.968
3190,93.444,4.968
3191,93.444,4.968
3192,93.444,4.968
3193,93.444,4.968
3194,93.444,4.968
3195,93.444,4.968
3196,93.444,4.968
3197,93.444,4.968
3198,93.444,4.968
3199,93.444,4.968
3200,93.444,4.968
3201,93.444,4.968
3202,93.444,4.968
3203,93.444,4.968
3204,93.444,4.968
3205,93.444,4.968
3206,93.444,4.968
3207,93.444,4.968
3208,93.444,4.968
3209,93.444,4.968
3210,93.444,4.968
3211,93.444,4.968
3212,93.444,4.968
3213,93.444,4.968
3214,93.444,4.968
3215,93.444,4.968
3216,93.444,4.968
3217,93.444,4.968
3218,93.444,4.968
3219,93.444,4.968
3220,93.444,4.968
3221,93.444,4.968
3222,93.444,4.968
3223,93.444,4.968
3224,93.444,4.968
3225,93.444,4.968
3226,93.444,4.968
3227,93.444,4.968
3228,93.444,4.968
3229,93.444,4.968
3230,93.444,4.968
3231,93.444,4.968
3232,93.444,4.968
3233,93.444,4.968
3234,93.444,4.968
3235,93.444,4.968
3236,93.444,4.968
3237,93.444,4.968
3238,93.444,4.968
3239,93.444,4.968
3240,93.444,4.968
3241,93.444,4.968
3242,93.444,4.968
3243,93.444,4.968
3244,93.444,4.968
3245,93.444,4.968
3246,93.444,4.968
3247,93.444,4.968
3248,93.444,4.968
3249,93.444,4.968
3250,93.444,4.968
3251,93.444,4.968
3252,93.444,4.968
3253,93.444,4.968
3254,93.444,4.968
3255,93.444,4.968
3256,93.444,4.968
3257,93.444,4.968
3258,93.444,4.968
3259,93.444,4.968
3260,93.444,4.968
3261,93.444,4.966
3262,93.444,4.966
3263,93.444,4.966
3264,93.444,4.966
3265,93.444,4.966
3266,93.444,4.966
3267,93.444,4.966
3268,93.444,4.966
3269,93.444,4.966
3270,93.444,4.966
3271,93.444,4.966
3272,93.444,4.966
3273,93.444,4.966
3274,93.444,4.966
3275,93.444,4.966
3276,93.444,4.966
3277,93.444,4.966
3278,93.444,4.966
3279,93.444,4.966
3280,93.444,4.966
3281,93.444,4.966
3282,93.444,4.966
3283,93.444,4.966
3284,93.444,4.966
3285,93.444,4.966
3286,93.444,4.966
3287,93.444,4.966
3288,93.444,4.966
3289,93.444,4.966
3290,93.444,4.966
3291,93.444,4.966
3292,93.444,4.966
3293,93.444,4.966
3294,93.444,4.966
3295,93.444,4.966
3296,93.444,4.966
3297,93.444,4.966
3298,93.444,4.966
3299,93.444,4.966
3300,93.444,4.966
3301,93.444,4.966
3302,93.444,4.966
3303,93.444,4.966
3304,93.444,4.966
3305,93.444,4.966
3306,93.444,4.966
3307,93.444,4.966
3308,93.444,4.966
3309,93.444,4.966
3310,93.444,4.966
3311,93.444,4.966
3312,93.444,4.966
3313,93.444,4.966
3314,93.444,4.966
3315,93.444,4.966
3316,93.444,4.966
3317,93.444,4.966
3318,93.444,4.966
3319,93.444,4.966
3320,93.444,4.966
3321,93.444,4.966
3322,93.444,4.966
3323,93.444,4.966
3324,93.444,4.966
3325,93.444,4.966
3326,93.444,4.966
3327,93.444,4.966
3328,93.444,4.966
3329,93.444,4.966
3330,93.444,4.966
3331,93.444,4.966
3332,93.444,4.966
3333,93.444,4.966
3334,93.444,4.966
3335,93.444,4.966
3336,93.444,4.966
3337,93.444,4.966
3338,93.444,4.966
3339,93.444,4.966
3340,93.444,4.966
3341,93.444,4.966
3342,93.444,4.966
3343,93.444,4.966
3344,93.444,4.966
3345,93.444,4.966
3346,93.444,4.966
3347,93.444,4.966
3348,93.444,4.966
3349,93.444,4.966
3350,93.444,4.966
3351,93.444,4.966
3352,93.444,4.966
3353,93.444,4.966
3354,93.444,4.966
3355,93.444,4.966
3356,93.444,4.966
3357,93.444,4.966
3358,93.444,4.966
3359,93.444,4.966
3360,93.444,4.966
3361,93.444,4.966
3362,93.444,4.966
3363,93.444,4.966
3364,93.444,4.966
3365,93.444,4.966
3366,93.444,4.966
3367,93.444,4.966
3368,93.444,4.966
3369,93.444,4.966
3370,93.444,4.966
3371,93.444,4.966
3372,93.444,4.966
3373,93.444,4.966
3374,93.444,4.966
3375,93.444,4.966
3376,93.444,4.966
3377,93.444,4.966
3378,93.444,4.966
3379,93.444,4.966
3380,93.444,4.966
3381,93.444,4.966
3382,93.444,4.966
3383,93.444,4.966
3384,93.444,4.966
3385,93.444,4.966
3386,93.444,4.966
3387,93.444,4.966
3388,93.444,4.966
3389,93.444,4.966
3390,93.444,4.966
3391,93.444,4.966
3392,93.444,4.966
3393,93.444,4.966
3394,93.444,4.966
3395,93.444,4.966
3396,93.444,4.966
3397,93.444,4.966
3398,93.444,4.966
3399,93.444,4.966
3400,93.444,4.966
3401,93.444,4.966
3402,93.444,4.966
3403,93.444,4.966
3404,93.444,4.966
3405,93.444,4.966
3406,93.444,4.966
3407,93.444,4.966
3408,93.444,4.966
3409,93.444,4.966
3410,93.444,4.966
3411,93.444,4.966
3412,93.444,4.966
3413,93.444,4.966
3414,93.444,4.966
3415,93.444,4.966
3416,93.444,4.966
3417,93.444,4.966
3418,93.444,4.966
3419,93.444,4.966
3420,93.444,4.966
3421,93.444,4.966
3422,93.444,4.966
3423,93.444,4.966
3424,93.444,4.966
3425,93.444,4.966
3426,93.444,4.966
3427,93.444,4.966
3428,93.444,4.966
3429,93.444,4.966
3430,93.444,4.966
3431,93.444,4.966
3432,93.444,4.966
3433,93.444,4.966
3434,93.444,4.966
3435,93.444,4.966
3436,93.444,4.966
3437,93.444,4.966
3438,93.444,4.966
3439,93.444,4.966
3440,93.444,4.966
3441,93.444,4.966
3442,93.444,4.966
3443,93.444,4.966
3444,93.444,4.966
3445,93.444,4.966
3446,93.444,4.966
3447,93.444,4.966
3448,93.444,4.966
3449,93.444,4.966
3450,93.444,4.966
3451,93.444,4.966
3452,93.444,4.966
3453,93.444,4.966
3454,93.444,4.966
3455,93.444,4.966
3456,93.444,4.966
3457,93.444,4.966
3458,93.444,4.966
3459,93.444,4.966
3460,93.444,4.966
3461,93.444,4.966
3462,93.444,4.966
3463,93.444,4.966
3464,93.444,4.966
3465,93.444,4.966
3466,93.444,4.966
3467,93.444,4.966
3468,93.444,4.966
3469,93.444,4.966
3470,93.444,4.966
3471,93.444,4.966
3472,93.444,4.966
3473,93.444,4.966
3474,93.444,4.966
3475,93.444,4.966
3476,93.444,4.966
3477,93.444,4.966
3478,93.444,4.966
3479,93.444,4.966
3480,93.444,4.966
3481,93.444,4.966
3482,93.444,4.966
3483,93.444,4.966
3484,93.444,4.966
3485,93.444,4.966
3486,93.444,4.966
3487,93.444,4.966
3488,93.444,4.966
3489,93.444,4.966
3490,93.444,4.966
3491,93.444,4.966
3492,93.444,4.966
3493,93.444,4.966
3494,93.444,4.966
3495,93.444,4.966
3496,93.444,4.966
3497,93.444,4.966
3498,93.444,4.966
3499,93.444,4.966
3500,93.444,4.966
3501,93.444,4.966
3502,93.444,4.966
3503,93.444,4.966
3504,93.444,4.966
3505,93.444,4.966
3506,93.444,4.966
3507,93.444,4.966
3508,93.444,4.966
3509,93.444,4.966
3510,93.444,4.966
3511,93.444,4.966
3512,93.444,4.966
3513,93.444,4.966
3514,93.444,4.966
3515,93.444,4.966
3516,93.444,4.966
3517,93.444,4.966
3518,93.444,4.966
3519,93.444,4.966
3520,93.444,4.966
3521,93.444,4.966
3522,93.444,4.966
3523,93.444,4.966
3524,93.444,4.966
3525,93.444,4.966
3526,93.444,4.966
3527,93.444,4.966
3528,93.444,4.966
3529,93.444,4.966
3530,93.444,4.966
3531,93.444,4.966
3532,93.444,4.966
3533,93.444,4.966
3534,93.444,4.966
3535,93.444,4.966
3536,93.444,4.966
3537,93.444,4.966
3538,93.444,4.966
3539,93.444,4.966
3540,93.444,4.966
3541,93.444,4.966
3542,93.444,4.966
3543,93.444,4.966
3544,93.444,4.966
3545,93.444,4.966
3546,93.444,4.966
3547,93.444,4.966
3548,93.444,4.966
3549,93.444,4.966
3550,93.444,4.966
3551,93.444,4.965
3552,93.444,4.965
3553,93.444,4.965
3554,93.444,4.965
3555,93.444,4.965
3556,93.444,4.965
3557,93.444,4.965
3558,93.444,4.965
3559,93.444,4.965
3560,93.444,4.965
3561,93.444,4.965
3562,93.444,4.965
3563,93.444,4.965
3564,93.444,4.965
3565,93.444,4.965
3566,93.444,4.965
3567,93.444,4.965
3568,93.444,4.965
3569,93.444,4.965
3570,93.444,4.965
3571,93.444,4.965
3572,93.444,4.965
3573,93.444,4.965
3574,93.444,4.965
3575,93.444,4.965
3576,93.444,4.965
3577,93.444,4.965
3578,93.444,4.965
3579,93.444,4.965
3580,93.444,4.965
3581,93.444,4.965
3582,93.444,4.965
3583,93.444,4.965
3584,93.444,4.965
3585,93.444,4.965
3586,93.444,4.965
3587,93.444,4.965
3588,93.444,4.965
3589,93.444,4.965
3590,93.444,4.965
3591,93.444,4.965
3592,93.444,4.965
3593,93.444,4.965
3594,93.444,4.965
3595,93.444,4.965
3596,93.444,4.965
3597,93.444,4.965
3598,93.444,4.965
3599,93.444,4.965
3600,93.444,4.965
3601,93.444,4.965
3602,93.444,4.965
3603,93.444,4.965
3604,93.444,4.965
3605,93.444,4.965
3606,93.444,4.965
3607,93.444,4.965
3608,93.444,4.965
3609,93.444,4.965
3610,93.444,4.965
3611,93.444,4.965
3612,93.444,4.965
3613,93.444,4.965
3614,93.444,4.965
3615,93.444,4.965
3616,93.444,4.965
3617,93.444,4.965
3618,93.444,4.965
3619,93.444,4.965
3620,93.444,4.965
3621,93.444,4.965
3622,93.444,4.965
3623,93.444,4.965
3624,93.444,4.965
3625,93.444,4.965
3626,93.444,4.965
3627,93.444,4.965
3628,93.444,4.965
3629,93.444,4.965
3630,93.444,4.965
3631,93.444,4.965
3632,93.444,4.965
3633,93.444,4.965
3634,93.444,4.965
3635,93.444,4.965
3636,93.444,4.965
3637,93.444,4.965
3638,93.444,4.965
3639,93.444,4.965
3640,93.444,4.965
3641,93.444,4.965
3642,93.444,4.965
3643,93.444,4.965
3644,93.444,4.965
3645,93.444,4.965
3646,93.444,4.965
3647,93.444,4.965
3648,93.444,4.965
3649,93.444,4.965
3650,93.444,4.965
3651,93.444,4.965
3652,93.444,4.965
3653,93.444,4.965
3654,93.444,4.965
3655,93.444,4.965
3656,93.444,4.965
3657,93.444,4.965
3658,93.444,4.965
3659,93.444,4.965
3660,93.444,4.965
3661,93.444,4.965
3662,93.444,4.965
3663,93.444,4.965
3664,93.444,4.965
3665,93.444,4.965
3666,93.444,4.965
3667,93.444,4.965
3668,93.444,4.965
3669,93.444,4.965
3670,93.444,4.965
3671,93.444,4.965
3672,93.444,4.965
3673,93.444,4.965
3674,93.444,4.965
3675,93.444,4.965
3676,93.444,4.965
3677,93.444,4.965
3678,93.444,4.965
3679,93.444,4.965
3680,93.444,4.965
3681,93.444,4.965
3682,93.444,4.965
3683,93.444,4.965
3684,93.444,4.965
3685,93.444,4.965
3686,93.444,4.965
3687,93.444,4.965
3688,93.444,4.965
3689,93.444,4.965
3690,93.444,4.965
3691,93.444,4.965
3692,93.444,4.965
3693,93.444,4.965
3694,93.444,4.965
3695,93.444,4.965
3696,93.444,4.965
3697,93.444,4.965
3698,93.444,4.965
3699,93.444,4.965
3700,93.444,4.965
3701,93.444,4.965
3702,93.444,4.965
3703,93.444,4.965
3704,93.444,4.965
3705,93.444,4.965
3706,93.444,4.965
3707,93.444,4.965
3708,93.444,4.965
3709,93.444,4.965
3710,93.444,4.965
3711,93.444,4.965
3712,93.444,4.965
3713,93.444,4.965
3714,93.444,4.965
3715,93.444,4.965
3716,93.444,4.965
3717,93.444,4.965
3718,93.444,4.965
3719,93.444,4.965
3720,93.444,4.965
3721,93.444,4.965
3722,93.444,4.965
3723,93.444,4.965
3724,93.444,4.965
3725,93.444,4.965
3726,93.444,4.965
3727,93.444,4.965
3728,93.444,4.965
3729,93.444,4.965
3730,93.444,4.965
3731,93.444,4.965
3732,93.444,4.965
3733,93.444,4.965
3734,93.444,4.965
3735,93.444,4.965
3736,93.444,4.965
3737,93.444,4.965
3738,93.444,4.965
3739,93.444,4.965
3740,93.444,4.965
3741,93.444,4.965
3742,93.444,4.965
3743,93.444,4.965
3744,93.444,4.965
3745,93.444,4.965
3746,93.444,4.965
3747,93.444,4.965
3748,93.444,4.965
3749,93.444,4.965
3750,93.444,4.965
3751,93.444,4.965
3752,93.444,4.965
3753,93.444,4.965
3754,93.444,4.965
3755,93.444,4.965
3756,93.444,4.965
3757,93.444,4.965
3758,93.444,4.965
3759,93.444,4.965
3760,93.444,4.965
3761,93.444,4.965
3762,93.444,4.965
3763,93.444,4.965
3764,93.444,4.965
3765,93.444,4.965
3766,93.444,4.965
3767,93.444,4.965
3768,93.444,4.965
3769,93.444,4.965
3770,93.444,4.965
3771,93.444,4.965
3772,93.444,4.965
3773,93.444,4.965
3774,93.444,4.965
3775,93.444,4.965
3776,93.444,4.965
3777,93.444,4.965
3778,93.444,4.965
3779,93.444,4.965
3780,93.444,4.965
3781,93.444,4.965
3782,93.444,4.965
3783,93.444,4.965
3784,93.444,4.965
3785,93.444,4.965
3786,93.444,4.965
3787,93.444,4.965
3788,93.444,4.965
3789,93.444,4.965
3790,93.444,4.965
3791,93.444,4.965
3792,93.444,4.965
3793,93.444,4.965
3794,93.444,4.965
3795,93.444,4.965
3796,93.444,4.965
3797,93.444,4.965
3798,93.444,4.965
3799,93.444,4.965
3800,93.444,4.965
3801,93.444,4.965
3802,93.444,4.965
3803,93.444,4.965
3804,93.444,4.965
3805,93.444,4.965
3806,93.444,4.965
3807,93.444,4.965
3808,93.444,4.965
3809,93.444,4.965
3810,93.444,4.965
3811,93.444,4.965
3812,93.444,4.965
3813,93.444,4.965
3814,93.444,4.965
3815,93.444,4.965
3816,93.444,4.965
3817,93.444,4.965
3818,93.444,4.965
3819,93.444,4.965
3820,93.444,4.965
3821,93.444,4.965
3822,93.444,4.965
3823,93.444,4.965
3824,93.444,4.965
3825,93.444,4.965
3826,93.444,4.965
3827,93.444,4.965
3828,93.444,4.965
3829,93.444,4.965
3830,93.444,4.965
3831,93.444,4.965
3832,93.444,4.965
3833,93.444,4.965
3834,93.444,4.965
3835,93.444,4.965
3836,93.444,4.965
3837,93.444,4.965
3838,93.444,4.965
3839,93.444,4.965
3840,93.444,4.965
3841,93.444,4.965
3842,93.444,4.965
3843,93.444,4.965
3844,93.444,4.965
3845,93.444,4.965
3846,93.444,4.965
3847,93.444,4.965
3848,93.444,4.965
3849,93.444,4.965
3850,93.444,4.965
3851,93.444,4.965
3852,93.444,4.965
3853,93.444,4.965
3854,93.444,4.965
3855,93.444,4.965
3856,93.444,4.965
3857,93.444,4.965
3858,93.444,4.966
3859,93.444,4.966
3860,93.444,4.966
3861,93.444,4.966
3862,93.444,4.966
3863,93.444,4.966
3864,93.444,4.966
3865,93.444,4.966
3866,93.444,4.966
3867,93.444,4.966
3868,93.444,4.966
3869,93.444,4.966
3870,93.444,4.966
3871,93.444,4.966
3872,93.444,4.966
3873,93.444,4.966
3874,93.444,4.966
3875,93.444,4.966
3876,93.444,4.966
3877,93.444,4.966
3878,93.444,4.966
3879,93.444,4.966
3880,93.444,4.966
3881,93.444,4.966
3882,93.444,4.966
3883,93.444,4.966
3884,93.444,4.966
3885,93.444,4.966
3886,93.444,4.966
3887,93.444,4.966
3888,93.444,4.966
3889,93.444,4.966
3890,93.444,4.966
3891,93.444,4.966
3892,93.444,4.966
3893,93.444,4.966
3894,93.444,4.966
3895,93.444,4.966
3896,93.444,4.966
3897,93.444,4.966
3898,93.444,4.966
3899,93.444,4.966
3900,93.444,4.966
3901,93.444,4.966
3902,93.444,4.966
3903,93.444,4.966
3904,93.444,4.966
3905,93.444,4.966
3906,93.444,4.966
3907,93.444,4.966
3908,93.444,4.966
3909,93.444,4.966
3910,93.444,4.966
3911,93.444,4.966
3912,93.444,4.966
3913,93.444,4.966
3914,93.444,4.966
3915,93.444,4.966
3916,93.444,4.966
3917,93.444,4.966
3918,93.444,4.966
3919,93.444,4.966
3920,93.444,4.966
3921,93.444,4.966
3922,93.444,4.966
3923,93.444,4.966
3924,93.444,4.966
3925,93.444,4.966
3926,93.444,4.966
3927,93.444,4.966
3928,93.444,4.966
3929,93.444,4.966
3930,93.444,4.966
3931,93.444,4.966
3932,93.444,4.966
3933,93.444,4.966
3934,93.444,4.966
3935,93.444,4.966
3936,93.444,4.966
3937,93.444,4.966
3938,93.444,4.966
3939,93.444,4.966
3940,93.444,4.966
3941,93.444,4.966
3942,93.444,4.966
3943,93.444,4.966
3944,93.444,4.966
3945,93.444,4.966
3946,93.444,4.966
3947,93.444,4.966
3948,93.444,4.966
3949,93.444,4.966
3950,93.444,4.966
3951,93.444,4.966
3952,93.444,4.966
3953,93.444,4.966
3954,93.444,4.966
3955,93.444,4.966
3956,93.444,4.966
3957,93.444,4.966
3958,93.444,4.966
3959,93.444,4.966
3960,93.444,4.966
3961,93.444,4.966
3962,93.444,4.966
3963,93.444,4.966
3964,93.444,4.966
3965,93.444,4.966
3966,93.444,4.966
3967,93.444,4.966
3968,93.444,4.966
3969,93.444,4.966
3970,93.444,4.966
3971,93.444,4.966
3972,93.444,4.966
3973,93.444,4.966
3974,93.444,4.966
3975,93.444,4.966
3976,93.444,4.966
3977,93.444,4.966
3978,93.444,4.966
3979,93.444,4.966
3980,93.444,4.966
3981,93.444,4.966
3982,93.444,4.966
3983,93.444,4.966
3984,93.444,4.966
3985,93.444,4.966
3986,93.444,4.966
3987,93.444,4.966
3988,93.444,4.966
3989,93.444,4.966
3990,93.444,4.966
3991,93.444,4.966
3992,93.444,4.966
3993,93.444,4.966
3994,93.444,4.966
3995,93.444,4.966
3996,93.444,4.966
3997,93.444,4.966
3998,93.444,4.966
3999,93.444,4.966
4000,93.444,4.966
4001,93.444,4.966
4002,93.444,4.966
4003,93.444,4.966
4004,93.444,4.966
4005,93.444,4.966
4006,93.444,4.966
4007,93.444,4.966
4008,93.444,4.966
4009,93.444,4.966
4010,93.444,4.966
4011,93.444,4.966
4012,93.444,4.966
4013,93.444,4.966
4014,93.444,4.966
4015,93.444,4.966
4016,93.444,4.966
4017,93.444,4.966
4018,93.444,4.966
4019,93.444,4.966
4020,93.444,4.966
4021,93.444,4.966
4022,93.444,4.966
4023,93.444,4.966
4024,93.444,4.966
4025,93.444,4.966
4026,93.444,4.966
4027,93.444,4.966
4028,93.444,4.966
4029,93.444,4.966
4030,93.444,4.966
4031,93.444,4.966
4032,93.444,4.966
4033,93.444,4.966
4034,93.444,4.966
4035,93.444,4.966
4036,93.444,4.966
4037,93.444,4.966
4038,93.444,4.966
4039,93.444,4.966
4040,93.444,4.966
4041,93.444,4.966
4042,93.444,4.966
4043,93.444,4.966
4044,93.444,4.966
4045,93.444,4.966
4046,93.444,4.966
4047,93.444,4.966
4048,93.444,4.966
4049,93.444,4.966
4050,93.444,4.966
4051,93.444,4.966
4052,93.444,4.966
4053,93.444,4.966
4054,93.444,4.966
4055,93.444,4.966
4056,93.444,4.966
4057,93.444,4.966
4058,93.444,4.966
4059,93.444,4.966
4060,93.444,4.966
4061,93.444,4.966
4062,93.444,4.966
4063,93.444,4.966
4064,93.444,4.966
4065,93.444,4.966
4066,93.444,4.966
4067,93.444,4.966
4068,93.444,4.966
4069,93.444,4.966
4070,93.444,4.966
4071,93.444,4.966
4072,93.444,4.966
4073,93.444,4.966
4074,93.444,4.966
4075,93.444,4.966
4076,93.444,4.966
4077,93.444,4.966
4078,93.444,4.966
4079,93.444,4.966
4080,93.444,4.966
4081,93.444,4.966
4082,93.444,4.966
4083,93.444,4.966
4084,93.444,4.966
4085,93.444,4.966
4086,93.444,4.966
4087,93.444,4.966
4088,93.444,4.966
4089,93.444,4.966
4090,93.444,4.966
4091,93.444,4.966
4092,93.444,4.966
4093,93.444,4.966
4094,93.444,4.966
4095,93.444,4.966
4096,93.444,4.966
4097,93.444,4.966
4098,93.444,4.966
4099,93.444,4.966
4100,93.444,4.966
4101,93.444,4.966
4102,93.444,4.966
4103,93.444,4.966
4104,93.444,4.966
4105,93.444,4.966
4106,93.444,4.966
4107,93.444,4.966
4108,93.444,4.966
4109,93.444,4.966
4110,93.444,4.966
4111,93.444,4.966
4112,93.444,4.966
4113,93.444,4.966
4114,93.444,4.966
4115,93.444,4.966
4116,93.444,4.966
4117,93.444,4.966
4118,93.444,4.966
0,93.444,4.966
1,93.444,4.965
2,93.444,4.965
3,93.444,4.965
4,93.444,4.965
5,93.444,4.965
6,93.444,4.965
7,93.444,4.965
8,93.444,4.965
9,93.444,4.965
10,93.444,4.965
11,93.444,4.965
12,93.444,4.965
13,93.444,4.965
14,93.444,4.965
15,93.444,4.965
16,93.444,4.965
17,93.444,4.965
18,93.444,4.965
19,93.444,4.965
20,93.444,4.965
21,93.444,4.965
22,93.444,4.965
23,93.444,4.965
24,93.444,4.965
25,93.444,4.965
26,93.444,4.965
27,93.444,4.965
28,93.444,4.965
29,93.444,4.965
30,93.444,4.965
31,93.444,4.965
32,93.444,4.965
33,93.444,4.965
34,93.444,4.965
35,93.444,4.965
36,93.444,4.965
37,93.444,4.965
38,93.444,4.965
39,93.444,4.965
40,93.444,4.965
41,93.444,4.965
42,93.444,4.965
43,93.444,4.965
44,93.444,4.965
45,93.444,4.965
46,93.444,4.965
47,93.444,4.965
48,93.444,4.965
49,93.444,4.965
50,93.444,4.965
51,93.444,4.965
52,93.444,4.965
53,93.444,4.965
54,93.444,4.965
55,93.444,4.965
56,93.444,4.965
57,93.444,4.965
58,93.444,4.965
59,93.444,4.965
60,93.444,4.965
61,93.444,4.965
62,93.444,4.965
63,93.444,4.965
64,93.444,4.965
65,93.444,4.965
66,93.444,4.965
67,93.444,4.965
68,93.444,4.965
69,93.444,4.965
70,93.444,4.965
71,93.444,4.965
72,93.444,4.965
73,93.444,4.965
74,93.444,4.965
75,93.444,4.965
76,93.444,4.965
77,93.444,4.965
78,93.444,4.965
79,93.444,4.965
80,93.444,4.965
81,93.444,4.965
82,93.444,4.965
83,93.444,4.965
84,93.444,4.965
85,93.444,4.965
86,93.444,4.965
87,93.444,4.965
88,93.444,4.965
89,93.444,4.965
90,93.444,4.965
91,93.444,4.965
92,93.444,4.965
93,93.444,4.965
94,93.444,4.965
95,93.444,4.965
96,93.444,4.965
97,93.444,4.965
98,93.444,4.965
99,93.444,4.965
100,93.444,4.965
101,93.444,4.965
102,93.444,4.965
103,93.444,4.965
104,93.444,4.965
105,93.444,4.965
106,93.444,4.965
107,93.444,4.965
108,93.444,4.965
109,93.444,4.965
110,93.444,4.965
111,93.444,4.965
112,93.444,4.965
113,93.444,4.965
114,93.444,4.965
115,93.444,4.965
116,93.444,4.965
117,93.444,4.965
118,93.444,4.965
119,93.444,4.965
120,93.444,4.965
121,93.444,4.965
122,93.444,4.965
123,93.444,4.965
124,93.444,4.965
125,93.444,4.965
126,93.444,4.965
127,93.444,4.965
128,93.444,4.965
129,93.444,4.965
130,93.444,4.965
131,93.444,4.965
132,93.444,4.965
133,93.444,4.965
134,93.444,4.965
135,93.444,4.965
136,93.444,4.965
137,93.444,4.965
138,93.444,4.965
139,93.444,4.965
140,93.444,4.965
141,93.444,4.965
142,93.444,4.965
143,93.444,4.965
144,93.444,4.965
145,93.444,4.965
146,93.444,4.965
147,93.444,4.965
148,93.444,4.965
149,93.444,4.965
150,93.444,4.965
151,93.444,4.965
152,93.444,4.965
153,93.444,4.965
154,93.444,4.965
155,93.444,4.965
156,93.444,4.965
157,93.444,4.965
158,93.444,4.965
159,93.444,4.965
160,93.444,4.965
161,93.444,4.965
162,93.444,4.965
163,93.444,4.965
164,93.444,4.965
165,93.444,4.965
166,93.444,4.965
167,93.444,4.965
168,93.444,4.965
169,93.444,4.965
170,93.444,4.965
171,93.444,4.965
172,93.444,4.965
173,93.444,4.965
174,93.444,4.965
175,93.444,4.965
176,93.444,4.965
177,93.444,4.965
178,93.444,4.965
179,93.444,4.965
180,93.444,4.965
181,93.444,4.965
182,93.444,4.965
183,93.444,4.965
184,93.444,4.965
185,93.444,4.965
186,93.444,4.965
187,93.444,4.965
188,93.444,4.965
189,93.444,4.965
190,93.444,4.965
191,93.444,4.965
192,93.444,4.965
193,93.444,4.965
194,93.444,4.965
195,93.444,4.965
196,93.444,4.965
197,93.444,4.965
198,93.444,4.965
199,93.444,4.965
200,93.444,4.965
201,93.444,4.965
202,93.444,4.965
203,93.444,4.965
204,93.444,4.965
205,93.444,4.965
206,93.444,4.965
207,93.444,4.965
208,93.444,4.965
209,93.444,4.965
210,93.444,4.965
211,93.444,4.965
212,93.444,4.965
213,93.444,4.965
214,93.444,4.965
215,93.444,4.965
216,93.444,4.965
217,93.444,4.965
218,93.444,4.965
219,93.444,4.965
220,93.444,4.965
221,93.444,4.965
222,93.444,4.965
223,93.444,4.965
224,93.444,4.965
225,93.444,4.965
226,93.444,4.965
227,93.444,4.965
228,93.444,4.965
229,93.444,4.965
230,93.444,4.965
231,93.444,4.965
232,93.444,4.965
233,93.444,4.965
234,93.444,4.965
235,93.444,4.965
236,93.444,4.965
237,93.444,4.965
238,93.444,4.965
239,93.444,4.964
240,93.444,4.964
241,93.444,4.964
242,93.444,4.964
243,93.444,4.964
244,93.444,4.964
245,93.444,4.964
246,93.444,4.964
247,93.444,4.964
248,93.444,4.964
249,93.444,4.964
250,93.444,4.964
251,93.444,4.964
252,93.444,4.964
253,93.444,4.964
254,93.444,4.964
255,93.444,4.964
256,93.444,4.964
257,93.444,4.964
258,93.444,4.964
259,93.444,4.964
260,93.444,4.964
261,93.444,4.964
262,93.444,4.964
263,93.444,4.964
264,93.444,4.964
265,93.444,4.964
266,93.444,4.964
267,93.444,4.964
268,93.444,4.964
269,93.444,4.964
270,93.444,4.964
271,93.444,4.964
272,93.444,4.964
273,93.444,4.964
274,93.444,4.964
275,93.444,4.964
276,93.444,4.964
277,93.444,4.964
278,93.444,4.964
279,93.444,4.964
280,93.444,4.964
281,93.444,4.964
282,93.444,4.964
283,93.444,4.964
284,93.444,4.964
285,93.444,4.964
286,93.444,4.964
287,93.444,4.964
288,93.444,4.964
289,93.444,4.964
290,93.444,4.964
291,93.444,4.964
292,93.444,4.964
293,93.444,4.964
294,93.444,4.964
295,93.444,4.964
296,93.444,4.964
297,93.444,4.964
298,93.444,4.964
299,93.444,4.964
300,93.444,4.964
301,93.444,4.964
302,93.444,4.964
303,93.444,4.964
304,93.444,4.964
305,93.444,4.964
306,93.444,4.964
307,93.444,4.964
308,93.444,4.964
309,93.444,4.964
310,93.444,4.964
311,93.444,4.964
312,93.444,4.964
313,93.444,4.964
314,93.444,4.964
315,93.444,4.964
316,93.444,4.964
317,93.444,4.964
318,93.444,4.964
319,93.444,4.964
320,93.444,4.964
321,93.444,4.964
322,93.444,4.964
323,93.444,4.964
324,93.444,4.964
325,93.444,4.964
326,93.444,4.964
327,93.444,4.964
328,93.444,4.964
329,93.444,4.964
330,93.444,4.964
331,93.444,4.964
332,93.444,4.964
333,93.444,4.964
334,93.444,4.964
335,93.444,4.964
336,93.444,4.964
337,93.444,4.964
338,93.444,4.964
339,93.444,4.964
340,93.444,4.964
341,93.444,4.964
342,93.444,4.964
343,93.444,4.964
344,93.444,4.964
345,93.444,4.964
346,93.444,4.964
347,93.444,4.964
348,93.444,4.964
349,93.444,4.964
350,93.444,4.964
351,93.444,4.964
352,93.444,4.964
353,93.444,4.964
354,93.444,4.964
355,93.444,4.964
356,93.444,4.964
357,93.444,4.964
358,93.444,4.964
359,93.444,4.964
360,93.444,4.964
361,93.444,4.964
362,93.444,4.964
363,93.444,4.964
364,93.444,4.964
365,93.444,4.964
366,93.444,4.964
367,93.444,4.964
368,93.444,4.964
369,93.444,4.964
370,93.444,4.964
371,93.444,4.964
372,93.444,4.964
373,93.444,4.964
374,93.444,4.964
375,93.444,4.964
376,93.444,4.964
377,93.444,4.964
378,93.444,4.964
379,93.444,4.964
380,93.444,4.964
381,93.444,4.964
382,93.444,4.964
383,93.444,4.964
384,93.444,4.964
385,93.444,4.964
386,93.444,4.964
387,93.444,4.964
388,93.444,4.964
389,93.444,4.964
390,93.444,4.964
391,93.444,4.964
392,93.444,4.964
393,93.444,4.964
394,93.444,4.964
395,93.444,4.964
396,93.444,4.964
397,93.444,4.964
398,93.444,4.964
399,93.444,4.964
400,93.444,4.964
401,93.444,4.964
402,93.444,4.964
403,93.444,4.964
404,93.444,4.964
405,93.444,4.964
406,93.444,4.964
407,93.444,4.964
408,93.444,4.964
409,93.444,4.964
410,93.444,4.964
411,93.444,4.964
412,93.444,4.964
413,93.444,4.964
414,93.444,4.964
415,93.444,4.964
416,93.444,4.964
417,93.444,4.964
418,93.444,4.964
419,93.444,4.964
420,93.444,4.964
421,93.444,4.964
422,93.444,4.964
423,93.444,4.964
424,93.444,4.964
425,93.444,4.964
426,93.444,4.964
427,93.444,4.964
428,93.444,4.964
429,93.444,4.964
430,93.444,4.964
431,93.444,4.964
432,93.444,4.964
433,93.444,4.964
434,93.444,4.964
435,93.444,4.964
436,93.444,4.964
437,93.444,4.964
438,93.444,4.964
439,93.444,4.964
440,93.444,4.964
441,93.444,4.964
442,93.444,4.964
443,93.444,4.964
444,93.444,4.964
445,93.444,4.964
446,93.444,4.964
447,93.444,4.964
448,93.444,4.964
449,93.444,4.964
450,93.444,4.964
451,93.444,4.964
452,93.444,4.964
453,93.444,4.964
454,93.444,4.964
455,93.444,4.964
456,93.444,4.964
457,93.444,4.964
458,93.444,4.964
459,93.444,4.964
460,93.444,4.964
461,93.444,4.964
462,93.444,4.964
463,93.444,4.964
464,93.444,4.964
465,93.444,4.964
466,93.444,4.964
467,93.444,4.964
468,93.444,4.964
469,93.444,4.964
470,93.444,4.964
471,93.444,4.964
472,93.444,4.964
473,93.444,4.964
474,93.444,4.964
475,93.444,4.964
476,93.444,4.964
477,93.444,4.964
478,93.444,4.964
479,93.444,4.964
480,93.444,4.964
481,93.444,4.964
482,93.444,4.964
483,93.444,4.964
484,93.444,4.964
485,93.444,4.964
486,93.444,4.964
487,93.444,4.964
488,93.444,4.964
489,93.444,4.964
490,93.444,4.964
491,93.444,4.964
492,93.444,4.964
493,93.444,4.964
494,93.444,4.964
495,93.444,4.964
496,93.444,4.964
497,93.444,4.964
498,93.444,4.964
499,93.444,4.964
500,93.444,4.964
501,93.444,4.964
502,93.444,4.964
503,93.444,4.963
504,93.444,4.963
505,93.444,4.963
506,93.444,4.963
507,93.444,4.963
508,93.444,4.963
509,93.444,4.963
510,93.444,4.963
511,93.444,4.963
512,93.444,4.963
513,93.444,4.963
514,93.444,4.963
515,93.444,4.963
516,93.444,4.963
517,93.444,4.963
518,93.444,4.963
519,93.444,4.963
520,93.444,4.963
521,93.444,4.963
522,93.444,4.963
523,93.444,4.963
524,93.444,4.963
525,93.444,4.963
526,93.444,4.963
527,93.444,4.963
528,93.444,4.963
529,93.444,4.963
530,93.444,4.963
531,93.444,4.963
532,93.444,4.963
533,93.444,4.963
534,93.444,4.963
535,93.444,4.963
536,93.444,4.963
537,93.444,4.963
538,93.444,4.963
539,93.444,4.963
540,93.444,4.963
541,93.444,4.963
542,93.444,4.963
543,93.444,4.963
544,93.444,4.963
545,93.444,4.963
546,93.444,4.963
547,93.444,4.963
548,93.444,4.963
549,93.444,4.963
550,93.444,4.963
551,93.444,4.963
552,93.444,4.963
553,93.444,4.963
554,93.444,4.963
555,93.444,4.963
556,93.444,4.963
557,93.444,4.963
558,93.444,4.963
559,93.444,4.963
560,93.444,4.963
561,93.444,4.963
562,93.444,4.963
563,93.444,4.963
564,93.444,4.963
565,93.444,4.963
566,93.444,4.963
567,93.444,4.963
568,93.444,4.963
569,93.444,4.963
570,93.444,4.963
571,93.444,4.963
572,93.444,4.963
573,93.444,4.963
574,93.444,4.963
575,93.444,4.963
576,93.444,4.963
577,93.444,4.963
578,93.444,4.963
579,93.444,4.963
580,93.444,4.963
581,93.444,4.963
582,93.444,4.963
583,93.444,4.963
584,93.444,4.963
585,93.444,4.963
586,93.444,4.963
587,93.444,4.963
588,93.444,4.963
589,93.444,4.963
590,93.444,4.963
591,93.444,4.963
592,93.444,4.963
593,93.444,4.963
594,93.444,4.963
595,93.444,4.963
596,93.444,4.963
597,93.444,4.963
598,93.444,4.963
599,93.444,4.963
600,93.444,4.963
601,93.444,4.963
602,93.444,4.963
603,93.444,4.963
604,93.444,4.963
605,93.444,4.963
606,93.444,4.963
607,93.444,4.963
608,93.444,4.963
609,93.444,4.963
610,93.444,4.963
611,93.444,4.963
612,93.444,4.963
613,93.444,4.963
614,93.444,4.963
615,93.444,4.963
616,93.444,4.963
617,93.444,4.963
618,93.444,4.963
619,93.444,4.963
620,93.444,4.963
621,93.444,4.963
622,93.444,4.963
623,93.444,4.963
624,93.444,4.963
625,93.444,4.963
626,93.444,4.963
627,93.444,4.963
628,93.444,4.963
629,93.444,4.963
630,93.444,4.963
631,93.444,4.963
632,93.444,4.963
633,93.444,4.963
634,93.444,4.963
635,93.444,4.963
636,93.444,4.963
637,93.444,4.963
638,93.444,4.963
639,93.444,4.963
640,93.444,4.963
641,93.444,4.963
642,93.444,4.963
643,93.444,4.963
644,93.444,4.963
645,93.444,4.963
646,93.444,4.963
647,93.444,4.963
648,93.444,4.963
649,93.444,4.963
650,93.444,4.963
651,93.444,4.963
652,93.444,4.963
653,93.444,4.963
654,93.444,4.963
655,93.444,4.963
656,93.444,4.963
657,93.444,4.963
658,93.444,4.963
659,93.444,4.963
660,93.444,4.963
661,93.444,4.963
662,93.444,4.963
663,93.444,4.963
664,93.444,4.963
665,93.444,4.963
666,93.444,4.963
667,93.444,4.963
668,93.444,4.963
669,93.444,4.963
670,93.444,4.963
671,93.444,4.963
672,93.444,4.963
673,93.444,4.963
674,93.444,4.963
675,93.444,4.963
676,93.444,4.963
677,93.444,4.963
678,93.444,4.963
679,93.444,4.963
680,93.444,4.963
681,93.444,4.963
682,93.444,4.963
683,93.444,4.963
684,93.444,4.963
685,93.444,4.963
686,93.444,4.963
687,93.444,4.963
688,93.444,4.963
689,93.444,4.963
690,93.444,4.963
691,93.444,4.963
692,93.444,4.963
693,93.444,4.963
694,93.444,4.963
695,93.444,4.963
696,93.444,4.963
697,93.444,4.963
698,93.444,4.963
699,93.444,4.963
700,93.444,4.963
701,93.444,4.963
702,93.444,4.963
703,93.444,4.963
704,93.444,4.963
705,93.444,4.963
706,93.444,4.963
707,93.444,4.963
708,93.444,4.963
709,93.444,4.963
710,93.444,4.963
711,93.444,4.963
712,93.444,4.963
713,93.444,4.963
714,93.444,4.963
715,93.444,4.963
716,93.444,4.963
717,93.444,4.963
718,93.444,4.963
719,93.444,4.963
720,93.444,4.963
721,93.444,4.963
722,93.444,4.963
723,93.444,4.963
724,93.444,4.963
725,93.444,4.963
726,93.444,4.963
727,93.444,4.963
728,93.444,4.963
729,93.444,4.963
730,93.444,4.963
731,93.444,4.963
732,93.444,4.963
733,93.444,4.963
734,93.444,4.963
735,93.444,4.963
736,93.444,4.963
737,93.444,4.963
738,93.444,4.963
739,93.444,4.963
740,93.444,4.963
741,93.444,4.963
742,93.444,4.963
743,93.444,4.963
744,93.444,4.963
745,93.444,4.963
746,93.444,4.963
747,93.444,4.963
748,93.444,4.963
749,93.444,4.963
750,93.444,4.963
751,93.444,4.963
752,93.444,4.963
753,93.444,4.963
754,93.444,4.963
755,93.444,4.963
756,93.444,4.963
757,93.444,4.963
758,93.444,4.963
759,93.444,4.963
760,93.444,4.963
761,93.444,4.963
762,93.444,4.963
763,93.444,4.963
764,93.444,4.963
765,93.444,4.963
766,93.444,4.963
767,93.444,4.963
768,93.444,4.963
769,93.444,4.963
770,93.444,4.963
771,93.444,4.963
772,93.444,4.963
773,93.444,4.963
774,93.444,4.963
775,93.444,4.963
776,93.444,4.963
777,93.444,4.963
778,93.444,4.963
779,93.444,4.963
780,93.444,4.963
781,93.444,4.963
782,93.444,4.963
783,93.444,4.963
784,93.444,4.963
785,93.444,4.963
786,93.444,4.963
787,93.444,4.963
788,93.444,4.963
789,93.444,4.963
790,93.444,4.963
791,93.444,4.963
792,93.444,4.963
793,93.444,4.963
794,93.444,4.963
795,93.444,4.963
796,93.444,4.963
797,93.444,4.963
798,93.444,4.963
799,93.444,4.963
800,93.444,4.963
801,93.444,4.963
802,93.444,4.963
803,93.444,4.963
804,93.444,4.963
805,93.444,4.963
806,93.444,4.963
807,93.444,4.963
808,93.444,4.963
809,93.444,4.963
810,93.444,4.963
811,93.444,4.963
812,93.444,4.963
813,93.444,4.963
814,93.444,4.963
815,93.444,4.963
816,93.444,4.963
817,93.444,4.963
818,93.444,4.963
819,93.444,4.963
820,93.444,4.963
821,93.444,4.963
822,93.444,4.963
823,93.444,4.963
824,93.444,4.963
825,93.444,4.963
826,93.444,4.963
827,93.444,4.963
828,93.444,4.963
829,93.444,4.963
830,93.444,4.963
831,93.444,4.963
832,93.444,4.963
833,93.444,4.963
834,93.444,4.963
835,93.444,4.963
836,93.444,4.963
837,93.444,4.963
838,93.444,4.963
839,93.444,4.963
840,93.444,4.963
841,93.444,4.963
842,93.444,4.963
843,93.444,4.963
844,93.444,4.963
845,93.444,4.963
846,93.444,4.963
847,93.444,4.963
848,93.444,4.963
849,93.444,4.963
850,93.444,4.963
851,93.444,4.963
852,93.444,4.963
853,93.444,4.963
854,93.444,4.963
855,93.444,4.963
856,93.444,4.963
857,93.444,4.963
858,93.444,4.963
859,93.444,4.963
860,93.444,4.963
861,93.444,4.963
862,93.444,4.963
863,93.444,4.963
864,93.444,4.963
865,93.444,4.963
866,93.444,4.963
867,93.444,4.963
868,93.444,4.963
869,93.444,4.963
870,93.444,4.963
871,93.444,4.963
872,93.444,4.963
873,93.444,4.963
874,93.444,4.963
875,93.444,4.963
876,93.444,4.963
877,93.444,4.963
878,93.444,4.963
879,93.444,4.963
880,93.444,4.963
881,93.444,4.963
882,93.444,4.963
883,93.444,4.963
884,93.444,4.963
885,93.444,4.963
886,93.444,4.963
887,93.444,4.963
888,93.444,4.963
889,93.444,4.963
890,93.444,4.963
891,93.444,4.963
892,93.444,4.963
893,93.444,4.963
894,93.444,4.963
895,93.444,4.963
896,93.444,4.963
897,93.444,4.963
898,93.444,4.963
899,93.444,4.963
900,93.444,4.963
901,93.444,4.963
902,93.444,4.963
903,93.444,4.963
904,93.444,4.963
905,93.444,4.963
906,93.444,4.963
907,93.444,4.963
908,93.444,4.963
909,93.444,4.963
910,93.444,4.963
911,93.444,4.963
912,93.444,4.963
913,93.444,4.963
914,93.444,4.963
915,93.444,4.963
916,93.444,4.963
917,93.444,4.963
918,93.444,4.963
919,93.444,4.963
920,93.444,4.963
921,93.444,4.963
922,93.444,4.963
923,93.444,4.963
924,93.444,4.963
925,93.444,4.963
926,93.444,4.963
927,93.444,4.963
928,93.444,4.963
929,93.444,4.963
930,93.444,4.963
931,93.444,4.963
932,93.444,4.963
933,93.444,4.963
934,93.444,4.963
935,93.444,4.963
936,93.444,4.963
937,93.444,4.963
938,93.444,4.963
939,93.444,4.963
940,93.444,4.963
941,93.444,4.963
942,93.444,4.963
943,93.444,4.963
944,93.444,4.963
945,93.444,4.963
946,93.444,4.963
947,93.444,4.963
948,93.444,4.963
949,93.444,4.963
950,93.444,4.963
951,93.444,4.963
952,93.444,4.963
953,93.444,4.963
954,93.444,4.963
955,93.444,4.963
956,93.444,4.963
957,93.444,4.963
958,93.444,4.963
959,93.444,4.963
960,93.444,4.963
961,93.444,4.963
962,93.444,4.963
963,93.444,4.963
964,93.444,4.963
965,93.444,4.963
966,93.444,4.963
967,93.444,4.963
968,93.444,4.963
969,93.444,4.963
970,93.444,4.963
971,93.444,4.963
972,93.444,4.963
973,93.444,4.963
974,93.444,4.963
975,93.444,4.963
976,93.444,4.963
977,93.444,4.963
978,93.444,4.963
979,93.444,4.963
980,93.444,4.963
981,93.444,4.963
982,93.444,4.963
983,93.444,4.963
984,93.444,4.963
985,93.444,4.963
986,93.444,4.963
987,93.444,4.963
988,93.444,4.963
989,93.444,4.963
990,93.444,4.963
991,93.444,4.963
992,93.444,4.963
993,93.444,4.963
994,93.444,4.963
995,93.444,4.963
996,93.444,4.963
997,93.444,4.963
998,93.444,4.963
999,93.444,4.963
1000,93.444,4.963
1001,93.444,4.963
1002,93.444,4.963
1003,93.444,4.963
1004,93.444,4.963
1005,93.444,4.963
1006,93.444,4.963
1007,93.444,4.963
1008,93.444,4.963
1009,93.444,4.963
1010,93.444,4.963
1011,93.444,4.963
1012,93.444,4.963
1013,93.444,4.963
1014,93.444,4.963
1015,93.444,4.963
1016,93.444,4.963
1017,93.444,4.963
1018,93.444,4.963
1019,93.444,4.963
1020,93.444,4.963
1021,93.444,4.963
1022,93.444,4.963
1023,93.444,4.963
1024,93.444,4.963
1025,93.444,4.963
1026,93.444,4.963
1027,93.444,4.963
1028,93.444,4.963
1029,93.444,4.963
1030,93.444,4.963
1031,93.444,4.963
1032,93.444,4.963
1033,93.444,4.963
1034,93.444,4.963
1035,93.444,4.963
1036,93.444,4.963
1037,93.444,4.963
1038,93.444,4.963
1039,93.444,4.963
1040,93.444,4.963
1041,93.444,4.963
1042,93.444,4.963
1043,93.444,4.963
1044,93.444,4.963
1045,93.444,4.963
1046,93.444,4.963
1047,93.444,4.963
1048,93.444,4.963
1049,93.444,4.963
1050,93.444,4.963
1051,93.444,4.963
1052,93.444,4.963
1053,93.444,4.963
1054,93.444,4.963
1055,93.444,4.963
1056,93.444,4.963
1057,93.444,4.963
1058,93.444,4.963
1059,93.444,4.963
1060,93.444,4.963
1061,93.444,4.963
1062,93.444,4.963
1063,93.444,4.963
1064,93.444,4.963
1065,93.444,4.963
1066,93.444,4.963
1067,93.444,4.963
1068,93.444,4.963
1069,93.444,4.963
1070,93.444,4.963
1071,93.444,4.963
1072,93.444,4.963
1073,93.444,4.963
1074,93.444,4.963
1075,93.444,4.963
1076,93.444,4.963
1077,93.444,4.963
1078,93.444,4.963
1079,93.444,4.963
1080,93.444,4.963
1081,93.444,4.963
1082,93.444,4.963
1083,93.444,4.963
1084,93.444,4.963
1085,93.444,4.963
1086,93.444,4.963
1087,93.444,4.963
1088,93.444,4.963
1089,93.444,4.963
1090,93.444,4.963
1091,93.444,4.963
1092,93.444,4.963
1093,93.444,4.963
1094,93.444,4.963
1095,93.444,4.963
1096,93.444,4.963
1097,93.444,4.963
1098,93.444,4.963
1099,93.444,4.963
1100,93.444,4.963
1101,93.444,4.963
1102,93.444,4.963
1103,93.444,4.963
1104,93.444,4.963
1105,93.444,4.963
1106,93.444,4.963
1107,93.444,4.963
1108,93.444,4.963
1109,93.444,4.963
1110,93.444,4.963
1111,93.444,4.963
1112,93.444,4.963
1113,93.444,4.963
1114,93.444,4.963
1115,93.444,4.963
1116,93.444,4.963
1117,93.444,4.963
1118,93.444,4.963
1119,93.444,4.963
1120,93.444,4.963
1121,93.444,4.963
1122,93.444,4.963
1123,93.444,4.963
1124,93.444,4.963
1125,93.444,4.963
1126,93.444,4.963
1127,93.444,4.963
1128,93.444,4.963
1129,93.444,4.963
1130,93.444,4.963
1131,93.444,4.963
1132,93.444,4.963
1133,93.444,4.963
1134,93.444,4.963
1135,93.444,4.963
1136,93.444,4.963
1137,93.444,4.963
1138,93.444,4.963
1139,93.444,4.963
1140,93.444,4.963
1141,93.444,4.963
1142,93.444,4.963
1143,93.444,4.963
1144,93.444,4.963
1145,93.444,4.963
1146,93.444,4.963
1147,93.444,4.963
1148,93.444,4.963
1149,93.444,4.963
1150,93.444,4.963
1151,93.444,4.963
1152,93.444,4.963
1153,93.444,4.963
1154,93.444,4.963
1155,93.444,4.963
1156,93.444,4.963
1157,93.444,4.963
1158,93.444,4.963
1159,93.444,4.963
1160,93.444,4.963
1161,93.444,4.963
1162,93.444,4.963
1163,93.444,4.963
1164,93.444,4.963
1165,93.444,4.963
1166,93.444,4.963
1167,93.444,4.964
1168,93.444,4.964
1169,93.444,4.964
1170,93.444,4.964
1171,93.444,4.964
1172,93.444,4.964
1173,93.444,4.964
1174,93.444,4.964
1175,93.444,4.964
1176,93.444,4.964
1177,93.444,4.964
1178,93.444,4.964
1179,93.444,4.964
1180,93.444,4.964
1181,93.444,4.964
1182,93.444,4.964
1183,93.444,4.964
1184,93.444,4.964
1185,93.444,4.964
1186,93.444,4.964
1187,93.444,4.964
1188,93.444,4.964
1189,93.444,4.964
1190,93.444,4.964
1191,93.444,4.964
1192,93.444,4.964
1193,93.444,4.964
1194,93.444,4.964
1195,93.444,4.964
1196,93.444,4.964
1197,93.444,4.964
1198,93.444,4.964
1199,93.444,4.964
1200,93.444,4.964
1201,93.444,4.964
1202,93.444,4.964
1203,93.444,4.964
1204,93.444,4.964
1205,93.444,4.964
1206,93.444,4.964
1207,93.444,4.964
1208,93.444,4.964
1209,93.444,4.964
1210,93.444,4.964
1211,93.444,4.964
1212,93.444,4.964
1213,93.444,4.964
1214,93.444,4.964
1215,93.444,4.964
1216,93.444,4.964
1217,93.444,4.964
1218,93.444,4.964
1219,93.444,4.964
1220,93.444,4.964
1221,93.444,4.964
1222,93.444,4.964
1223,93.444,4.964
1224,93.444,4.964
1225,93.444,4.964
1226,93.444,4.964
1227,93.444,4.964
1228,93.444,4.964
1229,93.444,4.964
1230,93.444,4.964
1231,93.444,4.964
1232,93.444,4.964
1233,93.444,4.964
1234,93.444,4.964
1235,93.444,4.964
1236,93.444,4.964
1237,93.444,4.964
1238,93.444,4.964
1239,93.444,4.964
1240,93.444,4.964
1241,93.444,4.964
1242,93.444,4.964
1243,93.444,4.964
1244,93.444,4.964
1245,93.444,4.964
1246,93.444,4.964
1247,93.444,4.964
1248,93.444,4.964
1249,93.444,4.964
1250,93.444,4.964
1251,93.444,4.964
1252,93.444,4.964
1253,93.444,4.964
1254,93.444,4.964
1255,93.444,4.964
1256,93.444,4.964
1257,93.444,4.964
1258,93.444,4.964
1259,93.444,4.964
1260,93.444,4.964
1261,93.444,4.964
1262,93.444,4.964
1263,93.444,4.964
1264,93.444,4.964
1265,93.444,4.964
1266,93.444,4.964
1267,93.444,4.964
1268,93.444,4.964
1269,93.444,4.964
1270,93.444,4.964
1271,93.444,4.964
1272,93.444,4.964
1273,93.444,4.964
1274,93.444,4.964
1275,93.444,4.964
1276,93.444,4.964
1277,93.444,4.964
1278,93.444,4.964
1279,93.444,4.964
1280,93.444,4.964
1281,93.444,4.964
1282,93.444,4.964
1283,93.444,4.964
1284,93.444,4.964
1285,93.444,4.964
1286,93.444,4.964
1287,93.444,4.964
1288,93.444,4.964
1289,93.444,4.964
1290,93.444,4.964
1291,93.444,4.964
1292,93.444,4.964
1293,93.444,4.964
1294,93.444,4.964
1295,93.444,4.964
1296,93.444,4.964
1297,93.444,4.964
1298,93.444,4.964
1299,93.444,4.964
1300,93.444,4.964
1301,93.444,4.964
1302,93.444,4.964
1303,93.444,4.964
1304,93.444,4.964
1305,93.444,4.964
1306,93.444,4.964
1307,93.444,4.964
1308,93.444,4.964
1309,93.444,4.964
1310,93.444,4.964
1311,93.444,4.964
1312,93.444,4.964
1313,93.444,4.964
1314,93.444,4.964
1315,93.444,4.964
1316,93.444,4.964
1317,93.444,4.964
1318,93.444,4.964
1319,93.444,4.964
1320,93.444,4.964
1321,93.444,4.964
1322,93.444,4.964
1323,93.444,4.964
1324,93.444,4.964
1325,93.444,4.964
1326,93.444,4.964
1327,93.444,4.964
1328,93.444,4.964
1329,93.444,4.964
1330,93.444,4.964
1331,93.444,4.964
1332,93.444,4.964
1333,93.444,4.964
1334,93.444,4.964
1335,93.444,4.964
1336,93.444,4.964
1337,93.444,4.964
1338,93.444,4.964
1339,93.444,4.964
1340,93.444,4.964
1341,93.444,4.964
1342,93.444,4.964
1343,93.444,4.964
1344,93.444,4.964
1345,93.444,4.964
1346,93.444,4.964
1347,93.444,4.964
1348,93.444,4.964
1349,93.444,4.964
1350,93.444,4.964
1351,93.444,4.964
1352,93.444,4.964
1353,93.444,4.964
1354,93.444,4.964
1355,93.444,4.964
1356,93.444,4.964
1357,93.444,4.964
1358,93.444,4.964
1359,93.444,4.964
1360,93.444,4.964
1361,93.444,4.964
1362,93.444,4.964
1363,93.444,4.964
1364,93.444,4.964
1365,93.444,4.964
1366,93.444,4.964
1367,93.444,4.964
1368,93.444,4.964
1369,93.444,4.964
1370,93.444,4.964
1371,93.444,4.964
1372,93.444,4.964
1373,93.444,4.964
1374,93.444,4.964
1375,93.444,4.964
1376,93.444,4.964
1377,93.444,4.964
1378,93.444,4.964
1379,93.444,4.964
1380,93.444,4.964
1381,93.444,4.964
1382,93.444,4.964
1383,93.444,4.964
1384,93.444,4.964
1385,93.444,4.964
1386,93.444,4.964
1387,93.444,4.964
1388,93.444,4.964
1389,93.444,4.964
1390,93.444,4.964
1391,93.444,4.964
1392,93.444,4.964
1393,93.444,4.964
1394,93.444,4.964
1395,93.444,4.964
1396,93.444,4.964
1397,93.444,4.964
1398,93.444,4.964
1399,93.444,4.964
1400,93.444,4.964
1401,93.444,4.964
1402,93.444,4.964
1403,93.444,4.964
1404,93.444,4.964
1405,93.444,4.964
1406,93.444,4.964
1407,93.444,4.964
1408,93.444,4.964
1409,93.444,4.964
1410,93.444,4.964
1411,93.444,4.964
1412,93.444,4.964
1413,93.444,4.964
1414,93.444,4.964
1415,93.444,4.964
1416,93.444,4.964
1417,93.444,4.964
1418,93.444,4.964
1419,93.444,4.964
1420,93.444,4.964
1421,93.444,4.964
1422,93.444,4.964
1423,93.444,4.964
1424,93.444,4.964
1425,93.444,4.964
1426,93.444,4.964
1427,93.444,4.964
1428,93.444,4.964
1429,93.444,4.964
1430,93.444,4.964
1431,93.444,4.964
1432,93.444,4.964
1433,93.444,4.964
1434,93.444,4.964
1435,93.444,4.964
1436,93.444,4.964
1437,93.444,4.964
1438,93.444,4.964
1439,93.444,4.964
1440,93.444,4.964
1441,93.444,4.964
1442,93.444,4.964
1443,93.444,4.964
1444,93.444,4.964
1445,93.444,4.964
1446,93.444,4.964
1447,93.444,4.964
1448,93.444,4.964
1449,93.444,4.964
1450,93.444,4.964
1451,93.444,4.964
1452,93.444,4.964
1453,93.444,4.964
1454,93.444,4.964
1455,93.444,4.964
1456,93.444,4.964
1457,93.444,4.964
1458,93.444,4.964
1459,93.444,4.964
1460,93.444,4.964
1461,93.444,4.964
1462,93.444,4.964
1463,93.444,4.964
1464,93.444,4.964
1465,93.444,4.964
1466,93.444,4.964
1467,93.444,4.964
1468,93.444,4.964
1469,93.444,4.964
1470,93.444,4.964
1471,93.444,4.964
1472,93.444,4.964
1473,93.444,4.964
1474,93.444,4.964
1475,93.444,4.964
1476,93.444,4.964
1477,93.444,4.964
1478,93.444,4.964
1479,93.444,4.964
1480,93.444,4.964
1481,93.444,4.964
1482,93.444,4.964
1483,93.444,4.964
1484,93.444,4.964
1485,93.444,4.964
1486,93.444,4.964
1487,93.444,4.964
1488,93.444,4.964
1489,93.444,4.964
1490,93.444,4.964
1491,93.444,4.964
1492,93.444,4.964
1493,93.444,4.964
1494,93.444,4.964
1495,93.444,4.964
1496,93.444,4.964
1497,93.444,4.964
1498,93.444,4.964
1499,93.444,4.964
1500,93.444,4.964
1501,93.444,4.964
1502,93.444,4.964
1503,93.444,4.964
1504,93.444,4.964
1505,93.444,4.963
1506,93.444,4.963
1507,93.444,4.963
1508,93.444,4.963
1509,93.444,4.963
1510,93.444,4.963
1511,93.444,4.963
1512,93.444,4.963
1513,93.444,4.963
1514,93.444,4.963
1515,93.444,4.963
1516,93.444,4.963
1517,93.444,4.963
1518,93.444,4.963
1519,93.444,4.963
1520,93.444,4.963
1521,93.444,4.963
1522,93.444,4.963
1523,93.444,4.963
1524,93.444,4.963
1525,93.444,4.963
1526,93.444,4.963
1527,93.444,4.963
1528,93.444,4.963
1529,93.444,4.963
1530,93.444,4.963
1531,93.444,4.963
1532,93.444,4.963
1533,93.444,4.963
1534,93.444,4.963
1535,93.444,4.963
1536,93.444,4.963
1537,93.444,4.963
1538,93.444,4.963
1539,93.444,4.963
1540,93.444,4.963
1541,93.444,4.963
1542,93.444,4.963
1543,93.444,4.963
1544,93.444,4.963
1545,93.444,4.963
1546,93.444,4.963
1547,93.444,4.963
1548,93.444,4.963
1549,93.444,4.963
1550,93.444,4.963
1551,93.444,4.963
1552,93.444,4.963
1553,93.444,4.963
1554,93.444,4.963
1555,93.444,4.963
1556,93.444,4.963
1557,93.444,4.963
1558,93.444,4.963
1559,93.444,4.963
1560,93.444,4.963
1561,93.444,4.963
1562,93.444,4.963
1563,93.444,4.963
1564,93.444,4.963
1565,93.444,4.963
1566,93.444,4.963
1567,93.444,4.963
1568,93.444,4.963
1569,93.444,4.963
1570,93.444,4.963
1571,93.444,4.963
1572,93.444,4.963
1573,93.444,4.963
1574,93.444,4.963
1575,93.444,4.963
1576,93.444,4.963
1577,93.444,4.963
1578,93.444,4.963
1579,93.444,4.963
1580,93.444,4.963
1581,93.444,4.963
1582,93.444,4.963
1583,93.444,4.963
1584,93.444,4.963
1585,93.444,4.963
1586,93.444,4.963
1587,93.444,4.963
1588,93.444,4.963
1589,93.444,4.963
1590,93.444,4.963
1591,93.444,4.963
1592,93.444,4.963
1593,93.444,4.963
1594,93.444,4.963
1595,93.444,4.963
1596,93.444,4.963
1597,93.444,4.963
1598,93.444,4.963
1599,93.444,4.963
1600,93.444,4.963
1601,93.444,4.963
1602,93.444,4.963
1603,93.444,4.963
1604,93.444,4.963
1605,93.444,4.963
1606,93.444,4.963
1607,93.444,4.963
1608,93.444,4.963
1609,93.444,4.963
1610,93.444,4.963
1611,93.444,4.963
1612,93.444,4.963
1613,93.444,4.963
1614,93.444,4.963
1615,93.444,4.963
1616,93.444,4.963
1617,93.444,4.963
1618,93.444,4.963
1619,93.444,4.963
1620,93.444,4.963
1621,93.444,4.963
1622,93.444,4.963
1623,93.444,4.963
1624,93.444,4.963
1625,93.444,4.963
1626,93.444,4.963
1627,93.444,4.963
1628,93.444,4.963
1629,93.444,4.963
1630,93.444,4.963
1631,93.444,4.963
1632,93.444,4.963
1633,93.444,4.963
1634,93.444,4.963
1635,93.444,4.963
1636,93.444,4.963
1637,93.444,4.963
1638,93.444,4.963
1639,93.444,4.963
1640,93.444,4.963
1641,93.444,4.963
1642,93.444,4.963
1643,93.444,4.963
1644,93.444,4.963
1645,93.444,4.963
1646,93.444,4.963
1647,93.444,4.963
1648,93.444,4.963
1649,93.444,4.963
1650,93.444,4.963
1651,93.444,4.963
1652,93.444,4.963
1653,93.444,4.963
1654,93.444,4.963
1655,93.444,4.963
1656,93.444,4.963
1657,93.444,4.963
1658,93.444,4.963
1659,93.444,4.963
1660,93.444,4.963
1661,93.444,4.963
1662,93.444,4.963
1663,93.444,4.963
1664,93.444,4.963
1665,93.444,4.963
1666,93.444,4.963
1667,93.444,4.963
1668,93.444,4.963
1669,93.444,4.963
1670,93.444,4.963
1671,93.444,4.963
1672,93.444,4.963
1673,93.444,4.963
1674,93.444,4.963
1675,93.444,4.963
1676,93.444,4.963
1677,93.444,4.963
1678,93.444,4.963
1679,93.444,4.963
1680,93.444,4.963
1681,93.444,4.963
1682,93.444,4.963
1683,93.444,4.963
1684,93.444,4.963
1685,93.444,4.963
1686,93.444,4.963
1687,93.444,4.963
1688,93.444,4.963
1689,93.444,4.963
1690,93.444,4.963
1691,93.444,4.963
1692,93.444,4.963
1693,93.444,4.963
1694,93.444,4.963
1695,93.444,4.963
1696,93.444,4.963
1697,93.444,4.963
1698,93.444,4.963
1699,93.444,4.963
1700,93.444,4.963
1701,93.444,4.963
1702,93.444,4.963
1703,93.444,4.963
1704,93.444,4.963
1705,93.444,4.963
1706,93.444,4.963
1707,93.444,4.963
1708,93.444,4.963
1709,93.444,4.963
1710,93.444,4.963
1711,93.444,4.963
1712,93.444,4.963
1713,93.444,4.963
1714,93.444,4.963
1715,93.444,4.963
1716,93.444,4.963
1717,93.444,4.963
1718,93.444,4.963
1719,93.444,4.963
1720,93.444,4.963
1721,93.444,4.963
1722,93.444,4.963
1723,93.444,4.963
1724,93.444,4.963
1725,93.444,4.963
1726,93.444,4.963
1727,93.444,4.963
1728,93.444,4.963
1729,93.444,4.963
1730,93.444,4.963
1731,93.444,4.963
1732,93.444,4.963
1733,93.444,4.963
1734,93.444,4.963
1735,93.444,4.963
1736,93.444,4.963
1737,93.444,4.963
1738,93.444,4.963
1739,93.444,4.963
1740,93.444,4.963
1741,93.444,4.963
1742,93.444,4.963
1743,93.444,4.963
1744,93.444,4.963
1745,93.444,4.963
1746,93.444,4.963
1747,93.444,4.963
1748,93.444,4.963
1749,93.444,4.963
1750,93.444,4.963
1751,93.444,4.963
1752,93.444,4.963
1753,93.444,4.963
1754,93.444,4.963
1755,93.444,4.963
1756,93.444,4.963
1757,93.444,4.963
1758,93.444,4.963
1759,93.444,4.963
1760,93.444,4.963
1761,93.444,4.963
1762,93.444,4.963
1763,93.444,4.963
1764,93.444,4.963
1765,93.444,4.963
1766,93.444,4.963
1767,93.444,4.963
1768,93.444,4.963
1769,93.444,4.963
1770,93.444,4.963
1771,93.444,4.963
1772,93.444,4.963
1773,93.444,4.963
1774,93.444,4.963
1775,93.444,4.963
1776,93.444,4.963
1777,93.444,4.963
1778,93.444,4.963
1779,93.444,4.963
1780,93.444,4.964
1781,93.444,4.964
1782,93.444,4.964
1783,93.444,4.964
1784,93.444,4.964
1785,93.444,4.964
1786,93.444,4.964
1787,93.444,4.964
1788,93.444,4.964
1789,93.444,4.964
1790,93.444,4.964
1791,93.444,4.964
1792,93.444,4.964
1793,93.444,4.964
1794,93.444,4.964
1795,93.444,4.964
1796,93.444,4.964
1797,93.444,4.964
1798,93.444,4.964
1799,93.444,4.964
1800,93.444,4.964
1801,93.444,4.964
1802,93.444,4.964
1803,93.444,4.964
1804,93.444,4.964
1805,93.444,4.964
1806,93.444,4.964
1807,93.444,4.964
1808,93.444,4.964
1809,93.444,4.964
1810,93.444,4.964
1811,93.444,4.964
1812,93.444,4.964
1813,93.444,4.964
1814,93.444,4.964
1815,93.444,4.964
1816,93.444,4.964
1817,93.444,4.964
1818,93.444,4.964
1819,93.444,4.964
1820,93.444,4.964
1821,93.444,4.964
1822,93.444,4.964
1823,93.444,4.964
1824,93.444,4.964
1825,93.444,4.964
1826,93.444,4.964
1827,93.444,4.964
1828,93.444,4.964
1829,93.444,4.964
1830,93.444,4.964
1831,93.444,4.964
1832,93.444,4.964
1833,93.444,4.964
1834,93.444,4.964
1835,93.444,4.964
1836,93.444,4.964
1837,93.444,4.964
1838,93.444,4.964
1839,93.444,4.964
1840,93.444,4.964
1841,93.444,4.964
1842,93.444,4.964
1843,93.444,4.964
1844,93.444,4.964
1845,93.444,4.964
1846,93.444,4.964
1847,93.444,4.964
1848,93.444,4.964
1849,93.444,4.964
1850,93.444,4.964
1851,93.444,4.964
1852,93.444,4.964
1853,93.444,4.964
1854,93.444,4.964
1855,93.444,4.964
1856,93.444,4.964
1857,93.444,4.964
1858,93.444,4.964
1859,93.444,4.964
1860,93.444,4.964
1861,93.444,4.964
1862,93.444,4.964
1863,93.444,4.964
1864,93.444,4.964
1865,93.444,4.964
1866,93.444,4.964
1867,93.444,4.964
1868,93.444,4.964
1869,93.444,4.964
1870,93.444,4.964
1871,93.444,4.964
1872,93.444,4.964
1873,93.444,4.964
1874,93.444,4.964
1875,93.444,4.964
1876,93.444,4.964
1877,93.444,4.964
1878,93.444,4.964
1879,93.444,4.964
1880,93.444,4.964
1881,93.444,4.964
1882,93.444,4.964
1883,93.444,4.964
1884,93.444,4.964
1885,93.444,4.964
1886,93.444,4.964
1887,93.444,4.964
1888,93.444,4.964
1889,93.444,4.964
1890,93.444,4.964
1891,93.444,4.964
1892,93.444,4.964
1893,93.444,4.964
1894,93.444,4.964
1895,93.444,4.964
1896,93.444,4.964
1897,93.444,4.964
1898,93.444,4.964
1899,93.444,4.964
1900,93.444,4.964
1901,93.444,4.964
1902,93.444,4.964
1903,93.444,4.964
1904,93.444,4.964
1905,93.444,4.964
1906,93.444,4.964
1907,93.444,4.964
1908,93.444,4.964
1909,93.444,4.964
1910,93.444,4.964
1911,93.444,4.964
1912,93.444,4.964
1913,93.444,4.964
1914,93.444,4.964
1915,93.444,4.964
1916,93.444,4.964
1917,93.444,4.964
1918,93.444,4.964
1919,93.444,4.964
1920,93.444,4.964
1921,93.444,4.964
1922,93.444,4.964
1923,93.444,4.964
1924,93.444,4.964
1925,93.444,4.964
1926,93.444,4.964
1927,93.444,4.964
1928,93.444,4.964
1929,93.444,4.964
1930,93.444,4.964
1931,93.444,4.964
1932,93.444,4.964
1933,93.444,4.964
1934,93.444,4.964
1935,93.444,4.964
1936,93.444,4.964
1937,93.444,4.964
1938,93.444,4.964
1939,93.444,4.964
1940,93.444,4.964
1941,93.444,4.964
1942,93.444,4.964
1943,93.444,4.964
1944,93.444,4.964
1945,93.444,4.964
1946,93.444,4.964
1947,93.444,4.964
1948,93.444,4.964
1949,93.444,4.964
1950,93.444,4.964
1951,93.444,4.964
1952,93.444,4.964
1953,93.444,4.964
1954,93.444,4.964
1955,93.444,4.964
1956,93.444,4.964
1957,93.444,4.964
1958,93.444,4.964
1959,93.444,4.964
1960,93.444,4.964
1961,93.444,4.964
1962,93.444,4.964
1963,93.444,4.964
1964,93.444,4.964
1965,93.444,4.964
1966,93.444,4.964
1967,93.444,4.964
1968,93.444,4.964
1969,93.444,4.964
1970,93.444,4.964
1971,93.444,4.964
1972,93.444,4.964
1973,93.444,4.964
1974,93.444,4.964
1975,93.444,4.964
1976,93.444,4.964
1977,93.444,4.964
1978,93.444,4.964
1979,93.444,4.964
1980,93.444,4.964
1981,93.444,4.964
1982,93.444,4.964
1983,93.444,4.964
1984,93.444,4.964
1985,93.444,4.964
1986,93.444,4.964
1987,93.444,4.964
1988,93.444,4.964
1989,93.444,4.964
1990,93.444,4.964
1991,93.444,4.964
1992,93.444,4.964
1993,93.444,4.964
1994,93.444,4.964
1995,93.444,4.964
1996,93.444,4.964
1997,93.444,4.964
1998,93.444,4.964
1999,93.444,4.964
2000,93.444,4.964
2001,93.444,4.964
2002,93.444,4.964
2003,93.444,4.964
2004,93.444,4.964
2005,93.444,4.964
2006,93.444,4.964
2007,93.444,4.964
2008,93.444,4.964
2009,93.444,4.964
2010,93.444,4.964
2011,93.444,4.964
2012,93.444,4.964
2013,93.444,4.964
2014,93.444,4.964
2015,93.444,4.964
2016,93.444,4.964
2017,93.444,4.964
2018,93.444,4.964
2019,93.444,4.964
2020,93.444,4.964
2021,93.444,4.964
2022,93.444,4.964
2023,93.444,4.964
2024,93.444,4.964
2025,93.444,4.964
2026,93.444,4.964
2027,93.444,4.964
2028,93.444,4.964
2029,93.444,4.964
2030,93.444,4.964
2031,93.444,4.964
2032,93.444,4.964
2033,93.444,4.964
2034,93.444,4.964
2035,93.444,4.964
2036,93.444,4.964
2037,93.444,4.964
2038,93.444,4.964
2039,93.444,4.964
2040,93.444,4.964
2041,93.444,4.964
2042,93.444,4.964
2043,93.444,4.964
2044,93.444,4.964
2045,93.444,4.964
2046,93.444,4.964
2047,93.444,4.964
2048,93.444,4.964
2049,93.444,4.964
2050,93.444,4.964
2051,93.444,4.964
2052,93.444,4.964
2053,93.444,4.964
2054,93.444,4.964
2055,93.444,4.964
2056,93.444,4.964
2057,93.444,4.964
2058,93.444,4.964
2059,93.444,4.964
2060,93.444,4.964
2061,93.444,4.964
2062,93.444,4.964
2063,93.444,4.964
2064,93.444,4.964
2065,93.444,4.964
2066,93.444,4.964
2067,93.444,4.964
2068,93.444,4.964
2069,93.444,4.964
2070,93.444,4.964
2071,93.444,4.964
2072,93.444,4.964
2073,93.444,4.964
2074,93.444,4.964
2075,93.444,4.964
2076,93.444,4.964
2077,93.444,4.964
2078,93.444,4.964
2079,93.444,4.964
2080,93.444,4.964
2081,93.444,4.964
2082,93.444,4.964
2083,93.444,4.964
2084,93.444,4.964
2085,93.444,4.964
2086,93.444,4.964
2087,93.444,4.964
2088,93.444,4.964
2089,93.444,4.964
2090,93.444,4.964
2091,93.444,4.964
2092,93.444,4.964
2093,93.444,4.964
2094,93.444,4.964
2095,93.444,4.964
2096,93.444,4.964
2097,93.444,4.964
2098,93.444,4.964
2099,93.444,4.964
2100,93.444,4.964
2101,93.444,4.964
2102,93.444,4.964
2103,93.444,4.964
2104,93.444,4.964
2105,93.444,4.964
2106,93.444,4.964
2107,93.444,4.964
2108,93.444,4.964
2109,93.444,4.964
2110,93.444,4.964
2111,93.444,4.964
2112,93.444,4.964
2113,93.444,4.964
2114,93.444,4.964
2115,93.444,4.964
2116,93.444,4.964
2117,93.444,4.964
2118,93.444,4.964
2119,93.444,4.964
2120,93.444,4.964
2121,93.444,4.964
2122,93.444,4.964
2123,93.444,4.964
2124,93.444,4.964
2125,93.444,4.964
2126,93.444,4.964
2127,93.444,4.965
2128,93.444,4.965
2129,93.444,4.965
2130,93.444,4.965
2131,93.444,4.965
2132,93.444,4.965
2133,93.444,4.965
2134,93.444,4.965
2135,93.444,4.965
2136,93.444,4.965
2137,93.444,4.965
2138,93.444,4.965
2139,93.444,4.965
2140,93.444,4.965
2141,93.444,4.965
2142,93.444,4.965
2143,93.444,4.965
2144,93.444,4.965
2145,93.444,4.965
2146,93.444,4.965
2147,93.444,4.965
2148,93.444,4.965
2149,93.444,4.965
2150,93.444,4.965
2151,93.444,4.965
2152,93.444,4.965
2153,93.444,4.965
2154,93.444,4.965
2155,93.444,4.965
2156,93.444,4.965
2157,93.444,4.965
2158,93.444,4.965
2159,93.444,4.965
2160,93.444,4.965
2161,93.444,4.965
2162,93.444,4.965
2163,93.444,4.965
2164,93.444,4.965
2165,93.444,4.965
2166,93.444,4.965
2167,93.444,4.965
2168,93.444,4.965
2169,93.444,4.965
2170,93.444,4.965
2171,93.444,4.965
2172,93.444,4.965
2173,93.444,4.965
2174,93.444,4.965
2175,93.444,4.965
2176,93.444,4.965
2177,93.444,4.965
2178,93.444,4.965
2179,93.444,4.965
2180,93.444,4.965
2181,93.444,4.965
2182,93.444,4.965
2183,93.444,4.965
2184,93.444,4.965
2185,93.444,4.965
2186,93.444,4.965
2187,93.444,4.965
2188,93.444,4.965
2189,93.444,4.965
2190,93.444,4.965
2191,93.444,4.965
2192,93.444,4.965
2193,93.444,4.965
2194,93.444,4.965
2195,93.444,4.965
2196,93.444,4.965
2197,93.444,4.965
2198,93.444,4.965
2199,93.444,4.965
2200,93.444,4.965
2201,93.444,4.965
2202,93.444,4.965
2203,93.444,4.965
2204,93.444,4.965
2205,93.444,4.965
2206,93.444,4.965
2207,93.444,4.965
2208,93.444,4.965
2209,93.444,4.965
2210,93.444,4.965
2211,93.444,4.965
2212,93.444,4.965
2213,93.444,4.965
2214,93.444,4.965
2215,93.444,4.965
2216,93.444,4.965
2217,93.444,4.965
2218,93.444,4.965
2219,93.444,4.965
2220,93.444,4.965
2221,93.444,4.965
2222,93.444,4.965
2223,93.444,4.965
2224,93.444,4.965
2225,93.444,4.965
2226,93.444,4.965
2227,93.444,4.965
2228,93.444,4.965
2229,93.444,4.965
2230,93.444,4.965
2231,93.444,4.965
2232,93.444,4.965
2233,93.444,4.965
2234,93.444,4.965
2235,93.444,4.965
2236,93.444,4.965
2237,93.444,4.965
2238,93.444,4.965
2239,93.444,4.965
2240,93.444,4.965
2241,93.444,4.965
2242,93.444,4.965
2243,93.444,4.965
2244,93.444,4.965
2245,93.444,4.965
2246,93.444,4.965
2247,93.444,4.965
2248,93.444,4.965
2249,93.444,4.965
2250,93.444,4.965
2251,93.444,4.965
2252,93.444,4.965
2253,93.444,4.965
2254,93.444,4.965
2255,93.444,4.965
2256,93.444,4.965
2257,93.444,4.965
2258,93.444,4.965
2259,93.444,4.965
2260,93.444,4.965
2261,93.444,4.965
2262,93.444,4.965
2263,93.444,4.965
2264,93.444,4.965
2265,93.444,4.965
2266,93.444,4.965
2267,93.444,4.965
2268,93.444,4.965
2269,93.444,4.965
2270,93.444,4.965
2271,93.444,4.965
2272,93.444,4.965
2273,93.444,4.965
2274,93.444,4.965
2275,93.444,4.965
2276,93.444,4.965
2277,93.444,4.965
2278,93.444,4.965
2279,93.444,4.965
2280,93.444,4.965
2281,93.444,4.965
2282,93.444,4.965
2283,93.444,4.965
2284,93.444,4.965
2285,93.444,4.965
2286,93.444,4.965
2287,93.444,4.965
2288,93.444,4.965
2289,93.444,4.965
2290,93.444,4.965
2291,93.444,4.965
2292,93.444,4.965
2293,93.444,4.965
2294,93.444,4.965
2295,93.444,4.965
2296,93.444,4.965
2297,93.444,4.965
2298,93.444,4.965
2299,93.444,4.965
2300,93.444,4.965
2301,93.444,4.965
2302,93.444,4.965
2303,93.444,4.965
2304,93.444,4.965
2305,93.444,4.965
2306,93.444,4.965
2307,93.444,4.965
2308,93.444,4.965
2309,93.444,4.965
2310,93.444,4.965
2311,93.444,4.965
2312,93.444,4.965
2313,93.444,4.965
2314,93.444,4.965
2315,93.444,4.965
2316,93.444,4.965
2317,93.444,4.965
2318,93.444,4.965
2319,93.444,4.965
2320,93.444,4.965
2321,93.444,4.965
2322,93.444,4.965
2323,93.444,4.965
2324,93.444,4.965
2325,93.444,4.965
2326,93.444,4.965
2327,93.444,4.965
2328,93.444,4.965
2329,93.444,4.965
2330,93.444,4.965
2331,93.444,4.965
2332,93.444,4.965
2333,93.444,4.965
2334,93.444,4.965
2335,93.444,4.965
2336,93.444,4.965
2337,93.444,4.965
2338,93.444,4.965
2339,93.444,4.965
2340,93.444,4.965
2341,93.444,4.965
2342,93.444,4.965
2343,93.444,4.965
2344,93.444,4.965
2345,93.444,4.965
2346,93.444,4.965
2347,93.444,4.965
2348,93.444,4.965
2349,93.444,4.965
2350,93.444,4.965
2351,93.444,4.965
2352,93.444,4.965
2353,93.444,4.965
2354,93.444,4.965
2355,93.444,4.965
2356,93.444,4.965
2357,93.444,4.965
2358,93.444,4.965
2359,93.444,4.965
2360,93.444,4.965
2361,93.444,4.965
2362,93.444,4.965
2363,93.444,4.965
2364,93.444,4.965
2365,93.444,4.965
2366,93.444,4.965
2367,93.444,4.965
2368,93.444,4.965
2369,93.444,4.965
2370,93.444,4.965
2371,93.444,4.965
2372,93.444,4.965
2373,93.444,4.965
2374,93.444,4.965
2375,93.444,4.965
2376,93.444,4.965
2377,93.444,4.965
2378,93.444,4.965
2379,93.444,4.965
2380,93.444,4.965
2381,93.444,4.965
2382,93.444,4.965
2383,93.444,4.965
2384,93.444,4.965
2385,93.444,4.965
2386,93.444,4.965
2387,93.444,4.965
2388,93.444,4.965
2389,93.444,4.965
2390,93.444,4.965
2391,93.444,4.965
2392,93.444,4.965
2393,93.444,4.965
2394,93.444,4.965
2395,93.444,4.965
2396,93.444,4.965
2397,93.444,4.965
2398,93.444,4.965
2399,93.444,4.965
2400,93.444,4.965
2401,93.444,4.965
2402,93.444,4.965
2403,93.444,4.965
2404,93.444,4.965
2405,93.444,4.965
2406,93.444,4.965
2407,93.444,4.965
2408,93.444,4.965
2409,93.444,4.965
2410,93.444,4.965
2411,93.444,4.965
2412,93.444,4.965
2413,93.444,4.965
2414,93.444,4.965
2415,93.444,4.965
2416,93.444,4.965
2417,93.444,4.965
2418,93.444,4.965
2419,93.444,4.965
2420,93.444,4.965
2421,93.444,4.965
2422,93.444,4.965
2423,93.444,4.965
2424,93.444,4.965
2425,93.444,4.965
2426,93.444,4.965
2427,93.444,4.965
2428,93.444,4.965
2429,93.444,4.965
2430,93.444,4.965
2431,93.444,4.965
2432,93.444,4.965
2433,93.444,4.965
2434,93.444,4.965
2435,93.444,4.965
2436,93.444,4.965
2437,93.444,4.965
2438,93.444,4.965
2439,93.444,4.965
2440,93.444,4.965
2441,93.444,4.965
2442,93.444,4.965
2443,93.444,4.965
2444,93.444,4.965
2445,93.444,4.965
2446,93.444,4.965
2447,93.444,4.965
2448,93.444,4.965
2449,93.444,4.965
2450,93.444,4.965
2451,93.444,4.965
2452,93.444,4.965
2453,93.444,4.965
2454,93.444,4.965
2455,93.444,4.965
2456,93.444,4.965
2457,93.444,4.965
2458,93.444,4.965
2459,93.444,4.965
2460,93.444,4.965
2461,93.444,4.965
2462,93.444,4.965
2463,93.444,4.965
2464,93.444,4.965
2465,93.444,4.965
2466,93.444,4.965
2467,93.444,4.965
2468,93.444,4.965
2469,93.444,4.965
2470,93.444,4.965
2471,93.444,4.965
2472,93.444,4.965
2473,93.444,4.965
2474,93.444,4.965
2475,93.444,4.965
2476,93.444,4.965
2477,93.444,4.965
2478,93.444,4.965
2479,93.444,4.965
2480,93.444,4.965
2481,93.444,4.965
2482,93.444,4.965
2483,93.444,4.965
2484,93.444,4.965
2485,93.444,4.965
2486,93.444,4.965
2487,93.444,4.965
2488,93.444,4.965
2489,93.444,4.965
2490,93.444,4.965
2491,93.444,4.965
2492,93.444,4.965
2493,93.444,4.965
2494,93.444,4.965
2495,93.444,4.965
2496,93.444,4.965
2497,93.444,4.965
2498,93.444,4.965
2499,93.444,4.965
2500,93.444,4.965
2501,93.444,4.965
2502,93.444,4.965
2503,93.444,4.965
2504,93.444,4.965
2505,93.444,4.965
2506,93.444,4.965
2507,93.444,4.965
2508,93.444,4.965
2509,93.444,4.965
2510,93.444,4.965
2511,93.444,4.965
2512,93.444,4.965
2513,93.444,4.965
2514,93.444,4.965
2515,93.444,4.965
2516,93.444,4.965
2517,93.444,4.965
2518,93.444,4.965
2519,93.444,4.965
2520,93.444,4.965
2521,93.444,4.965
2522,93.444,4.965
2523,93.444,4.965
2524,93.444,4.965
2525,93.444,4.965
2526,93.444,4.965
2527,93.444,4.965
2528,93.444,4.965
2529,93.444,4.965
2530,93.444,4.965
2531,93.444,4.965
2532,93.444,4.965
2533,93.444,4.965
2534,93.444,4.965
2535,93.444,4.965
2536,93.444,4.965
2537,93.444,4.965
2538,93.444,4.965
2539,93.444,4.965
2540,93.444,4.965
2541,93.444,4.965
2542,93.444,4.965
2543,93.444,4.965
2544,93.444,4.965
2545,93.444,4.965
2546,93.444,4.965
2547,93.444,4.965
2548,93.444,4.965
2549,93.444,4.965
2550,93.444,4.965
2551,93.444,4.965
2552,93.444,4.965
2553,93.444,4.965
2554,93.444,4.965
2555,93.444,4.965
2556,93.444,4.965
2557,93.444,4.965
2558,93.444,4.965
2559,93.444,4.965
2560,93.444,4.965
2561,93.444,4.965
2562,93.444,4.965
2563,93.444,4.965
2564,93.444,4.965
2565,93.444,4.965
2566,93.444,4.965
2567,93.444,4.965
2568,93.444,4.965
2569,93.444,4.965
2570,93.444,4.965
2571,93.444,4.965
2572,93.444,4.965
2573,93.444,4.965
2574,93.444,4.965
2575,93.444,4.965
2576,93.444,4.965
2577,93.444,4.965
2578,93.444,4.965
2579,93.444,4.965
2580,93.444,4.965
2581,93.444,4.965
2582,93.444,4.965
2583,93.444,4.965
2584,93.444,4.965
2585,93.444,4.965
2586,93.444,4.965
2587,93.444,4.965
2588,93.444,4.965
2589,93.444,4.965
2590,93.444,4.965
2591,93.444,4.965
2592,93.444,4.965
2593,93.444,4.965
2594,93.444,4.965
2595,93.444,4.965
2596,93.444,4.965
2597,93.444,4.965
2598,93.444,4.965
2599,93.444,4.965
2600,93.444,4.965
2601,93.444,4.965
2602,93.444,4.965
2603,93.444,4.965
2604,93.444,4.965
2605,93.444,4.965
2606,93.444,4.965
2607,93.444,4.965
2608,93.444,4.965
2609,93.444,4.965
2610,93.444,4.965
2611,93.444,4.965
2612,93.444,4.965
2613,93.444,4.965
2614,93.444,4.965
2615,93.444,4.965
2616,93.444,4.965
2617,93.444,4.965
2618,93.444,4.965
2619,93.444,4.965
2620,93.444,4.965
2621,93.444,4.965
2622,93.444,4.965
2623,93.444,4.965
2624,93.444,4.965
2625,93.444,4.965
2626,93.444,4.965
2627,93.444,4.965
2628,93.444,4.965
2629,93.444,4.965
2630,93.444,4.965
2631,93.444,4.965
2632,93.444,4.965
2633,93.444,4.965
2634,93.444,4.965
2635,93.444,4.965
2636,93.444,4.965
2637,93.444,4.965
2638,93.444,4.965
2639,93.444,4.965
2640,93.444,4.965
2641,93.444,4.965
2642,93.444,4.965
2643,93.444,4.965
2644,93.444,4.965
2645,93.444,4.965
2646,93.444,4.965
2647,93.444,4.965
2648,93.444,4.965
2649,93.444,4.965
2650,93.444,4.965
2651,93.444,4.965
2652,93.444,4.965
2653,93.444,4.964
2654,93.444,4.964
2655,93.444,4.964
2656,93.444,4.964
2657,93.444,4.964
2658,93.444,4.964
2659,93.444,4.964
2660,93.444,4.964
2661,93.444,4.964
2662,93.444,4.964
2663,93.444,4.964
2664,93.444,4.964
2665,93.444,4.964
2666,93.444,4.964
2667,93.444,4.964
2668,93.444,4.964
2669,93.444,4.964
2670,93.444,4.964
2671,93.444,4.964
2672,93.444,4.964
2673,93.444,4.964
2674,93.444,4.964
2675,93.444,4.964
2676,93.444,4.964
2677,93.444,4.964
2678,93.444,4.964
2679,93.444,4.964
2680,93.444,4.964
2681,93.444,4.964
2682,93.444,4.964
2683,93.444,4.964
2684,93.444,4.964
2685,93.444,4.964
2686,93.444,4.964
2687,93.444,4.964
2688,93.444,4.964
2689,93.444,4.964
2690,93.444,4.964
2691,93.444,4.964
2692,93.444,4.964
2693,93.444,4.964
2694,93.444,4.964
2695,93.444,4.964
2696,93.444,4.964
2697,93.444,4.964
2698,93.444,4.964
2699,93.444,4.964
2700,93.444,4.964
2701,93.444,4.964
2702,93.444,4.964
2703,93.444,4.964
2704,93.444,4.964
2705,93.444,4.964
2706,93.444,4.964
2707,93.444,4.964
2708,93.444,4.964
2709,93.444,4.964
2710,93.444,4.964
2711,93.444,4.964
2712,93.444,4.964
2713,93.444,4.964
2714,93.444,4.964
2715,93.444,4.964
2716,93.444,4.964
2717,93.444,4.964
2718,93.444,4.964
2719,93.444,4.964
2720,93.444,4.964
2721,93.444,4.964
2722,93.444,4.964
2723,93.444,4.964
2724,93.444,4.964
2725,93.444,4.964
2726,93.444,4.964
2727,93.444,4.964
2728,93.444,4.964
2729,93.444,4.964
2730,93.444,4.964
2731,93.444,4.964
2732,93.444,4.964
2733,93.444,4.964
2734,93.444,4.964
2735,93.444,4.964
2736,93.444,4.964
2737,93.444,4.964
2738,93.444,4.964
2739,93.444,4.964
2740,93.444,4.964
2741,93.444,4.964
2742,93.444,4.964
2743,93.444,4.964
2744,93.444,4.964
2745,93.444,4.964
2746,93.444,4.964
2747,93.444,4.964
2748,93.444,4.964
2749,93.444,4.964
2750,93.444,4.964
2751,93.444,4.964
2752,93.444,4.964
2753,93.444,4.964
2754,93.444,4.964
2755,93.444,4.964
2756,93.444,4.964
2757,93.444,4.964
2758,93.444,4.964
2759,93.444,4.964
2760,93.444,4.964
2761,93.444,4.964
2762,93.444,4.964
2763,93.444,4.964
2764,93.444,4.964
2765,93.444,4.964
2766,93.444,4.964
2767,93.444,4.964
2768,93.444,4.964
2769,93.444,4.964
2770,93.444,4.964
2771,93.444,4.964
2772,93.444,4.964
2773,93.444,4.964
2774,93.444,4.964
2775,93.444,4.964
2776,93.444,4.964
2777,93.444,4.964
2778,93.444,4.964
2779,93.444,4.964
2780,93.444,4.964
2781,93.444,4.964
2782,93.444,4.964
2783,93.444,4.964
2784,93.444,4.964
2785,93.444,4.964
2786,93.444,4.964
2787,93.444,4.964
2788,93.444,4.964
2789,93.444,4.964
2790,93.444,4.964
2791,93.444,4.964
2792,93.444,4.964
2793,93.444,4.964
2794,93.444,4.964
2795,93.444,4.964
2796,93.444,4.964
2797,93.444,4.964
2798,93.444,4.964
2799,93.444,4.964
2800,93.444,4.964
2801,93.444,4.964
2802,93.444,4.964
2803,93.444,4.964
2804,93.444,4.964
2805,93.444,4.964
2806,93.444,4.964
2807,93.444,4.964
2808,93.444,4.964
2809,93.444,4.964
2810,93.444,4.964
2811,93.444,4.964
2812,93.444,4.964
2813,93.444,4.964
2814,93.444,4.964
2815,93.444,4.964
2816,93.444,4.964
2817,93.444,4.964
2818,93.444,4.964
2819,93.444,4.964
2820,93.444,4.964
2821,93.444,4.964
2822,93.444,4.964
2823,93.444,4.964
2824,93.444,4.964
2825,93.444,4.964
2826,93.444,4.964
2827,93.444,4.964
2828,93.444,4.964
2829,93.444,4.964
2830,93.444,4.964
2831,93.444,4.964
2832,93.444,4.964
2833,93.444,4.964
2834,93.444,4.964
2835,93.444,4.964
2836,93.444,4.964
2837,93.444,4.964
2838,93.444,4.964
2839,93.444,4.964
2840,93.444,4.964
2841,93.444,4.964
2842,93.444,4.964
2843,93.444,4.964
2844,93.444,4.964
2845,93.444,4.964
2846,93.444,4.964
2847,93.444,4.964
2848,93.444,4.964
2849,93.444,4.964
2850,93.444,4.964
2851,93.444,4.964
2852,93.444,4.964
2853,93.444,4.964
2854,93.444,4.964
2855,93.444,4.964
2856,93.444,4.964
2857,93.444,4.964
2858,93.444,4.964
2859,93.444,4.964
2860,93.444,4.964
2861,93.444,4.964
2862,93.444,4.964
2863,93.444,4.964
2864,93.444,4.964
2865,93.444,4.964
2866,93.444,4.964
2867,93.444,4.964
2868,93.444,4.964
2869,93.444,4.964
2870,93.444,4.964
2871,93.444,4.964
2872,93.444,4.964
2873,93.444,4.964
2874,93.444,4.964
2875,93.444,4.964
2876,93.444,4.964
2877,93.444,4.964
2878,93.444,4.964
2879,93.444,4.962
2880,93.444,4.962
2881,93.444,4.962
2882,93.444,4.962
2883,93.444,4.962
2884,93.444,4.962
2885,93.444,4.962
2886,93.444,4.962
2887,93.444,4.962
2888,93.444,4.962
2889,93.444,4.962
2890,93.444,4.962
2891,93.444,4.962
2892,93.444,4.962
2893,93.444,4.962
2894,93.444,4.962
2895,93.444,4.962
2896,93.444,4.962
2897,93.444,4.962
2898,93.444,4.962
2899,93.444,4.962
2900,93.444,4.962
2901,93.444,4.962
2902,93.444,4.962
2903,93.444,4.962
2904,93.444,4.962
2905,93.444,4.962
2906,93.444,4.962
2907,93.444,4.962
2908,93.444,4.962
2909,93.444,4.962
2910,93.444,4.962
2911,93.444,4.962
2912,93.444,4.962
2913,93.444,4.962
2914,93.444,4.962
2915,93.444,4.962
2916,93.444,4.962
2917,93.444,4.962
2918,93.444,4.962
2919,93.444,4.962
2920,93.444,4.962
2921,93.444,4.962
2922,93.444,4.962
2923,93.444,4.962
2924,93.444,4.962
2925,93.444,4.962
2926,93.444,4.962
2927,93.444,4.962
2928,93.444,4.962
2929,93.444,4.962
2930,93.444,4.962
2931,93.444,4.962
2932,93.444,4.962
2933,93.444,4.962
2934,93.444,4.962
2935,93.444,4.962
2936,93.444,4.962
2937,93.444,4.962
2938,93.444,4.962
2939,93.444,4.962
2940,93.444,4.962
2941,93.444,4.962
2942,93.444,4.962
2943,93.444,4.962
2944,93.444,4.962
2945,93.444,4.962
2946,93.444,4.962
2947,93.444,4.962
2948,93.444,4.962
2949,93.444,4.962
2950,93.444,4.962
2951,93.444,4.962
2952,93.444,4.962
2953,93.444,4.962
2954,93.444,4.962
2955,93.444,4.962
2956,93.444,4.962
2957,93.444,4.962
2958,93.444,4.962
2959,93.444,4.962
2960,93.444,4.962
2961,93.444,4.962
2962,93.444,4.962
2963,93.444,4.962
2964,93.444,4.962
2965,93.444,4.962
2966,93.444,4.962
2967,93.444,4.962
2968,93.444,4.962
2969,93.444,4.962
2970,93.444,4.962
2971,93.444,4.962
2972,93.444,4.962
2973,93.444,4.962
2974,93.444,4.962
2975,93.444,4.962
2976,93.444,4.962
2977,93.444,4.962
2978,93.444,4.962
2979,93.444,4.962
2980,93.444,4.962
2981,93.444,4.962
2982,93.444,4.962
2983,93.444,4.962
2984,93.444,4.962
2985,93.444,4.962
2986,93.444,4.962
2987,93.444,4.962
2988,93.444,4.962
2989,93.444,4.962
2990,93.444,4.962
2991,93.444,4.962
2992,93.444,4.962
2993,93.444,4.962
2994,93.444,4.962
2995,93.444,4.962
2996,93.444,4.962
2997,93.444,4.962
2998,93.444,4.962
2999,93.444,4.962
3000,93.444,4.962
3001,93.444,4.962
3002,93.444,4.962
3003,93.444,4.962
3004,93.444,4.962
3005,93.444,4.962
3006,93.444,4.962
3007,93.444,4.962
3008,93.444,4.962
3009,93.444,4.962
3010,93.444,4.962
3011,93.444,4.962
3012,93.444,4.962
3013,93.444,4.962
3014,93.444,4.962
3015,93.444,4.962
3016,93.444,4.962
3017,93.444,4.962
3018,93.444,4.962
3019,93.444,4.962
3020,93.444,4.962
3021,93.444,4.962
3022,93.444,4.962
3023,93.444,4.962
3024,93.444,4.962
3025,93.444,4.962
3026,93.444,4.962
3027,93.444,4.962
3028,93.444,4.962
3029,93.444,4.962
3030,93.444,4.962
3031,93.444,4.962
3032,93.444,4.962
3033,93.444,4.962
3034,93.444,4.962
3035,93.444,4.962
3036,93.444,4.962
3037,93.444,4.962
3038,93.444,4.962
3039,93.444,4.962
3040,93.444,4.962
3041,93.444,4.962
3042,93.444,4.962
3043,93.444,4.962
3044,93.444,4.962
3045,93.444,4.962
3046,93.444,4.962
3047,93.444,4.962
3048,93.444,4.962
3049,93.444,4.962
3050,93.444,4.962
3051,93.444,4.962
3052,93.444,4.962
3053,93.444,4.962
3054,93.444,4.962
3055,93.444,4.962
3056,93.444,4.962
3057,93.444,4.962
3058,93.444,4.962
3059,93.444,4.962
3060,93.444,4.962
3061,93.444,4.962
3062,93.444,4.962
3063,93.444,4.962
3064,93.444,4.962
3065,93.444,4.962
3066,93.444,4.962
3067,93.444,4.962
3068,93.444,4.962
3069,93.444,4.962
3070,93.444,4.962
3071,93.444,4.962
3072,93.444,4.962
3073,93.444,4.962
3074,93.444,4.962
3075,93.444,4.962
3076,93.444,4.962
3077,93.444,4.962
3078,93.444,4.962
3079,93.444,4.962
3080,93.444,4.962
3081,93.444,4.962
3082,93.444,4.962
3083,93.444,4.962
3084,93.444,4.962
3085,93.444,4.962
3086,93.444,4.962
3087,93.444,4.962
3088,93.444,4.962
3089,93.444,4.962
3090,93.444,4.962
3091,93.444,4.962
3092,93.444,4.962
3093,93.444,4.962
3094,93.444,4.962
3095,93.444,4.962
3096,93.444,4.962
3097,93.444,4.962
3098,93.444,4.962
3099,93.444,4.962
3100,93.444,4.962
3101,93.444,4.962
3102,93.444,4.962
3103,93.444,4.962
3104,93.444,4.962
3105,93.444,4.962
3106,93.444,4.962
3107,93.444,4.962
3108,93.444,4.962
3109,93.444,4.962
3110,93.444,4.962
3111,93.444,4.962
3112,93.444,4.962
3113,93.444,4.962
3114,93.444,4.962
3115,93.444,4.962
3116,93.444,4.962
3117,93.444,4.962
3118,93.444,4.962
3119,93.444,4.962
3120,93.444,4.962
3121,93.444,4.962
3122,93.444,4.962
3123,93.444,4.962
3124,93.444,4.962
3125,93.444,4.962
3126,93.444,4.962
3127,93.444,4.962
3128,93.444,4.962
3129,93.444,4.962
3130,93.444,4.962
3131,93.444,4.962
3132,93.444,4.962
3133,93.444,4.962
3134,93.444,4.962
3135,93.444,4.962
3136,93.444,4.962
3137,93.444,4.962
3138,93.444,4.962
3139,93.444,4.962
3140,93.444,4.962
3141,93.444,4.962
3142,93.444,4.962
3143,93.444,4.962
3144,93.444,4.962
3145,93.444,4.962
3146,93.444,4.962
3147,93.444,4.962
3148,93.444,4.962
3149,93.444,4.962
3150,93.444,4.962
3151,93.444,4.962
3152,93.444,4.962
3153,93.444,4.962
3154,93.444,4.962
3155,93.444,4.962
3156,93.444,4.962
3157,93.444,4.962
3158,93.444,4.962
3159,93.444,4.962
3160,93.444,4.962
3161,93.444,4.962
3162,93.444,4.962
3163,93.444,4.962
3164,93.444,4.962
3165,93.444,4.962
3166,93.444,4.962
3167,93.444,4.962
3168,93.444,4.962
3169,93.444,4.962
3170,93.444,4.962
3171,93.444,4.962
3172,93.444,4.962
3173,93.444,4.962
3174,93.444,4.962
3175,93.444,4.962
3176,93.444,4.962
3177,93.444,4.962
3178,93.444,4.962
3179,93.444,4.962
3180,93.444,4.962
3181,93.444,4.962
3182,93.444,4.963
3183,93.444,4.963
3184,93.444,4.963
3185,93.444,4.963
3186,93.444,4.963
3187,93.444,4.963
3188,93.444,4.963
3189,93.444,4.963
3190,93.444,4.963
3191,93.444,4.963
3192,93.444,4.963
3193,93.444,4.963
3194,93.444,4.963
3195,93.444,4.963
3196,93.444,4.963
3197,93.444,4.963
3198,93.444,4.963
3199,93.444,4.963
3200,93.444,4.963
3201,93.444,4.963
3202,93.444,4.963
3203,93.444,4.963
3204,93.444,4.963
3205,93.444,4.963
3206,93.444,4.963
3207,93.444,4.963
3208,93.444,4.963
3209,93.444,4.963
3210,93.444,4.963
3211,93.444,4.963
3212,93.444,4.963
3213,93.444,4.963
3214,93.444,4.963
3215,93.444,4.963
3216,93.444,4.963
3217,93.444,4.963
3218,93.444,4.963
3219,93.444,4.963
3220,93.444,4.963
3221,93.444,4.963
3222,93.444,4.963
3223,93.444,4.963
3224,93.444,4.963
3225,93.444,4.963
3226,93.444,4.963
3227,93.444,4.963
3228,93.444,4.963
3229,93.444,4.963
3230,93.444,4.963
3231,93.444,4.963
3232,93.444,4.963
3233,93.444,4.963
3234,93.444,4.963
3235,93.444,4.963
3236,93.444,4.963
3237,93.444,4.963
3238,93.444,4.963
3239,93.444,4.963
3240,93.444,4.963
3241,93.444,4.963
3242,93.444,4.963
3243,93.444,4.963
3244,93.444,4.963
3245,93.444,4.963
3246,93.444,4.963
3247,93.444,4.963
3248,93.444,4.963
3249,93.444,4.963
3250,93.444,4.963
3251,93.444,4.963
3252,93.444,4.963
3253,93.444,4.963
3254,93.444,4.963
3255,93.444,4.963
3256,93.444,4.963
3257,93.444,4.963
3258,93.444,4.963
3259,93.444,4.963
3260,93.444,4.963
3261,93.444,4.963
3262,93.444,4.963
3263,93.444,4.963
3264,93.444,4.963
3265,93.444,4.963
3266,93.444,4.963
3267,93.444,4.963
3268,93.444,4.963
3269,93.444,4.963
3270,93.444,4.963
3271,93.444,4.963
3272,93.444,4.963
3273,93.444,4.963
3274,93.444,4.963
3275,93.444,4.963
3276,93.444,4.963
3277,93.444,4.963
3278,93.444,4.963
3279,93.444,4.963
3280,93.444,4.963
3281,93.444,4.963
3282,93.444,4.963
3283,93.444,4.963
3284,93.444,4.963
3285,93.444,4.963
3286,93.444,4.963
3287,93.444,4.963
3288,93.444,4.963
3289,93.444,4.963
3290,93.444,4.963
3291,93.444,4.963
3292,93.444,4.963
3293,93.444,4.963
3294,93.444,4.963
3295,93.444,4.963
3296,93.444,4.963
3297,93.444,4.963
3298,93.444,4.963
3299,93.444,4.963
3300,93.444,4.963
3301,93.444,4.963
3302,93.444,4.963
3303,93.444,4.963
3304,93.444,4.963
3305,93.444,4.963
3306,93.444,4.963
3307,93.444,4.963
3308,93.444,4.963
3309,93.444,4.963
3310,93.444,4.963
3311,93.444,4.963
3312,93.444,4.963
3313,93.444,4.963
3314,93.444,4.963
3315,93.444,4.963
3316,93.444,4.963
3317,93.444,4.963
3318,93.444,4.963
3319,93.444,4.963
3320,93.444,4.963
3321,93.444,4.963
3322,93.444,4.963
3323,93.444,4.963
3324,93.444,4.963
3325,93.444,4.963
3326,93.444,4.963
3327,93.444,4.963
3328,93.444,4.963
3329,93.444,4.963
3330,93.444,4.963
3331,93.444,4.963
3332,93.444,4.963
3333,93.444,4.963
3334,93.444,4.963
3335,93.444,4.963
3336,93.444,4.963
3337,93.444,4.963
3338,93.444,4.963
3339,93.444,4.963
3340,93.444,4.963
3341,93.444,4.963
3342,93.444,4.963
3343,93.444,4.963
3344,93.444,4.963
3345,93.444,4.963
3346,93.444,4.963
3347,93.444,4.963
3348,93.444,4.963
3349,93.444,4.963
3350,93.444,4.963
3351,93.444,4.963
3352,93.444,4.963
3353,93.444,4.963
3354,93.444,4.963
3355,93.444,4.963
3356,93.444,4.963
3357,93.444,4.963
3358,93.444,4.963
3359,93.444,4.963
3360,93.444,4.963
3361,93.444,4.963
3362,93.444,4.963
3363,93.444,4.963
3364,93.444,4.963
3365,93.444,4.963
3366,93.444,4.963
3367,93.444,4.963
3368,93.444,4.963
3369,93.444,4.963
3370,93.444,4.963
3371,93.444,4.963
3372,93.444,4.963
3373,93.444,4.963
3374,93.444,4.963
3375,93.444,4.963
3376,93.444,4.963
3377,93.444,4.963
3378,93.444,4.963
3379,93.444,4.963
3380,93.444,4.963
3381,93.444,4.963
3382,93.444,4.963
3383,93.444,4.963
3384,93.444,4.963
3385,93.444,4.963
3386,93.444,4.963
3387,93.444,4.963
3388,93.444,4.963
3389,93.444,4.963
3390,93.444,4.963
3391,93.444,4.963
3392,93.444,4.963
3393,93.444,4.963
3394,93.444,4.963
3395,93.444,4.963
3396,93.444,4.963
3397,93.444,4.963
3398,93.444,4.963
3399,93.444,4.963
3400,93.444,4.963
3401,93.444,4.963
3402,93.798,5.045
3403,93.798,5.045
3404,93.798,5.045
3405,93.798,5.045
3406,93.798,5.045
3407,93.798,5.045
3408,93.798,5.045
3409,93.798,5.045
3410,93.798,5.045
3411,93.798,5.0
3412,93.798,5.0
3413,93.798,5.0
3414,93.798,5.0
3415,93.798,5.0
3416,93.798,5.0
3417,93.798,5.0
3418,93.798,4.968
3419,93.798,4.968
3420,93.798,4.968
3421,93.798,4.968
3422,93.798,4.968
3423,93.798,4.968
3424,93.798,4.968
3425,93.798,4.968
3426,93.798,4.968
3427,93.798,4.968
3428,93.798,4.968
3429,93.798,4.936
3430,93.798,4.936
3431,93.798,4.936
3432,93.798,4.936
3433,93.798,4.936
3434,93.798,4.936
3435,93.798,4.921
3436,93.798,4.921
3437,93.798,4.921
3438,93.798,4.918
3439,93.798,4.918
3440,93.798,4.918
3441,93.798,4.918
3442,93.798,4.912
3443,93.798,4.912
3444,93.798,4.912
3445,93.798,4.912
3446,93.798,4.912
3447,93.798,4.912
3448,93.798,4.912
3449,93.798,4.86
3450,93.798,4.86
3451,93.798,4.86
3452,93.798,4.86
3453,93.798,4.86
3454,93.798,4.86
3455,93.798,4.86
3456,93.798,4.827
3457,93.798,4.827
3458,93.798,4.827
3459,93.798,4.827
3460,93.798,4.827
3461,93.798,4.794
3462,93.798,4.794
3463,93.798,4.794
3464,93.798,4.794
3465,93.798,4.794
3466,93.798,4.76
3467,93.798,4.76
3468,93.798,4.76
3469,93.2,4.733
3470,93.2,4.733
3471,93.2,4.7
3472,93.2,4.7
3473,93.2,4.7
3474,93.2,4.7
3475,93.2,4.7
3476,93.2,4.7
3477,93.2,4.7
3478,93.2,4.7
3479,93.2,4.663
3480,93.2,4.663
3481,93.2,4.663
3482,93.2,4.663
3483,93.2,4.663
3484,93.2,4.663
3485,93.2,4.663
3486,93.2,4.663
3487,93.2,4.663
3488,93.2,4.592
3489,93.2,4.592
3490,93.2,4.592
3491,93.2,4.592
3492,93.2,4.474
3493,93.2,4.474
3494,93.2,4.474
3495,93.2,4.406
3496,93.2,4.406
3497,93.2,4.406
3498,93.2,4.406
3499,93.2,4.406
3500,93.2,4.406
3501,93.2,4.406
3502,93.2,4.343
3503,93.2,4.343
3504,93.2,4.343
3505,93.2,4.343
3506,93.2,4.343
3507,93.2,4.286
3508,93.2,4.286
3509,93.2,4.286
3510,93.2,4.286
3511,93.2,4.286
3512,93.2,4.286
3513,93.2,4.286
3514,93.2,4.245
3515,93.2,4.245
3516,93.2,4.245
3517,93.2,4.245
3518,93.2,4.245
3519,93.2,4.245
3520,93.2,4.245
3521,93.2,4.245
3522,93.2,4.245
3523,93.2,4.223
3524,93.2,4.223
3525,93.2,4.223
3526,93.2,4.223
3527,93.2,4.191
3528,93.2,4.191
3529,93.2,4.191
3530,93.2,4.191
3531,93.2,4.191
3532,93.2,4.191
3533,93.2,4.191
3534,93.2,4.191
3535,93.2,4.191
3536,93.2,4.191
3537,93.2,4.191
3538,93.2,4.191
3539,93.2,4.191
3540,93.2,4.191
3541,93.2,4.191
3542,93.2,4.191
3543,93.2,4.191
3544,93.2,4.191
3545,93.2,4.191
3546,93.2,4.191
3547,93.2,4.191
3548,93.2,4.191
3549,93.2,4.191
3550,93.2,4.191
3551,93.2,4.191
3552,93.2,4.191
3553,93.2,4.191
3554,93.2,4.191
3555,93.2,4.191
3556,93.2,4.191
3557,93.2,4.191
3558,93.2,4.191
3559,93.2,4.191
3560,93.2,4.191
3561,93.2,4.191
3562,93.2,4.191
3563,93.2,4.191
3564,93.2,4.191
3565,93.2,4.191
3566,93.2,4.191
3567,93.2,4.191
3568,93.2,4.191
3569,93.2,4.191
3570,93.2,4.191
3571,93.2,4.191
3572,93.2,4.191
3573,93.2,4.191
3574,93.2,4.191
3575,93.2,4.191
3576,93.2,4.191
3577,93.2,4.191
3578,93.2,4.191
3579,93.2,4.191
3580,93.2,4.191
3581,93.2,4.191
3582,93.2,4.191
3583,93.2,4.191
3584,93.2,4.191
3585,93.2,4.191
3586,93.2,4.191
3587,93.2,4.191
3588,93.2,4.191
3589,93.2,4.191
3590,93.2,4.191
3591,93.2,4.191
3592,93.2,4.191
3593,93.2,4.191
3594,93.2,4.191
3595,93.2,4.191
3596,93.2,4.191
3597,93.2,4.191
3598,93.2,4.191
3599,93.2,4.191
3600,93.2,4.191
3601,93.2,4.191
3602,93.2,4.191
3603,93.2,4.191
3604,93.2,4.191
3605,93.2,4.191
3606,93.2,4.191
3607,93.2,4.191
3608,93.2,4.191
3609,93.2,4.191
3610,93.2,4.191
3611,93.2,4.191
3612,93.2,4.191
3613,93.2,4.191
3614,93.2,4.191
3615,93.2,4.191
3616,93.2,4.191
3617,93.2,4.191
3618,93.2,4.191
3619,93.2,4.191
3620,93.2,4.191
3621,93.2,4.191
3622,93.2,4.191
3623,93.2,4.191
3624,93.2,4.191
3625,93.2,4.191
3626,93.2,4.191
3627,93.2,4.191
3628,93.2,4.191
3629,93.2,4.191
3630,93.2,4.191
3631,93.2,4.191
3632,93.2,4.191
3633,93.2,4.191
3634,93.2,4.191
3635,93.2,4.191
3636,93.2,4.191
3637,93.2,4.191
3638,93.2,4.191
3639,93.2,4.191
3640,93.2,4.191
3641,93.2,4.191
3642,93.2,4.191
3643,93.2,4.191
3644,93.2,4.191
3645,93.2,4.191
3646,93.2,4.191
3647,93.2,4.191
3648,93.2,4.191
3649,93.2,4.191
3650,93.2,4.191
3651,93.2,4.191
3652,93.2,4.191
3653,93.2,4.191
3654,93.2,4.191
3655,93.2,4.191
3656,93.2,4.191
3657,93.2,4.191
3658,93.2,4.191
3659,93.2,4.191
3660,93.2,4.191
3661,93.2,4.191
3662,93.2,4.191
3663,93.2,4.191
3664,93.2,4.191
3665,93.2,4.191
3666,93.2,4.191
3667,93.2,4.191
3668,93.2,4.191
3669,93.2,4.191
3670,93.2,4.191
3671,93.2,4.191
3672,93.2,4.191
3673,93.2,4.191
3674,93.2,4.191
3675,93.2,4.191
3676,93.2,4.191
3677,93.2,4.191
3678,93.2,4.191
3679,93.2,4.191
3680,93.2,4.191
3681,93.2,4.191
3682,93.2,4.191
3683,93.2,4.191
3684,93.2,4.191
3685,93.2,4.191
3686,93.2,4.191
3687,93.2,4.191
3688,93.2,4.191
3689,93.2,4.191
3690,93.2,4.191
3691,93.2,4.191
3692,93.2,4.191
3693,93.2,4.191
3694,93.2,4.191
3695,93.2,4.191
3696,93.2,4.191
3697,93.2,4.191
3698,93.2,4.191
3699,93.2,4.191
3700,93.2,4.191
3701,93.2,4.191
3702,93.2,4.191
3703,93.2,4.191
3704,93.2,4.191
3705,93.2,4.191
3706,93.2,4.191
3707,93.2,4.191
3708,93.2,4.191
3709,93.2,4.191
3710,93.2,4.191
3711,93.2,4.191
3712,93.2,4.191
3713,93.2,4.191
3714,93.2,4.191
3715,93.2,4.191
3716,93.2,4.191
3717,93.2,4.191
3718,93.2,4.191
3719,93.2,4.191
3720,93.2,4.191
3721,93.2,4.191
3722,93.2,4.191
3723,93.2,4.191
3724,93.2,4.191
3725,93.2,4.191
3726,93.2,4.191
3727,93.2,4.191
3728,93.2,4.191
3729,93.2,4.191
3730,93.2,4.191
3731,93.2,4.191
3732,93.2,4.191
3733,93.2,4.191
3734,93.2,4.191
3735,93.2,4.191
3736,93.2,4.191
3737,93.2,4.191
3738,93.2,4.191
3739,93.2,4.191
3740,93.2,4.191
3741,93.2,4.191
3742,93.2,4.191
3743,93.2,4.191
3744,93.2,4.191
3745,93.2,4.191
3746,93.2,4.191
3747,93.2,4.191
3748,93.2,4.191
3749,93.2,4.191
3750,93.2,4.191
3751,93.2,4.191
3752,93.2,4.191
3753,93.2,4.191
3754,93.2,4.191
3755,93.2,4.191
3756,93.2,4.191
3757,93.2,4.191
3758,93.2,4.191
3759,93.2,4.191
3760,93.2,4.191
3761,93.2,4.191
3762,93.2,4.191
3763,93.2,4.191
3764,93.2,4.191
3765,93.2,4.191
3766,93.2,4.191
3767,93.2,4.191
3768,93.2,4.191
3769,93.2,4.191
3770,93.2,4.191
3771,93.2,4.191
3772,93.2,4.191
3773,93.2,4.191
3774,93.2,4.191
3775,93.2,4.191
3776,93.2,4.191
3777,93.2,4.191
3778,93.2,4.191
3779,93.2,4.191
3780,93.2,4.191
3781,93.2,4.191
3782,93.2,4.191
3783,93.2,4.191
3784,93.2,4.191
3785,93.2,4.191
3786,93.2,4.191
3787,93.2,4.191
3788,93.2,4.191
3789,93.2,4.191
3790,93.2,4.191
3791,93.2,4.191
3792,93.2,4.191
3793,93.2,4.191
3794,93.2,4.191
3795,93.2,4.191
3796,93.2,4.191
3797,93.2,4.191
3798,93.2,4.191
3799,93.2,4.191
3800,93.2,4.191
3801,93.2,4.191
3802,93.2,4.191
3803,93.2,4.191
3804,93.2,4.191
3805,93.2,4.191
3806,93.2,4.191
3807,93.2,4.191
3808,93.2,4.191
3809,93.2,4.191
3810,93.2,4.191
3811,93.2,4.191
3812,93.2,4.191
3813,93.2,4.191
3814,93.2,4.191
3815,93.2,4.191
3816,93.2,4.191
3817,93.2,4.191
3818,93.2,4.191
3819,93.2,4.191
3820,93.2,4.191
3821,93.2,4.191
3822,93.2,4.191
3823,93.2,4.191
3824,93.2,4.191
3825,93.2,4.191
3826,93.2,4.191
3827,93.2,4.191
3828,93.2,4.191
3829,93.2,4.191
3830,93.2,4.191
3831,93.2,4.191
3832,93.2,4.191
3833,93.2,4.191
3834,93.2,4.191
3835,93.2,4.191
3836,93.2,4.191
3837,93.2,4.191
3838,93.2,4.191
3839,93.2,4.191
3840,93.2,4.191
3841,93.2,4.191
3842,93.2,4.191
3843,93.2,4.191
3844,93.2,4.191
3845,93.2,4.191
3846,93.2,4.191
3847,93.2,4.191
3848,93.2,4.191
3849,93.2,4.191
3850,93.2,4.191
3851,93.2,4.191
3852,93.2,4.191
3853,93.2,4.191
3854,93.2,4.191
3855,93.2,4.191
3856,93.2,4.191
3857,93.2,4.191
3858,93.2,4.191
3859,93.2,4.191
3860,93.2,4.191
3861,93.2,4.191
3862,93.2,4.191
3863,93.2,4.191
3864,93.2,4.191
3865,93.2,4.191
3866,93.2,4.191
3867,93.2,4.191
3868,93.2,4.191
3869,93.2,4.191
3870,93.2,4.191
3871,93.2,4.191
3872,93.2,4.191
3873,93.2,4.191
3874,93.2,4.191
3875,93.2,4.191
3876,93.2,4.191
3877,93.2,4.191
3878,93.2,4.191
3879,93.2,4.191
3880,93.2,4.191
3881,93.2,4.191
3882,93.2,4.191
3883,93.2,4.191
3884,93.2,4.191
3885,93.2,4.191
3886,93.2,4.191
3887,93.2,4.191
3888,93.2,4.191
3889,93.2,4.191
3890,93.2,4.191
3891,93.2,4.191
3892,93.2,4.191
3893,93.2,4.191
3894,93.2,4.191
3895,93.2,4.191
3896,93.2,4.191
3897,93.2,4.191
3898,93.2,4.191
3899,93.2,4.191
3900,93.2,4.191
3901,93.2,4.191
3902,93.2,4.191
3903,93.2,4.191
3904,93.2,4.191
3905,93.2,4.191
3906,93.2,4.191
3907,93.2,4.191
3908,93.2,4.191
3909,93.2,4.191
3910,93.2,4.191
3911,93.2,4.191
3912,93.2,4.191
3913,93.2,4.191
3914,93.2,4.191
3915,93.2,4.191
3916,93.2,4.191
3917,93.2,4.191
3918,93.2,4.191
3919,93.2,4.191
3920,93.2,4.191
3921,93.2,4.191
3922,93.2,4.191
3923,93.2,4.191
3924,93.2,4.191
3925,93.2,4.191
3926,93.2,4.191
3927,93.2,4.191
3928,93.2,4.191
3929,93.2,4.191
3930,93.2,4.191
3931,93.2,4.191
3932,93.2,4.191
3933,93.2,4.191
3934,93.2,4.191
3935,93.2,4.191
3936,93.2,4.191
3937,93.2,4.191
3938,93.2,4.191
3939,93.2,4.191
3940,93.2,4.191
3941,93.2,4.191
3942,93.2,4.191
3943,93.2,4.191
3944,93.2,4.191
3945,93.2,4.191
3946,93.2,4.191
3947,93.2,4.191
3948,93.2,4.191
3949,93.2,4.191
3950,93.2,4.191
3951,93.2,4.191
3952,93.2,4.191
3953,93.2,4.191
3954,93.2,4.191
3955,93.2,4.191
3956,93.2,4.191
3957,93.2,4.191
3958,93.2,4.191
3959,93.2,4.191
3960,93.2,4.191
3961,93.2,4.191
3962,93.2,4.191
3963,93.2,4.191
3964,93.2,4.191
3965,93.2,4.191
3966,93.2,4.191
3967,93.2,4.191
3968,93.2,4.191
3969,93.2,4.191
3970,93.2,4.191
3971,93.2,4.191
3972,93.2,4.191
3973,93.2,4.191
3974,93.2,4.191
3975,93.2,4.191
3976,93.2,4.191
3977,93.2,4.191
3978,93.2,4.191
3979,93.2,4.191
3980,93.2,4.191
3981,93.2,4.191
3982,93.2,4.191
3983,93.2,4.191
3984,93.2,4.191
3985,93.2,4.191
3986,93.2,4.191
3987,93.2,4.191
3988,93.2,4.191
3989,93.2,4.191
3990,93.2,4.191
3991,93.2,4.191
3992,93.2,4.191
3993,93.2,4.191
3994,93.2,4.191
3995,93.2,4.191
3996,93.2,4.191
3997,93.2,4.191
3998,93.2,4.191
3999,93.2,4.191
4000,93.2,4.191
4001,93.2,4.191
4002,93.2,4.191
4003,93.2,4.191
4004,93.2,4.191
4005,93.2,4.191
4006,93.2,4.191
4007,93.2,4.191
4008,93.2,4.191
4009,93.2,4.191
4010,93.2,4.191
4011,93.2,4.191
4012,93.2,4.191
4013,93.2,4.191
4014,93.2,4.191
4015,93.2,4.191
4016,93.2,4.191
4017,93.2,4.191
4018,93.2,4.191
4019,93.2,4.191
4020,93.2,4.191
4021,93.2,4.191
4022,93.2,4.191
4023,93.2,4.191
4024,93.2,4.191
4025,93.2,4.191
4026,93.2,4.191
4027,93.2,4.191
4028,93.2,4.191
4029,93.2,4.191
4030,93.2,4.191
4031,93.2,4.191
4032,93.2,4.191
4033,93.2,4.191
4034,93.2,4.191
4035,93.2,4.191
4036,93.2,4.191
4037,93.2,4.191
4038,93.2,4.191
4039,93.2,4.191
4040,93.2,4.191
4041,93.2,4.191
4042,93.2,4.191
4043,93.2,4.191
4044,93.2,4.191
4045,93.2,4.191
4046,93.2,4.191
4047,93.2,4.191
4048,93.2,4.191
4049,93.2,4.191
4050,93.2,4.191
4051,93.2,4.191
4052,93.2,4.191
4053,93.2,4.191
4054,93.2,4.191
4055,93.2,4.191
4056,93.2,4.191
4057,93.2,4.191
4058,93.2,4.191
4059,93.2,4.191
4060,93.2,4.191
4061,93.2,4.191
4062,93.2,4.191
4063,93.2,4.191
4064,93.2,4.191
4065,93.2,4.191
4066,93.2,4.191
4067,93.2,4.191
4068,93.2,4.191
4069,93.2,4.191
4070,93.2,4.191
4071,93.2,4.191
4072,93.2,4.191
4073,93.2,4.191
4074,93.2,4.191
4075,93.2,4.191
4076,93.2,4.191
4077,93.2,4.191
4078,93.2,4.191
4079,93.2,4.191
4080,93.2,4.191
4081,93.2,4.191
4082,93.2,4.191
4083,93.2,4.191
4084,93.2,4.191
4085,93.2,4.191
4086,93.2,4.191
4087,93.2,4.191
4088,93.2,4.191
4089,93.2,4.191
4090,93.2,4.191
4091,93.2,4.191
4092,93.2,4.191
4093,93.2,4.191
4094,93.2,4.191
4095,93.2,4.191
4096,93.2,4.191
4097,93.2,4.191
4098,93.2,4.191
4099,93.2,4.191
4100,93.2,4.191
4101,93.2,4.191
4102,93.2,4.191
4103,93.2,4.191
4104,93.2,4.191
4105,93.2,4.191
4106,93.2,4.191
4107,93.2,4.191
4108,93.2,4.191
4109,93.2,4.191
4110,93.2,4.191
4111,93.2,4.191
4112,93.2,4.191
4113,93.2,4.191
4114,93.2,4.191
4115,93.2,4.191
4116,93.2,4.191
4117,93.2,4.191
4118,93.2,4.191
0,93.2,4.191
1,93.2,4.191
2,93.2,4.191
3,93.2,4.191
4,93.2,4.191
5,93.2,4.191
6,93.2,4.191
7,93.2,4.191
8,93.2,4.191
9,93.2,4.191
10,93.2,4.191
11,93.2,4.191
12,93.2,4.191
13,93.2,4.191
14,93.2,4.191
15,93.2,4.191
16,93.2,4.191
17,93.2,4.191
18,93.2,4.153
19,93.2,4.153
20,93.2,4.153
21,93.2,4.153
22,93.2,4.153
23,93.2,4.153
24,93.2,4.153
25,93.2,4.153
26,93.2,4.153
27,93.2,4.153
28,93.2,4.153
29,93.2,4.153
30,93.2,4.153
31,93.2,4.153
32,93.2,4.153
33,93.2,4.153
34,93.2,4.153
35,93.2,4.153
36,93.2,4.153
37,93.2,4.153
38,93.2,4.153
39,93.2,4.153
40,93.2,4.153
41,93.2,4.153
42,93.2,4.153
43,93.2,4.153
44,93.2,4.153
45,93.2,4.153
46,93.2,4.153
47,93.2,4.153
48,93.2,4.153
49,93.2,4.153
50,93.2,4.153
51,93.2,4.153
52,93.2,4.153
53,93.2,4.153
54,93.2,4.153
55,93.2,4.153
56,93.2,4.153
57,93.2,4.153
58,93.2,4.153
59,93.2,4.153
60,93.2,4.153
61,93.2,4.153
62,93.2,4.153
63,93.2,4.153
64,93.2,4.153
65,93.2,4.153
66,93.2,4.153
67,93.2,4.153
68,93.2,4.153
69,93.2,4.153
70,93.2,4.153
71,93.2,4.153
72,93.2,4.153
73,93.2,4.153
74,93.2,4.153
75,93.2,4.153
76,93.2,4.153
77,93.2,4.153
78,93.2,4.153
79,93.2,4.153
80,93.2,4.153
81,93.2,4.153
82,93.2,4.153
83,93.2,4.153
84,93.2,4.153
85,93.2,4.153
86,93.2,4.153
87,93.2,4.153
88,93.2,4.153
89,93.2,4.153
90,93.2,4.153
91,93.2,4.153
92,93.2,4.153
93,93.2,4.153
94,93.2,4.153
95,93.2,4.153
96,93.2,4.153
97,93.2,4.153
98,93.2,4.153
99,93.2,4.153
100,93.2,4.153
101,93.2,4.153
102,93.2,4.153
103,93.2,4.153
104,93.2,4.153
105,93.2,4.153
106,93.2,4.153
107,93.2,4.153
108,93.2,4.153
109,93.2,4.153
110,93.2,4.153
111,93.2,4.153
112,93.2,4.153
113,93.2,4.153
114,93.2,4.153
115,93.2,4.153
116,93.2,4.153
117,93.2,4.153
118,93.2,4.153
119,93.2,4.153
120,93.2,4.153
121,93.2,4.153
122,93.2,4.153
123,93.2,4.153
124,93.2,4.153
125,93.2,4.153
126,93.2,4.153
127,93.2,4.153
128,93.2,4.153
129,93.2,4.153
130,93.2,4.153
131,93.2,4.153
132,93.2,4.153
133,93.2,4.153
134,93.2,4.153
135,93.2,4.153
136,93.2,4.153
137,93.2,4.153
138,93.2,4.153
139,93.2,4.153
140,93.2,4.153
141,93.2,4.153
142,93.2,4.153
143,93.2,4.153
144,93.2,4.153
145,93.2,4.153
146,93.2,4.153
147,93.2,4.153
148,93.2,4.153
149,93.2,4.153
150,93.2,4.153
151,93.2,4.153
152,93.2,4.153
153,93.2,4.153
154,93.2,4.153
155,93.2,4.153
156,93.2,4.153
157,93.2,4.153
158,93.2,4.153
159,93.2,4.153
160,93.2,4.153
161,93.2,4.153
162,93.2,4.153
163,93.2,4.153
164,93.2,4.153
165,93.2,4.153
166,93.2,4.153
167,93.2,4.153
168,93.2,4.153
169,93.2,4.153
170,93.2,4.153
171,93.2,4.153
172,93.2,4.153
173,93.2,4.153
174,93.2,4.153
175,93.2,4.153
176,93.2,4.153
177,93.2,4.153
178,93.2,4.153
179,93.2,4.153
180,93.2,4.153
181,93.2,4.153
182,93.2,4.153
183,93.2,4.153
184,93.2,4.153
185,93.2,4.153
186,93.2,4.153
187,93.2,4.153
188,93.2,4.153
189,93.2,4.153
190,93.2,4.153
191,93.2,4.153
192,93.2,4.153
193,93.2,4.153
194,93.2,4.153
195,93.2,4.153
196,93.2,4.153
197,93.2,4.153
198,93.2,4.153
199,93.2,4.153
200,93.2,4.153
201,93.2,4.153
202,93.2,4.153
203,93.2,4.153
204,93.2,4.153
205,93.2,4.153
206,93.2,4.153
207,93.2,4.153
208,93.2,4.153
209,93.2,4.153
210,93.2,4.153
211,93.2,4.153
212,93.2,4.153
213,93.2,4.153
214,93.2,4.153
215,93.2,4.153
216,93.2,4.153
217,93.2,4.153
218,93.2,4.153
219,93.2,4.153
220,93.2,4.153
221,93.2,4.153
222,93.2,4.153
223,93.2,4.153
224,93.2,4.153
225,93.2,4.153
226,93.2,4.153
227,93.2,4.153
228,93.2,4.153
229,93.2,4.153
230,93.2,4.153
231,93.2,4.153
232,93.2,4.153
233,93.2,4.153
234,93.2,4.153
235,93.2,4.153
236,93.2,4.153
237,93.2,4.153
238,93.2,4.153
239,93.2,4.153
240,93.2,4.153
241,93.2,4.153
242,93.2,4.153
243,93.2,4.153
244,93.2,4.153
245,93.2,4.153
246,93.2,4.153
247,93.2,4.153
248,93.2,4.153
249,93.2,4.153
250,93.2,4.153
251,93.2,4.153
252,93.2,4.153
253,93.2,4.153
254,93.2,4.153
255,93.2,4.153
256,93.2,4.153
257,93.2,4.153
258,93.2,4.153
259,93.2,4.153
260,93.2,4.153
261,93.2,4.153
262,93.2,4.153
263,93.2,4.153
264,93.2,4.153
265,93.2,4.153
266,93.2,4.153
267,93.2,4.153
268,93.2,4.153
269,93.2,4.153
270,93.2,4.153
271,93.2,4.153
272,93.2,4.153
273,93.2,4.153
274,93.2,4.153
275,93.2,4.153
276,93.2,4.153
277,93.2,4.153
278,93.2,4.153
279,93.2,4.153
280,93.2,4.153
281,93.2,4.153
282,93.2,4.153
283,93.2,4.153
284,93.2,4.153
285,93.2,4.153
286,93.2,4.153
287,93.2,4.153
288,93.2,4.153
289,93.2,4.153
290,93.2,4.153
291,93.2,4.153
292,93.2,4.153
293,93.2,4.153
294,93.2,4.153
295,93.2,4.153
296,93.2,4.153
297,93.2,4.153
298,93.2,4.153
299,93.2,4.153
300,93.2,4.153
301,93.2,4.153
302,93.2,4.153
303,93.2,4.153
304,93.2,4.153
305,93.2,4.153
306,93.2,4.153
307,93.2,4.153
308,93.2,4.153
309,93.2,4.153
310,93.2,4.153
311,93.2,4.153
312,93.2,4.153
313,93.2,4.153
314,93.2,4.153
315,93.2,4.153
316,93.2,4.153
317,93.2,4.153
318,93.2,4.153
319,93.2,4.153
320,93.2,4.153
321,93.2,4.153
322,93.2,4.153
323,93.2,4.153
324,93.2,4.153
325,93.2,4.153
326,93.2,4.153
327,93.2,4.153
328,93.2,4.153
329,93.2,4.153
330,93.2,4.153
331,93.2,4.153
332,93.2,4.153
333,93.2,4.153
334,93.2,4.153
335,93.2,4.153
336,93.2,4.153
337,93.2,4.153
338,93.2,4.153
339,93.2,4.153
340,93.2,4.153
341,93.2,4.153
342,93.2,4.153
343,93.2,4.153
344,93.2,4.153
345,93.2,4.153
346,93.2,4.153
347,93.2,4.153
348,93.2,4.153
349,93.2,4.153
350,93.2,4.153
351,93.2,4.153
352,93.2,4.153
353,93.2,4.153
354,93.2,4.153
355,93.2,4.153
356,93.2,4.153
357,93.2,4.153
358,93.2,4.153
359,93.2,4.153
360,93.2,4.153
361,93.2,4.153
362,93.2,4.153
363,93.2,4.153
364,93.2,4.153
365,93.2,4.153
366,93.2,4.153
367,93.2,4.153
368,93.2,4.153
369,93.2,4.153
370,93.2,4.153
371,93.2,4.153
372,93.2,4.153
373,93.2,4.153
374,93.2,4.153
375,93.2,4.153
376,93.2,4.153
377,93.2,4.153
378,93.2,4.153
379,93.2,4.153
380,93.2,4.153
381,93.2,4.153
382,93.2,4.153
383,93.2,4.153
384,93.2,4.153
385,93.2,4.153
386,93.2,4.153
387,93.2,4.153
388,93.2,4.153
389,93.2,4.153
390,93.2,4.153
391,93.2,4.153
392,93.2,4.153
393,93.2,4.153
394,93.2,4.153
395,93.2,4.153
396,93.2,4.153
397,93.2,4.153
398,93.2,4.153
399,93.2,4.153
400,93.2,4.153
401,93.2,4.153
402,93.2,4.153
403,93.2,4.153
404,93.2,4.153
405,93.2,4.153
406,93.2,4.153
407,93.2,4.153
408,93.2,4.153
409,93.2,4.153
410,93.2,4.153
411,93.2,4.153
412,93.2,4.153
413,93.2,4.153
414,93.2,4.153
415,93.2,4.153
416,93.2,4.153
417,93.2,4.153
418,93.2,4.153
419,93.2,4.153
420,93.2,4.153
421,93.2,4.153
422,93.2,4.153
423,93.2,4.153
424,93.2,4.153
425,93.2,4.153
426,93.2,4.153
427,93.2,4.153
428,93.2,4.153
429,93.2,4.153
430,93.2,4.153
431,93.2,4.153
432,93.2,4.153
433,93.2,4.153
434,93.2,4.153
435,93.2,4.153
436,93.2,4.153
437,93.2,4.153
438,93.2,4.153
439,93.2,4.153
440,93.2,4.153
441,93.2,4.153
442,93.2,4.153
443,93.2,4.153
444,93.2,4.153
445,93.2,4.153
446,93.2,4.153
447,93.2,4.153
448,93.2,4.153
449,93.2,4.153
450,93.2,4.153
451,93.2,4.153
452,93.2,4.153
453,93.2,4.153
454,93.2,4.153
455,93.2,4.153
456,93.2,4.153
457,93.2,4.153
458,93.2,4.153
459,93.2,4.153
460,93.2,4.153
461,93.2,4.153
462,93.2,4.153
463,93.2,4.153
464,93.2,4.153
465,93.2,4.153
466,93.2,4.153
467,93.2,4.153
468,93.2,4.153
469,93.2,4.153
470,93.2,4.153
471,93.2,4.153
472,93.2,4.153
473,93.2,4.153
474,93.2,4.153
475,93.2,4.153
476,93.2,4.153
477,93.2,4.153
478,93.2,4.153
479,93.2,4.153
480,93.2,4.153
481,93.2,4.153
482,93.2,4.153
483,93.2,4.153
484,93.2,4.153
485,93.2,4.153
486,93.2,4.153
487,93.2,4.153
488,93.2,4.153
489,93.2,4.153
490,93.2,4.153
491,93.2,4.153
492,93.2,4.153
493,93.2,4.153
494,93.2,4.153
495,93.2,4.153
496,93.2,4.153
497,93.2,4.153
498,93.2,4.153
499,93.2,4.153
500,93.2,4.153
501,93.2,4.153
502,93.2,4.153
503,93.2,4.153
504,93.2,4.153
505,93.2,4.153
506,93.2,4.153
507,93.2,4.153
508,93.2,4.153
509,93.2,4.153
510,93.2,4.153
511,93.2,4.153
512,93.2,4.153
513,93.2,4.153
514,93.2,4.153
515,93.2,4.153
516,93.2,4.153
517,93.2,4.153
518,93.2,4.153
519,93.2,4.153
520,93.2,4.153
521,93.2,4.153
522,93.2,4.153
523,93.2,4.153
524,93.2,4.153
525,93.2,4.153
526,93.2,4.153
527,93.2,4.153
528,93.2,4.153
529,93.2,4.153
530,93.2,4.153
531,93.2,4.153
532,93.2,4.153
533,93.2,4.153
534,93.2,4.153
535,93.2,4.153
536,93.2,4.153
537,93.2,4.153
538,93.2,4.153
539,93.2,4.153
540,93.2,4.153
541,93.2,4.153
542,93.2,4.153
543,93.2,4.153
544,93.2,4.153
545,93.2,4.153
546,93.2,4.153
547,93.2,4.153
548,93.2,4.153
549,93.2,4.153
550,93.2,4.153
551,93.2,4.153
552,93.2,4.153
553,93.2,4.153
554,93.2,4.153
555,93.2,4.153
556,93.2,4.153
557,93.2,4.153
558,93.2,4.153
559,93.2,4.153
560,93.2,4.153
561,93.2,4.153
562,93.2,4.153
563,93.2,4.153
564,93.2,4.153
565,93.2,4.153
566,93.2,4.153
567,93.2,4.153
568,93.2,4.153
569,93.2,4.153
570,93.2,4.153
571,93.2,4.153
572,93.2,4.153
573,93.2,4.153
574,93.2,4.153
575,93.2,4.153
576,93.2,4.153
577,93.2,4.153
578,93.2,4.153
579,93.2,4.153
580,93.2,4.153
581,93.2,4.153
582,93.2,4.153
583,93.2,4.153
584,93.2,4.153
585,93.2,4.153
586,93.2,4.153
587,93.2,4.153
588,93.2,4.153
589,93.2,4.153
590,93.2,4.153
591,93.2,4.153
592,93.2,4.153
593,93.2,4.153
594,93.2,4.153
595,93.2,4.153
596,93.2,4.153
597,93.2,4.153
598,93.2,4.153
599,93.2,4.153
600,93.2,4.153
601,93.2,4.153
602,93.2,4.153
603,93.2,4.153
604,93.2,4.153
605,93.2,4.153
606,93.2,4.153
607,93.2,4.153
608,93.2,4.153
609,93.2,4.153
610,93.2,4.153
611,93.2,4.153
612,93.2,4.153
613,93.2,4.153
614,93.2,4.153
615,93.2,4.153
616,93.2,4.153
617,93.2,4.153
618,93.2,4.153
619,93.2,4.153
620,93.2,4.153
621,93.2,4.153
622,93.2,4.153
623,93.2,4.153
624,93.2,4.153
625,93.2,4.153
626,93.2,4.153
627,93.2,4.153
628,93.2,4.153
629,93.2,4.153
630,93.2,4.153
631,93.2,4.153
632,93.2,4.153
633,93.2,4.153
634,93.2,4.153
635,93.2,4.153
636,93.2,4.153
637,93.2,4.153
638,93.2,4.153
639,93.2,4.153
640,93.2,4.153
641,93.2,4.153
642,93.2,4.153
643,93.2,4.153
644,93.2,4.153
645,93.2,4.153
646,93.2,4.153
647,93.2,4.153
648,93.2,4.153
649,93.2,4.153
650,93.2,4.153
651,93.2,4.153
652,93.2,4.153
653,93.2,4.153
654,93.2,4.153
655,93.2,4.153
656,93.2,4.153
657,93.2,4.153
658,93.2,4.153
659,93.2,4.153
660,93.2,4.153
661,93.2,4.153
662,93.2,4.153
663,93.2,4.153
664,93.2,4.153
665,93.2,4.153
666,93.2,4.153
667,93.2,4.153
668,93.2,4.153
669,93.2,4.153
670,93.2,4.153
671,93.2,4.153
672,93.2,4.153
673,93.2,4.153
674,93.2,4.153
675,93.2,4.153
676,93.2,4.153
677,93.2,4.153
678,93.2,4.153
679,93.2,4.153
680,93.2,4.153
681,93.2,4.153
682,93.2,4.153
683,93.2,4.153
684,93.2,4.153
685,93.2,4.153
686,93.2,4.153
687,93.2,4.153
688,93.2,4.153
689,93.2,4.153
690,93.2,4.153
691,93.2,4.153
692,93.2,4.153
693,93.2,4.153
694,93.2,4.153
695,93.2,4.153
696,93.2,4.153
697,93.2,4.153
698,93.2,4.153
699,93.2,4.153
700,93.2,4.153
701,93.2,4.153
702,93.2,4.153
703,93.2,4.153
704,93.2,4.153
705,93.2,4.153
706,93.2,4.153
707,93.2,4.153
708,93.2,4.12
709,93.2,4.12
710,93.2,4.12
711,93.2,4.12
712,93.2,4.12
713,93.2,4.12
714,93.2,4.12
715,93.2,4.12
716,93.2,4.12
717,93.2,4.12
718,93.2,4.12
719,93.2,4.12
720,93.2,4.12
721,93.2,4.12
722,93.2,4.12
723,93.2,4.12
724,93.2,4.12
725,93.2,4.12
726,93.2,4.12
727,93.2,4.12
728,93.2,4.12
729,93.2,4.12
730,93.2,4.12
731,93.2,4.12
732,93.2,4.12
733,93.2,4.12
734,93.2,4.12
735,93.2,4.12
736,93.2,4.12
737,93.2,4.12
738,93.2,4.12
739,93.2,4.12
740,93.2,4.12
741,93.2,4.12
742,93.2,4.12
743,93.2,4.12
744,93.2,4.12
745,93.2,4.12
746,93.2,4.12
747,93.2,4.12
748,93.2,4.12
749,93.2,4.12
750,93.2,4.12
751,93.2,4.12
752,93.2,4.12
753,93.2,4.12
754,93.2,4.12
755,93.2,4.12
756,93.2,4.12
757,93.2,4.12
758,93.2,4.12
759,93.2,4.12
760,93.2,4.12
761,93.2,4.12
762,93.2,4.12
763,93.2,4.12
764,93.2,4.12
765,93.2,4.12
766,93.2,4.12
767,93.2,4.12
768,93.2,4.12
769,93.2,4.12
770,93.2,4.12
771,93.2,4.12
772,93.2,4.12
773,93.2,4.12
774,93.2,4.12
775,93.2,4.12
776,93.2,4.12
777,93.2,4.12
778,93.2,4.12
779,93.2,4.12
780,93.2,4.12
781,93.2,4.12
782,93.2,4.12
783,93.2,4.12
784,93.2,4.12
785,93.2,4.12
786,93.2,4.12
787,93.2,4.12
788,93.2,4.12
789,93.2,4.12
790,93.2,4.12
791,93.2,4.12
792,93.2,4.12
793,93.2,4.12
794,93.2,4.12
795,93.2,4.12
796,93.2,4.12
797,93.2,4.12
798,93.2,4.12
799,93.2,4.12
800,93.2,4.12
801,93.2,4.12
802,93.2,4.12
803,93.2,4.12
804,93.2,4.12
805,93.2,4.12
806,93.2,4.12
807,93.2,4.12
808,93.2,4.12
809,93.2,4.12
810,93.2,4.12
811,93.2,4.12
812,93.2,4.12
813,93.2,4.12
814,93.2,4.12
815,93.2,4.12
816,93.2,4.12
817,93.2,4.12
818,93.2,4.12
819,93.2,4.12
820,93.2,4.12
821,93.2,4.12
822,93.2,4.12
823,93.2,4.12
824,93.2,4.12
825,93.2,4.12
826,93.2,4.12
827,93.2,4.12
828,93.2,4.12
829,93.2,4.12
830,93.2,4.12
831,93.2,4.12
832,93.2,4.12
833,93.2,4.12
834,93.2,4.12
835,93.2,4.12
836,93.2,4.12
837,93.2,4.12
838,93.2,4.12
839,93.2,4.12
840,93.2,4.12
841,93.2,4.12
842,93.2,4.12
843,93.2,4.12
844,93.2,4.12
845,93.2,4.12
846,93.2,4.12
847,93.2,4.12
848,93.2,4.12
849,93.2,4.12
850,93.2,4.12
851,93.2,4.12
852,93.2,4.12
853,93.2,4.12
854,93.2,4.12
855,93.2,4.12
856,93.2,4.12
857,93.2,4.12
858,93.2,4.12
859,93.2,4.12
860,93.2,4.12
861,93.2,4.12
862,93.2,4.12
863,93.2,4.12
864,93.2,4.12
865,93.2,4.12
866,93.2,4.12
867,93.2,4.12
868,93.2,4.12
869,93.2,4.12
870,93.2,4.12
871,93.2,4.12
872,93.2,4.12
873,93.2,4.12
874,93.2,4.12
875,93.2,4.12
876,93.2,4.12
877,93.2,4.12
878,93.2,4.12
879,93.2,4.12
880,93.2,4.12
881,93.2,4.12
882,93.2,4.12
883,93.2,4.12
884,93.2,4.12
885,93.2,4.12
886,93.2,4.12
887,93.2,4.12
888,93.2,4.12
889,93.2,4.12
890,93.2,4.12
891,93.2,4.12
892,93.2,4.12
893,93.2,4.12
894,93.2,4.12
895,93.2,4.12
896,93.2,4.12
897,93.2,4.12
898,93.2,4.12
899,93.2,4.12
900,93.2,4.12
901,93.2,4.12
902,93.2,4.12
903,93.2,4.12
904,93.2,4.12
905,93.2,4.12
906,93.2,4.12
907,93.2,4.12
908,93.2,4.12
909,93.2,4.12
910,93.2,4.12
911,93.2,4.12
912,93.2,4.12
913,93.2,4.12
914,93.2,4.12
915,93.2,4.12
916,93.2,4.12
917,93.2,4.12
918,93.2,4.12
919,93.2,4.12
920,93.2,4.12
921,93.2,4.12
922,93.2,4.12
923,93.2,4.12
924,93.2,4.12
925,93.2,4.12
926,93.2,4.12
927,93.2,4.12
928,93.2,4.12
929,93.2,4.12
930,93.2,4.12
931,93.2,4.12
932,93.2,4.12
933,93.2,4.12
934,93.2,4.12
935,93.2,4.12
936,93.2,4.12
937,93.2,4.12
938,93.2,4.12
939,93.2,4.12
940,93.2,4.12
941,93.2,4.12
942,93.2,4.12
943,93.2,4.12
944,93.2,4.12
945,93.2,4.12
946,93.2,4.12
947,93.2,4.12
948,93.2,4.12
949,93.2,4.12
950,93.2,4.12
951,93.2,4.12
952,93.2,4.12
953,93.2,4.12
954,93.2,4.12
955,93.2,4.12
956,93.2,4.12
957,93.2,4.12
958,93.2,4.12
959,93.2,4.12
960,93.2,4.12
961,93.2,4.12
962,93.2,4.12
963,93.2,4.12
964,93.2,4.12
965,93.2,4.12
966,93.2,4.12
967,93.2,4.12
968,93.2,4.12
969,93.2,4.12
970,93.2,4.12
971,93.2,4.12
972,93.2,4.12
973,93.2,4.12
974,93.2,4.12
975,93.2,4.12
976,93.2,4.12
977,93.2,4.12
978,93.2,4.12
979,93.2,4.12
980,93.2,4.12
981,93.2,4.12
982,93.2,4.12
983,93.2,4.12
984,93.2,4.12
985,93.2,4.12
986,93.2,4.12
987,93.2,4.12
988,93.2,4.12
989,93.2,4.12
990,93.2,4.12
991,93.2,4.12
992,93.2,4.12
993,93.2,4.12
994,93.2,4.12
995,93.2,4.12
996,93.2,4.12
997,93.2,4.12
998,93.2,4.12
999,93.2,4.12
1000,93.2,4.12
1001,93.2,4.12
1002,93.2,4.12
1003,93.2,4.12
1004,93.2,4.12
1005,93.2,4.12
1006,93.2,4.12
1007,93.2,4.12
1008,93.2,4.12
1009,93.2,4.12
1010,93.2,4.12
1011,93.2,4.12
1012,93.2,4.12
1013,93.2,4.12
1014,93.2,4.12
1015,93.2,4.12
1016,93.2,4.12
1017,93.2,4.12
1018,93.2,4.12
1019,93.2,4.12
1020,93.2,4.12
1021,93.2,4.12
1022,93.2,4.12
1023,93.2,4.12
1024,93.2,4.12
1025,93.2,4.12
1026,93.2,4.12
1027,93.2,4.12
1028,93.2,4.12
1029,93.2,4.12
1030,93.2,4.12
1031,93.2,4.12
1032,93.2,4.12
1033,93.2,4.12
1034,93.2,4.12
1035,93.2,4.12
1036,93.2,4.12
1037,93.2,4.12
1038,93.2,4.12
1039,93.2,4.12
1040,93.2,4.12
1041,93.2,4.12
1042,93.2,4.12
1043,93.2,4.12
1044,93.2,4.12
1045,93.2,4.12
1046,93.2,4.12
1047,93.2,4.12
1048,93.2,4.12
1049,93.2,4.12
1050,93.2,4.12
1051,93.2,4.12
1052,93.2,4.12
1053,93.2,4.12
1054,93.2,4.12
1055,93.2,4.12
1056,93.2,4.12
1057,93.2,4.12
1058,93.2,4.12
1059,93.2,4.12
1060,93.2,4.12
1061,93.2,4.12
1062,93.2,4.12
1063,93.2,4.12
1064,93.2,4.12
1065,93.2,4.12
1066,93.2,4.12
1067,93.2,4.12
1068,93.2,4.12
1069,93.2,4.12
1070,93.2,4.12
1071,93.2,4.12
1072,93.2,4.12
1073,93.2,4.12
1074,93.2,4.12
1075,93.2,4.12
1076,93.2,4.12
1077,93.2,4.12
1078,93.2,4.12
1079,93.2,4.12
1080,93.2,4.12
1081,93.2,4.12
1082,93.2,4.12
1083,93.2,4.12
1084,93.2,4.12
1085,93.2,4.12
1086,93.2,4.12
1087,93.2,4.12
1088,93.2,4.12
1089,93.2,4.12
1090,93.2,4.12
1091,93.2,4.12
1092,93.2,4.12
1093,93.2,4.12
1094,93.2,4.12
1095,93.2,4.12
1096,93.2,4.12
1097,93.2,4.12
1098,93.2,4.12
1099,93.2,4.12
1100,93.2,4.12
1101,93.2,4.12
1102,93.2,4.12
1103,93.2,4.12
1104,93.2,4.12
1105,93.2,4.12
1106,93.2,4.12
1107,93.2,4.12
1108,93.2,4.12
1109,93.2,4.12
1110,93.2,4.12
1111,93.2,4.12
1112,93.2,4.12
1113,93.2,4.12
1114,93.2,4.12
1115,93.2,4.12
1116,93.2,4.12
1117,93.2,4.12
1118,93.2,4.12
1119,93.2,4.12
1120,93.2,4.12
1121,93.2,4.12
1122,93.2,4.12
1123,93.2,4.12
1124,93.2,4.12
1125,93.2,4.12
1126,93.2,4.12
1127,93.2,4.12
1128,93.2,4.12
1129,93.2,4.12
1130,93.2,4.12
1131,93.2,4.12
1132,93.2,4.12
1133,93.2,4.12
1134,93.2,4.12
1135,93.2,4.12
1136,93.2,4.12
1137,93.2,4.12
1138,93.2,4.12
1139,93.2,4.12
1140,93.2,4.12
1141,93.2,4.12
1142,93.2,4.12
1143,93.2,4.12
1144,93.2,4.12
1145,93.2,4.12
1146,93.2,4.12
1147,93.2,4.12
1148,93.2,4.12
1149,93.2,4.12
1150,93.2,4.12
1151,93.2,4.12
1152,93.2,4.12
1153,93.2,4.12
1154,93.2,4.12
1155,93.2,4.12
1156,93.2,4.12
1157,93.2,4.12
1158,93.2,4.12
1159,93.2,4.12
1160,93.2,4.12
1161,93.2,4.12
1162,93.2,4.12
1163,93.2,4.12
1164,93.2,4.12
1165,93.2,4.12
1166,93.2,4.12
1167,93.2,4.12
1168,93.2,4.12
1169,93.2,4.12
1170,93.2,4.12
1171,93.2,4.12
1172,93.2,4.12
1173,93.2,4.12
1174,93.2,4.12
1175,93.2,4.12
1176,93.2,4.12
1177,93.2,4.12
1178,93.2,4.12
1179,93.2,4.12
1180,93.2,4.12
1181,93.2,4.12
1182,93.2,4.12
1183,93.2,4.12
1184,93.2,4.12
1185,93.2,4.12
1186,93.2,4.12
1187,93.2,4.12
1188,93.2,4.12
1189,93.2,4.12
1190,93.2,4.12
1191,93.2,4.12
1192,93.2,4.12
1193,93.2,4.12
1194,93.2,4.12
1195,93.2,4.12
1196,93.2,4.12
1197,93.2,4.12
1198,93.2,4.12
1199,93.2,4.12
1200,93.2,4.12
1201,93.2,4.12
1202,93.2,4.12
1203,93.2,4.12
1204,93.2,4.12
1205,93.2,4.12
1206,93.2,4.12
1207,93.2,4.12
1208,93.2,4.12
1209,93.2,4.12
1210,93.2,4.12
1211,93.2,4.12
1212,93.2,4.12
1213,93.2,4.12
1214,93.2,4.12
1215,93.2,4.12
1216,93.2,4.12
1217,93.2,4.12
1218,93.2,4.12
1219,93.2,4.12
1220,93.2,4.12
1221,93.2,4.12
1222,93.2,4.12
1223,93.2,4.12
1224,93.2,4.12
1225,93.2,4.12
1226,93.2,4.12
1227,93.2,4.12
1228,93.2,4.12
1229,93.2,4.12
1230,93.2,4.12
1231,93.2,4.12
1232,93.2,4.12
1233,93.2,4.12
1234,93.2,4.12
1235,93.2,4.12
1236,93.2,4.12
1237,93.2,4.12
1238,93.2,4.12
1239,93.2,4.12
1240,93.2,4.12
1241,93.2,4.12
1242,93.2,4.12
1243,93.2,4.12
1244,93.2,4.12
1245,93.2,4.12
1246,93.2,4.12
1247,93.2,4.12
1248,93.2,4.12
1249,93.2,4.12
1250,93.2,4.12
1251,93.2,4.12
1252,93.2,4.12
1253,93.2,4.12
1254,93.2,4.12
1255,93.2,4.12
1256,93.2,4.12
1257,93.2,4.12
1258,93.2,4.12
1259,93.2,4.12
1260,93.2,4.12
1261,93.2,4.12
1262,93.2,4.12
1263,93.2,4.12
1264,93.2,4.12
1265,93.2,4.12
1266,93.2,4.12
1267,93.2,4.12
1268,93.2,4.12
1269,93.2,4.12
1270,93.2,4.12
1271,93.2,4.12
1272,93.2,4.12
1273,93.2,4.12
1274,93.2,4.12
1275,93.2,4.12
1276,93.2,4.12
1277,93.2,4.12
1278,93.2,4.12
1279,93.2,4.12
1280,93.2,4.12
1281,93.2,4.12
1282,93.2,4.12
1283,93.2,4.12
1284,93.2,4.12
1285,93.2,4.12
1286,93.2,4.12
1287,93.2,4.12
1288,93.2,4.12
1289,93.2,4.12
1290,93.2,4.12
1291,93.2,4.12
1292,93.2,4.12
1293,93.2,4.12
1294,93.2,4.12
1295,93.2,4.12
1296,93.2,4.12
1297,93.2,4.12
1298,93.2,4.12
1299,93.2,4.12
1300,93.2,4.12
1301,93.2,4.12
1302,93.2,4.12
1303,93.2,4.12
1304,93.2,4.12
1305,93.2,4.12
1306,93.2,4.12
1307,93.2,4.12
1308,93.2,4.12
1309,93.2,4.12
1310,93.2,4.12
1311,93.2,4.12
1312,93.2,4.12
1313,93.2,4.12
1314,93.2,4.12
1315,93.2,4.12
1316,93.2,4.12
1317,93.2,4.12
1318,93.2,4.12
1319,93.2,4.12
1320,93.2,4.12
1321,93.2,4.12
1322,93.2,4.12
1323,93.2,4.12
1324,93.2,4.12
1325,93.2,4.12
1326,93.2,4.12
1327,93.2,4.12
1328,93.2,4.12
1329,93.2,4.12
1330,93.2,4.12
1331,93.2,4.12
1332,93.2,4.12
1333,93.2,4.12
1334,93.2,4.12
1335,93.2,4.12
1336,93.2,4.12
1337,93.2,4.12
1338,93.2,4.12
1339,93.2,4.12
1340,93.2,4.12
1341,93.2,4.12
1342,93.2,4.12
1343,93.2,4.12
1344,93.2,4.12
1345,93.2,4.12
1346,93.2,4.12
1347,93.2,4.12
1348,93.2,4.12
1349,93.2,4.12
1350,93.2,4.12
1351,93.2,4.12
1352,93.2,4.12
1353,93.2,4.12
1354,93.2,4.12
1355,93.2,4.12
1356,93.2,4.12
1357,93.2,4.12
1358,93.2,4.12
1359,93.2,4.12
1360,93.2,4.12
1361,93.2,4.12
1362,93.2,4.12
1363,93.2,4.12
1364,93.2,4.12
1365,93.2,4.12
1366,93.2,4.12
1367,93.2,4.12
1368,93.2,4.12
1369,93.2,4.12
1370,93.2,4.12
1371,93.2,4.12
1372,93.2,4.12
1373,93.2,4.12
1374,93.2,4.12
1375,93.2,4.12
1376,93.2,4.12
1377,93.2,4.12
1378,93.2,4.12
1379,93.2,4.12
1380,93.2,4.12
1381,93.2,4.12
1382,93.2,4.12
1383,93.2,4.12
1384,93.2,4.12
1385,93.2,4.12
1386,93.2,4.12
1387,93.2,4.12
1388,93.2,4.12
1389,93.2,4.12
1390,93.2,4.12
1391,93.2,4.12
1392,93.2,4.12
1393,93.2,4.12
1394,93.2,4.12
1395,93.2,4.12
1396,93.2,4.12
1397,93.2,4.12
1398,93.2,4.12
1399,93.2,4.12
1400,93.2,4.12
1401,93.2,4.12
1402,93.2,4.12
1403,93.2,4.12
1404,93.2,4.12
1405,93.2,4.12
1406,93.2,4.12
1407,93.2,4.12
1408,93.2,4.12
1409,93.2,4.12
1410,93.2,4.12
1411,93.2,4.12
1412,93.2,4.12
1413,93.2,4.12
1414,93.2,4.12
1415,93.2,4.12
1416,93.2,4.12
1417,93.2,4.12
1418,93.2,4.12
1419,93.2,4.12
1420,93.2,4.12
1421,93.2,4.12
1422,93.2,4.12
1423,93.2,4.12
1424,93.2,4.12
1425,93.2,4.12
1426,93.2,4.12
1427,93.2,4.12
1428,93.2,4.12
1429,93.2,4.12
1430,93.2,4.12
1431,93.2,4.12
1432,93.2,4.12
1433,93.2,4.12
1434,93.2,4.12
1435,93.2,4.12
1436,93.2,4.12
1437,93.2,4.12
1438,93.2,4.12
1439,93.2,4.12
1440,93.2,4.12
1441,93.2,4.12
1442,93.2,4.12
1443,93.2,4.12
1444,93.2,4.12
1445,93.2,4.12
1446,93.2,4.12
1447,93.2,4.12
1448,93.2,4.12
1449,93.2,4.12
1450,93.2,4.12
1451,93.2,4.12
1452,93.2,4.12
1453,93.2,4.12
1454,93.2,4.12
1455,93.2,4.12
1456,93.2,4.12
1457,93.2,4.12
1458,93.2,4.12
1459,93.2,4.12
1460,93.2,4.12
1461,93.2,4.12
1462,93.2,4.12
1463,93.2,4.12
1464,93.2,4.076
1465,93.2,4.076
1466,93.2,4.076
1467,93.2,4.076
1468,93.2,4.076
1469,93.2,4.076
1470,93.2,4.076
1471,93.2,4.076
1472,93.2,4.076
1473,93.2,4.076
1474,93.2,4.076
1475,93.2,4.076
1476,93.2,4.076
1477,93.2,4.076
1478,93.2,4.076
1479,93.2,4.076
1480,93.2,4.076
1481,93.2,4.076
1482,93.2,4.076
1483,93.2,4.076
1484,93.2,4.076
1485,93.2,4.076
1486,93.2,4.076
1487,93.2,4.076
1488,93.2,4.076
1489,93.2,4.076
1490,93.2,4.076
1491,93.2,4.076
1492,93.2,4.076
1493,93.2,4.076
1494,93.2,4.076
1495,93.2,4.076
1496,93.2,4.076
1497,93.2,4.076
1498,93.2,4.076
1499,93.2,4.076
1500,93.2,4.076
1501,93.2,4.076
1502,93.2,4.076
1503,93.2,4.076
1504,93.2,4.076
1505,93.2,4.076
1506,93.2,4.076
1507,93.2,4.076
1508,93.2,4.076
1509,93.2,4.076
1510,93.2,4.076
1511,93.2,4.076
1512,93.2,4.076
1513,93.2,4.076
1514,93.2,4.076
1515,93.2,4.076
1516,93.2,4.076
1517,93.2,4.076
1518,93.2,4.076
1519,93.2,4.076
1520,93.2,4.076
1521,93.2,4.076
1522,93.2,4.076
1523,93.2,4.076
1524,93.2,4.076
1525,93.2,4.076
1526,93.2,4.076
1527,93.2,4.076
1528,93.2,4.076
1529,93.2,4.076
1530,93.2,4.076
1531,93.2,4.076
1532,93.2,4.076
1533,93.2,4.076
1534,93.2,4.076
1535,93.2,4.076
1536,93.2,4.076
1537,93.2,4.076
1538,93.2,4.076
1539,93.2,4.076
1540,93.2,4.076
1541,93.2,4.076
1542,93.2,4.076
1543,93.2,4.076
1544,93.2,4.076
1545,93.2,4.076
1546,93.2,4.076
1547,93.2,4.076
1548,93.2,4.076
1549,93.2,4.076
1550,93.2,4.076
1551,93.2,4.076
1552,93.2,4.076
1553,93.2,4.076
1554,93.2,4.076
1555,93.2,4.076
1556,93.2,4.076
1557,93.2,4.076
1558,93.2,4.076
1559,93.2,4.076
1560,93.2,4.076
1561,93.2,4.076
1562,93.2,4.076
1563,93.2,4.076
1564,93.2,4.076
1565,93.2,4.076
1566,93.2,4.076
1567,93.2,4.076
1568,93.2,4.076
1569,93.2,4.076
1570,93.2,4.076
1571,93.2,4.076
1572,93.2,4.076
1573,93.2,4.076
1574,93.2,4.076
1575,93.2,4.076
1576,93.2,4.076
1577,93.2,4.076
1578,93.2,4.076
1579,93.2,4.076
1580,93.2,4.076
1581,93.2,4.076
1582,93.2,4.076
1583,93.2,4.076
1584,93.2,4.076
1585,93.2,4.076
1586,93.2,4.076
1587,93.2,4.076
1588,93.2,4.076
1589,93.2,4.076
1590,93.2,4.076
1591,93.2,4.076
1592,93.2,4.076
1593,93.2,4.076
1594,93.2,4.076
1595,93.2,4.076
1596,93.2,4.076
1597,93.2,4.076
1598,93.2,4.076
1599,93.2,4.076
1600,93.2,4.076
1601,93.2,4.076
1602,93.2,4.076
1603,93.2,4.076
1604,93.2,4.076
1605,93.2,4.076
1606,93.2,4.076
1607,93.2,4.076
1608,93.2,4.076
1609,93.2,4.076
1610,93.2,4.076
1611,93.2,4.076
1612,93.2,4.076
1613,93.2,4.076
1614,93.2,4.076
1615,93.2,4.076
1616,93.2,4.076
1617,93.2,4.076
1618,93.2,4.076
1619,93.2,4.076
1620,93.2,4.076
1621,93.2,4.076
1622,93.2,4.076
1623,93.2,4.076
1624,93.2,4.076
1625,93.2,4.076
1626,93.2,4.076
1627,93.2,4.076
1628,93.2,4.076
1629,93.2,4.076
1630,93.2,4.076
1631,93.2,4.076
1632,93.2,4.076
1633,93.2,4.076
1634,93.2,4.076
1635,93.2,4.076
1636,93.2,4.076
1637,93.2,4.076
1638,93.2,4.076
1639,93.2,4.076
1640,93.2,4.076
1641,93.2,4.076
1642,93.2,4.076
1643,93.2,4.076
1644,93.2,4.076
1645,93.2,4.076
1646,93.2,4.076
1647,93.2,4.076
1648,93.2,4.076
1649,93.2,4.076
1650,93.2,4.076
1651,93.2,4.076
1652,93.2,4.076
1653,93.2,4.076
1654,93.2,4.076
1655,93.2,4.076
1656,93.2,4.076
1657,93.2,4.076
1658,93.2,4.076
1659,93.2,4.076
1660,93.2,4.076
1661,93.2,4.076
1662,93.2,4.076
1663,93.2,4.076
1664,93.2,4.076
1665,93.2,4.076
1666,93.2,4.076
1667,93.2,4.076
1668,93.2,4.076
1669,93.2,4.076
1670,93.2,4.076
1671,93.2,4.076
1672,93.2,4.076
1673,93.2,4.076
1674,93.2,4.076
1675,93.2,4.076
1676,93.2,4.076
1677,93.2,4.076
1678,93.2,4.076
1679,93.2,4.076
1680,93.2,4.076
1681,93.2,4.076
1682,93.2,4.076
1683,93.2,4.076
1684,93.2,4.076
1685,93.2,4.076
1686,93.2,4.076
1687,93.2,4.076
1688,93.2,4.076
1689,93.2,4.076
1690,93.2,4.076
1691,93.2,4.076
1692,93.2,4.076
1693,93.2,4.076
1694,93.2,4.076
1695,93.2,4.076
1696,93.2,4.076
1697,93.2,4.076
1698,93.2,4.076
1699,93.2,4.076
1700,93.2,4.076
1701,93.2,4.076
1702,93.2,4.076
1703,93.2,4.076
1704,93.2,4.076
1705,93.2,4.076
1706,93.2,4.076
1707,93.2,4.076
1708,93.2,4.076
1709,93.2,4.076
1710,93.2,4.076
1711,93.2,4.076
1712,93.2,4.076
1713,93.2,4.076
1714,93.2,4.076
1715,93.2,4.076
1716,93.2,4.076
1717,93.2,4.076
1718,93.2,4.076
1719,93.2,4.076
1720,93.2,4.076
1721,93.2,4.076
1722,93.2,4.076
1723,93.2,4.076
1724,93.2,4.076
1725,93.2,4.076
1726,93.2,4.076
1727,93.2,4.076
1728,93.2,4.076
1729,93.2,4.076
1730,93.2,4.076
1731,93.2,4.076
1732,93.2,4.076
1733,93.2,4.076
1734,93.2,4.076
1735,93.2,4.076
1736,93.2,4.076
1737,93.2,4.076
1738,93.2,4.076
1739,93.2,4.076
1740,93.2,4.076
1741,93.2,4.076
1742,93.2,4.076
1743,93.2,4.076
1744,93.2,4.076
1745,93.2,4.076
1746,93.2,4.076
1747,93.2,4.076
1748,93.2,4.076
1749,93.2,4.076
1750,93.2,4.076
1751,93.2,4.076
1752,93.2,4.076
1753,93.2,4.076
1754,93.2,4.076
1755,93.2,4.076
1756,93.2,4.076
1757,93.2,4.076
1758,93.2,4.076
1759,93.2,4.076
1760,93.2,4.076
1761,93.2,4.076
1762,93.2,4.076
1763,93.2,4.076
1764,93.2,4.076
1765,93.2,4.076
1766,93.2,4.076
1767,93.2,4.076
1768,93.2,4.076
1769,93.2,4.076
1770,93.2,4.076
1771,93.2,4.076
1772,93.2,4.076
1773,93.2,4.076
1774,93.2,4.076
1775,93.2,4.076
1776,93.2,4.076
1777,93.2,4.076
1778,93.2,4.076
1779,93.2,4.076
1780,93.2,4.076
1781,93.2,4.076
1782,93.2,4.076
1783,93.2,4.076
1784,93.2,4.076
1785,93.2,4.076
1786,93.2,4.076
1787,93.2,4.076
1788,93.2,4.076
1789,93.2,4.076
1790,93.2,4.076
1791,93.2,4.076
1792,93.2,4.076
1793,93.2,4.076
1794,93.2,4.076
1795,93.2,4.076
1796,93.2,4.076
1797,93.2,4.076
1798,93.2,4.076
1799,93.2,4.076
1800,93.2,4.076
1801,93.2,4.076
1802,93.2,4.076
1803,93.2,4.076
1804,93.2,4.076
1805,93.2,4.076
1806,93.2,4.076
1807,93.2,4.076
1808,93.2,4.076
1809,93.2,4.076
1810,93.2,4.076
1811,93.2,4.076
1812,93.2,4.076
1813,93.2,4.076
1814,93.2,4.076
1815,93.2,4.076
1816,93.2,4.076
1817,93.2,4.076
1818,93.2,4.076
1819,93.2,4.076
1820,93.2,4.076
1821,93.2,4.076
1822,93.2,4.076
1823,93.2,4.076
1824,93.2,4.076
1825,93.2,4.076
1826,93.2,4.076
1827,93.2,4.076
1828,93.2,4.076
1829,93.2,4.076
1830,93.2,4.076
1831,93.2,4.076
1832,93.2,4.076
1833,93.2,4.076
1834,93.2,4.076
1835,93.2,4.076
1836,93.2,4.076
1837,93.2,4.076
1838,93.2,4.076
1839,93.2,4.076
1840,93.2,4.076
1841,93.2,4.076
1842,93.2,4.076
1843,93.2,4.076
1844,93.2,4.076
1845,93.2,4.076
1846,93.2,4.076
1847,93.2,4.076
1848,93.2,4.076
1849,93.2,4.076
1850,93.2,4.076
1851,93.2,4.076
1852,93.2,4.076
1853,93.2,4.076
1854,93.2,4.076
1855,93.2,4.076
1856,93.2,4.076
1857,93.2,4.076
1858,93.2,4.076
1859,93.2,4.076
1860,93.2,4.076
1861,93.2,4.076
1862,93.2,4.076
1863,93.2,4.076
1864,93.2,4.076
1865,93.2,4.076
1866,93.2,4.076
1867,93.2,4.076
1868,93.2,4.076
1869,93.2,4.076
1870,93.2,4.076
1871,93.2,4.076
1872,93.2,4.076
1873,93.2,4.076
1874,93.2,4.076
1875,93.2,4.076
1876,93.2,4.076
1877,93.2,4.076
1878,93.2,4.076
1879,93.2,4.076
1880,93.2,4.076
1881,93.2,4.076
1882,93.2,4.076
1883,93.2,4.076
1884,93.2,4.076
1885,93.2,4.076
1886,93.2,4.076
1887,93.2,4.076
1888,93.2,4.076
1889,93.2,4.076
1890,93.2,4.076
1891,93.2,4.076
1892,93.2,4.076
1893,93.2,4.076
1894,93.2,4.076
1895,93.2,4.076
1896,93.2,4.076
1897,93.2,4.076
1898,93.2,4.076
1899,93.2,4.076
1900,93.2,4.076
1901,93.2,4.076
1902,93.2,4.076
1903,93.2,4.076
1904,93.2,4.076
1905,93.2,4.076
1906,93.2,4.076
1907,93.2,4.076
1908,93.2,4.076
1909,93.2,4.076
1910,93.2,4.076
1911,93.2,4.076
1912,93.2,4.076
1913,93.2,4.076
1914,93.2,4.076
1915,93.2,4.076
1916,93.2,4.076
1917,93.2,4.076
1918,93.2,4.076
1919,93.2,4.076
1920,93.2,4.076
1921,93.2,4.076
1922,93.2,4.076
1923,93.2,4.076
1924,93.2,4.076
1925,93.2,4.076
1926,93.2,4.076
1927,93.2,4.076
1928,93.2,4.076
1929,93.2,4.076
1930,93.2,4.076
1931,93.2,4.076
1932,93.2,4.076
1933,93.2,4.076
1934,93.2,4.076
1935,93.2,4.076
1936,93.2,4.076
1937,93.2,4.076
1938,93.2,4.076
1939,93.2,4.076
1940,93.2,4.076
1941,93.2,4.076
1942,93.2,4.076
1943,93.2,4.076
1944,93.2,4.076
1945,93.2,4.076
1946,93.2,4.076
1947,93.2,4.076
1948,93.2,4.076
1949,93.2,4.076
1950,93.2,4.076
1951,93.2,4.076
1952,93.2,4.076
1953,93.2,4.076
1954,93.2,4.076
1955,93.2,4.076
1956,93.2,4.076
1957,93.2,4.076
1958,93.2,4.076
1959,93.2,4.076
1960,93.2,4.076
1961,93.2,4.076
1962,93.2,4.076
1963,93.2,4.076
1964,93.2,4.076
1965,93.2,4.076
1966,93.2,4.076
1967,93.2,4.076
1968,93.2,4.076
1969,93.2,4.076
1970,93.2,4.076
1971,93.2,4.076
1972,93.2,4.076
1973,93.2,4.076
1974,93.2,4.076
1975,93.2,4.076
1976,93.2,4.076
1977,93.2,4.076
1978,93.2,4.076
1979,93.2,4.076
1980,93.2,4.076
1981,93.2,4.076
1982,93.2,4.076
1983,93.2,4.076
1984,93.2,4.076
1985,93.2,4.076
1986,93.2,4.076
1987,93.2,4.076
1988,93.2,4.076
1989,93.2,4.076
1990,93.2,4.076
1991,93.2,4.076
1992,93.2,4.076
1993,93.2,4.076
1994,93.2,4.076
1995,93.2,4.076
1996,93.2,4.076
1997,93.2,4.076
1998,93.2,4.076
1999,93.2,4.076
2000,93.2,4.076
2001,93.2,4.076
2002,93.2,4.076
2003,93.2,4.076
2004,93.2,4.076
2005,93.2,4.076
2006,93.2,4.076
2007,93.2,4.076
2008,93.2,4.076
2009,93.2,4.076
2010,93.2,4.076
2011,93.2,4.076
2012,93.2,4.076
2013,93.2,4.076
2014,93.2,4.076
2015,93.2,4.076
2016,93.2,4.076
2017,93.2,4.076
2018,93.2,4.076
2019,93.2,4.076
2020,93.2,4.076
2021,93.2,4.076
2022,93.2,4.076
2023,93.2,4.076
2024,93.2,4.076
2025,93.2,4.076
2026,93.2,4.076
2027,93.2,4.076
2028,93.2,4.076
2029,93.2,4.076
2030,93.2,4.076
2031,93.2,4.076
2032,93.2,4.076
2033,93.2,4.076
2034,93.2,4.076
2035,93.2,4.076
2036,93.2,4.076
2037,93.2,4.076
2038,93.2,4.076
2039,93.2,4.076
2040,93.2,4.076
2041,93.2,4.076
2042,93.2,4.076
2043,93.2,4.076
2044,93.2,4.076
2045,93.2,4.076
2046,93.2,4.076
2047,93.2,4.076
2048,93.2,4.076
2049,93.2,4.076
2050,93.2,4.076
2051,93.2,4.076
2052,93.2,4.076
2053,93.2,4.076
2054,93.2,4.076
2055,93.2,4.076
2056,93.2,4.076
2057,93.2,4.076
2058,93.2,4.076
2059,93.2,4.076
2060,93.2,4.076
2061,93.2,4.076
2062,93.2,4.076
2063,93.2,4.076
2064,93.2,4.076
2065,93.2,4.076
2066,93.2,4.076
2067,93.2,4.076
2068,93.2,4.076
2069,93.2,4.076
2070,93.2,4.076
2071,93.2,4.076
2072,93.2,4.076
2073,93.2,4.076
2074,93.2,4.076
2075,93.2,4.076
2076,93.2,4.076
2077,93.2,4.076
2078,93.2,4.076
2079,93.2,4.076
2080,93.2,4.076
2081,93.2,4.076
2082,93.2,4.076
2083,93.2,4.076
2084,93.2,4.076
2085,93.2,4.076
2086,93.2,4.076
2087,93.2,4.076
2088,93.2,4.076
2089,93.2,4.076
2090,93.2,4.076
2091,93.2,4.076
2092,93.2,4.076
2093,93.2,4.076
2094,93.2,4.076
2095,93.2,4.076
2096,93.2,4.076
2097,93.2,4.076
2098,93.2,4.076
2099,93.2,4.076
2100,93.2,4.076
2101,93.2,4.076
2102,93.2,4.076
2103,93.2,4.076
2104,93.2,4.076
2105,93.2,4.076
2106,93.2,4.076
2107,93.2,4.076
2108,93.2,4.076
2109,93.2,4.076
2110,93.2,4.076
2111,93.2,4.076
2112,93.2,4.076
2113,93.2,4.076
2114,93.2,4.076
2115,93.2,4.076
2116,93.2,4.076
2117,93.2,4.076
2118,93.2,4.076
2119,93.2,4.076
2120,93.2,4.076
2121,93.2,4.076
2122,93.2,4.076
2123,93.2,4.076
2124,93.2,4.076
2125,93.2,4.076
2126,93.2,4.076
2127,93.2,4.076
2128,93.2,4.076
2129,93.2,4.076
2130,93.2,4.076
2131,93.2,4.076
2132,93.2,4.076
2133,93.2,4.076
2134,93.2,4.076
2135,93.2,4.076
2136,93.2,4.076
2137,93.2,4.076
2138,93.2,4.076
2139,93.2,4.076
2140,93.2,4.076
2141,93.2,4.076
2142,93.2,4.076
2143,93.2,4.076
2144,93.2,4.076
2145,93.2,4.076
2146,93.2,4.076
2147,93.2,4.076
2148,93.2,4.076
2149,93.2,4.076
2150,93.2,4.076
2151,93.2,4.076
2152,93.2,4.076
2153,93.2,4.076
2154,93.2,4.076
2155,93.2,4.076
2156,93.2,4.076
2157,93.2,4.076
2158,93.2,4.076
2159,93.2,4.076
2160,93.2,4.076
2161,93.2,4.076
2162,93.2,4.076
2163,93.2,4.076
2164,93.2,4.076
2165,93.2,4.076
2166,93.2,4.076
2167,93.2,4.076
2168,93.2,4.076
2169,93.2,4.076
2170,93.2,4.076
2171,93.2,4.076
2172,93.2,4.076
2173,93.2,4.076
2174,93.2,4.076
2175,93.2,4.076
2176,93.2,4.076
2177,93.2,4.076
2178,93.2,4.076
2179,93.2,4.076
2180,93.2,4.076
2181,93.2,4.076
2182,93.2,4.076
2183,93.2,4.076
2184,93.2,4.076
2185,93.2,4.076
2186,93.2,4.076
2187,93.2,4.076
2188,93.2,4.076
2189,93.2,4.076
2190,93.2,4.076
2191,93.2,4.076
2192,93.2,4.076
2193,93.2,4.076
2194,93.2,4.076
2195,93.2,4.076
2196,93.2,4.076
2197,93.2,4.076
2198,93.2,4.076
2199,93.2,4.076
2200,93.2,4.076
2201,93.2,4.076
2202,93.2,4.076
2203,93.2,4.076
2204,93.2,4.076
2205,93.2,4.076
2206,93.2,4.076
2207,93.2,4.076
2208,93.2,4.076
2209,93.2,4.076
2210,93.2,4.076
2211,93.2,4.076
2212,93.2,4.076
2213,93.2,4.076
2214,93.2,4.076
2215,93.2,4.076
2216,93.2,4.076
2217,93.2,4.076
2218,93.2,4.076
2219,93.2,4.076
2220,93.2,4.076
2221,93.2,4.076
2222,93.2,4.076
2223,93.2,4.076
2224,93.2,4.076
2225,93.2,4.076
2226,93.2,4.076
2227,93.2,4.076
2228,93.2,4.076
2229,93.2,4.076
2230,93.2,4.076
2231,93.2,4.076
2232,93.2,4.076
2233,93.2,4.076
2234,93.2,4.076
2235,93.2,4.076
2236,93.2,4.076
2237,93.2,4.076
2238,93.2,4.076
2239,93.2,4.076
2240,93.2,4.076
2241,93.2,4.076
2242,93.2,4.076
2243,93.2,4.076
2244,93.2,4.076
2245,93.2,4.076
2246,93.2,4.076
2247,93.2,4.076
2248,93.2,4.076
2249,93.2,4.076
2250,93.2,4.076
2251,93.2,4.076
2252,93.2,4.076
2253,93.2,4.076
2254,93.2,4.076
2255,93.2,4.076
2256,93.2,4.076
2257,93.2,4.076
2258,93.2,4.076
2259,93.2,4.076
2260,93.2,4.076
2261,93.2,4.076
2262,93.2,4.076
2263,93.2,4.076
2264,93.2,4.076
2265,93.2,4.076
2266,93.2,4.076
2267,93.2,4.076
2268,93.2,4.076
2269,93.2,4.076
2270,93.2,4.076
2271,93.2,4.076
2272,93.2,4.076
2273,93.2,4.076
2274,93.2,4.076
2275,93.2,4.076
2276,93.2,4.076
2277,93.2,4.076
2278,93.2,4.076
2279,93.2,4.076
2280,93.2,4.076
2281,93.2,4.076
2282,93.2,4.076
2283,93.2,4.076
2284,93.2,4.076
2285,93.2,4.076
2286,93.2,4.021
2287,93.2,4.021
2288,93.2,4.021
2289,93.2,4.021
2290,93.2,4.021
2291,93.2,4.021
2292,93.2,4.021
2293,93.2,4.021
2294,93.2,4.021
2295,93.2,4.021
2296,93.2,4.021
2297,93.2,4.021
2298,93.2,4.021
2299,93.2,4.021
2300,93.2,4.021
2301,93.2,4.021
2302,93.2,4.021
2303,93.2,4.021
2304,93.2,4.021
2305,93.2,4.021
2306,93.2,4.021
2307,93.2,4.021
2308,93.2,4.021
2309,93.2,4.021
2310,93.2,4.021
2311,93.2,4.021
2312,93.2,4.021
2313,93.2,4.021
2314,93.2,4.021
2315,93.2,4.021
2316,93.2,4.021
2317,93.2,4.021
2318,93.2,4.021
2319,93.2,4.021
2320,93.2,4.021
2321,93.2,4.021
2322,93.2,4.021
2323,93.2,4.021
2324,93.2,4.021
2325,93.2,4.021
2326,93.2,4.021
2327,93.2,4.021
2328,93.2,4.021
2329,93.2,4.021
2330,93.2,4.021
2331,93.2,4.021
2332,93.2,4.021
2333,93.2,4.021
2334,93.2,4.021
2335,93.2,4.021
2336,93.2,4.021
2337,93.2,4.021
2338,93.2,4.021
2339,93.2,4.021
2340,93.2,4.021
2341,93.2,4.021
2342,93.2,4.021
2343,93.2,4.021
2344,93.2,4.021
2345,93.2,4.021
2346,93.2,4.021
2347,93.2,4.021
2348,93.2,4.021
2349,93.2,4.021
2350,93.2,4.021
2351,93.2,4.021
2352,93.2,4.021
2353,93.2,4.021
2354,93.2,4.021
2355,93.2,4.021
2356,93.2,4.021
2357,93.2,4.021
2358,93.2,4.021
2359,93.2,4.021
2360,93.2,4.021
2361,93.2,4.021
2362,93.2,4.021
2363,93.2,4.021
2364,93.2,4.021
2365,93.2,4.021
2366,93.2,4.021
2367,93.2,4.021
2368,93.2,4.021
2369,93.2,4.021
2370,93.2,4.021
2371,93.2,4.021
2372,93.2,4.021
2373,93.2,4.021
2374,93.2,4.021
2375,93.2,4.021
2376,93.2,4.021
2377,93.2,4.021
2378,93.2,4.021
2379,93.2,4.021
2380,93.2,4.021
2381,93.2,4.021
2382,93.2,4.021
2383,93.2,4.021
2384,93.2,4.021
2385,93.2,4.021
2386,93.2,4.021
2387,93.2,4.021
2388,93.2,4.021
2389,93.2,4.021
2390,93.2,4.021
2391,93.2,4.021
2392,93.2,4.021
2393,93.2,4.021
2394,93.2,4.021
2395,93.2,4.021
2396,93.2,4.021
2397,93.2,4.021
2398,93.2,4.021
2399,93.2,4.021
2400,93.2,4.021
2401,93.2,4.021
2402,93.2,4.021
2403,93.2,4.021
2404,93.2,4.021
2405,93.2,4.021
2406,93.2,4.021
2407,93.2,4.021
2408,93.2,4.021
2409,93.2,4.021
2410,93.2,4.021
2411,93.2,4.021
2412,93.2,4.021
2413,93.2,4.021
2414,93.2,4.021
2415,93.2,4.021
2416,93.2,4.021
2417,93.2,4.021
2418,93.2,4.021
2419,93.2,4.021
2420,93.2,4.021
2421,93.2,4.021
2422,93.2,4.021
2423,93.2,4.021
2424,93.2,4.021
2425,93.2,4.021
2426,93.2,4.021
2427,93.2,4.021
2428,93.2,4.021
2429,93.2,4.021
2430,93.2,4.021
2431,93.2,4.021
2432,93.2,4.021
2433,93.2,4.021
2434,93.2,4.021
2435,93.2,4.021
2436,93.2,4.021
2437,93.2,4.021
2438,93.2,4.021
2439,93.2,4.021
2440,93.2,4.021
2441,93.2,4.021
2442,93.2,4.021
2443,93.2,4.021
2444,93.2,4.021
2445,93.2,4.021
2446,93.2,4.021
2447,93.2,4.021
2448,93.2,4.021
2449,93.2,4.021
2450,93.2,4.021
2451,93.2,4.021
2452,93.2,4.021
2453,93.2,4.021
2454,93.2,4.021
2455,93.2,4.021
2456,93.2,4.021
2457,93.2,4.021
2458,93.2,4.021
2459,93.2,4.021
2460,93.2,4.021
2461,93.2,4.021
2462,93.2,4.021
2463,93.2,4.021
2464,93.2,4.021
2465,93.2,4.021
2466,93.2,4.021
2467,93.2,4.021
2468,93.2,4.021
2469,93.2,4.021
2470,93.2,4.021
2471,93.2,4.021
2472,93.2,4.021
2473,93.2,4.021
2474,93.2,4.021
2475,93.2,4.021
2476,93.2,4.021
2477,93.2,4.021
2478,93.2,4.021
2479,93.2,4.021
2480,93.2,4.021
2481,93.2,4.021
2482,93.2,4.021
2483,93.2,4.021
2484,93.2,4.021
2485,93.2,4.021
2486,93.2,4.021
2487,93.2,4.021
2488,93.2,4.021
2489,93.2,4.021
2490,93.2,4.021
2491,93.2,4.021
2492,93.2,4.021
2493,93.2,4.021
2494,93.2,4.021
2495,93.2,4.021
2496,93.2,4.021
2497,93.2,4.021
2498,93.2,4.021
2499,93.2,4.021
2500,93.2,4.021
2501,93.2,4.021
2502,93.2,4.021
2503,93.2,4.021
2504,93.2,4.021
2505,93.2,4.021
2506,93.2,4.021
2507,93.2,4.021
2508,93.2,4.021
2509,93.2,4.021
2510,93.2,4.021
2511,93.2,4.021
2512,93.2,4.021
2513,93.2,4.021
2514,93.2,4.021
2515,93.2,4.021
2516,93.2,4.021
2517,93.2,4.021
2518,93.2,4.021
2519,93.2,4.021
2520,93.2,4.021
2521,93.2,4.021
2522,93.2,4.021
2523,93.2,4.021
2524,93.2,4.021
2525,93.2,4.021
2526,93.2,4.021
2527,93.2,4.021
2528,93.2,4.021
2529,93.2,4.021
2530,93.2,4.021
2531,93.2,4.021
2532,93.2,4.021
2533,93.2,4.021
2534,93.2,4.021
2535,93.2,4.021
2536,93.2,4.021
2537,93.2,4.021
2538,93.2,4.021
2539,93.2,4.021
2540,93.2,4.021
2541,93.2,4.021
2542,93.2,4.021
2543,93.2,4.021
2544,93.2,4.021
2545,93.2,4.021
2546,93.2,4.021
2547,93.2,4.021
2548,93.2,4.021
2549,93.2,4.021
2550,93.2,4.021
2551,93.2,4.021
2552,93.2,4.021
2553,93.2,4.021
2554,93.2,4.021
2555,93.2,4.021
2556,93.2,4.021
2557,93.2,4.021
2558,93.2,4.021
2559,93.2,4.021
2560,93.2,4.021
2561,93.2,4.021
2562,93.2,4.021
2563,93.2,4.021
2564,93.2,4.021
2565,93.2,4.021
2566,93.2,4.021
2567,93.2,4.021
2568,93.2,4.021
2569,93.2,4.021
2570,93.2,4.021
2571,93.2,4.021
2572,93.2,4.021
2573,93.2,4.021
2574,93.2,4.021
2575,93.2,4.021
2576,93.2,4.021
2577,93.2,4.021
2578,93.2,4.021
2579,93.2,4.021
2580,93.2,4.021
2581,93.2,4.021
2582,93.2,4.021
2583,93.2,4.021
2584,93.2,4.021
2585,93.2,4.021
2586,93.2,4.021
2587,93.2,4.021
2588,93.2,4.021
2589,93.2,4.021
2590,93.2,4.021
2591,93.2,4.021
2592,93.2,4.021
2593,93.2,4.021
2594,93.2,4.021
2595,93.2,4.021
2596,93.2,4.021
2597,93.2,4.021
2598,93.2,4.021
2599,93.2,4.021
2600,93.2,4.021
2601,93.2,4.021
2602,93.2,4.021
2603,93.2,4.021
2604,93.2,4.021
2605,93.2,4.021
2606,93.2,4.021
2607,93.2,4.021
2608,93.2,4.021
2609,93.2,4.021
2610,93.2,4.021
2611,93.2,4.021
2612,93.2,4.021
2613,93.2,4.021
2614,93.2,4.021
2615,93.2,4.021
2616,93.2,4.021
2617,93.2,4.021
2618,93.2,4.021
2619,93.2,4.021
2620,93.2,4.021
2621,93.2,4.021
2622,93.2,4.021
2623,93.2,4.021
2624,93.2,4.021
2625,93.2,4.021
2626,93.2,4.021
2627,93.2,4.021
2628,93.2,4.021
2629,93.2,4.021
2630,93.2,4.021
2631,93.2,4.021
2632,93.2,4.021
2633,93.2,4.021
2634,93.2,4.021
2635,93.2,4.021
2636,93.2,4.021
2637,93.2,4.021
2638,93.2,4.021
2639,93.2,4.021
2640,93.2,4.021
2641,93.2,4.021
2642,93.2,4.021
2643,93.2,4.021
2644,93.2,4.021
2645,93.2,4.021
2646,93.2,4.021
2647,93.2,4.021
2648,93.2,4.021
2649,93.2,4.021
2650,93.2,4.021
2651,93.2,4.021
2652,93.2,4.021
2653,93.2,4.021
2654,93.2,4.021
2655,93.2,4.021
2656,93.2,4.021
2657,93.2,4.021
2658,93.2,4.021
2659,93.2,4.021
2660,93.2,4.021
2661,93.2,4.021
2662,93.2,4.021
2663,93.2,4.021
2664,93.2,4.021
2665,93.2,4.021
2666,93.2,4.021
2667,93.2,4.021
2668,93.2,4.021
2669,93.2,4.021
2670,93.2,4.021
2671,93.2,4.021
2672,93.2,4.021
2673,93.2,4.021
2674,93.2,4.021
2675,93.2,4.021
2676,93.2,4.021
2677,93.2,4.021
2678,93.2,4.021
2679,93.2,4.021
2680,93.2,4.021
2681,93.2,4.021
2682,93.2,4.021
2683,93.2,4.021
2684,93.2,4.021
2685,93.2,4.021
2686,93.2,4.021
2687,93.2,4.021
2688,93.2,4.021
2689,93.2,4.021
2690,93.2,4.021
2691,93.2,4.021
2692,93.2,4.021
2693,93.2,4.021
2694,93.2,4.021
2695,93.2,4.021
2696,93.2,4.021
2697,93.2,4.021
2698,93.2,4.021
2699,93.2,4.021
2700,93.2,4.021
2701,93.2,4.021
2702,93.2,4.021
2703,93.2,4.021
2704,93.2,4.021
2705,93.2,4.021
2706,93.2,4.021
2707,93.2,4.021
2708,93.2,4.021
2709,93.2,4.021
2710,93.2,4.021
2711,93.2,4.021
2712,93.2,4.021
2713,93.2,4.021
2714,93.2,4.021
2715,93.2,4.021
2716,93.2,4.021
2717,93.2,4.021
2718,93.2,4.021
2719,93.2,4.021
2720,93.2,4.021
2721,93.2,4.021
2722,93.2,4.021
2723,93.2,4.021
2724,93.2,4.021
2725,93.2,4.021
2726,93.2,4.021
2727,93.2,4.021
2728,93.2,4.021
2729,93.2,4.021
2730,93.2,4.021
2731,93.2,4.021
2732,93.2,4.021
2733,93.2,4.021
2734,93.2,4.021
2735,93.2,4.021
2736,93.2,4.021
2737,93.2,4.021
2738,93.2,4.021
2739,93.2,4.021
2740,93.2,4.021
2741,93.2,4.021
2742,93.2,4.021
2743,93.2,4.021
2744,93.2,4.021
2745,93.2,4.021
2746,93.2,4.021
2747,93.2,4.021
2748,93.2,4.021
2749,93.2,4.021
2750,93.2,4.021
2751,93.2,4.021
2752,93.2,4.021
2753,93.2,4.021
2754,93.2,4.021
2755,93.2,4.021
2756,93.2,4.021
2757,93.2,4.021
2758,93.2,4.021
2759,93.2,4.021
2760,93.2,4.021
2761,93.2,4.021
2762,93.2,4.021
2763,93.2,4.021
2764,93.2,4.021
2765,93.2,4.021
2766,93.2,4.021
2767,93.2,4.021
2768,93.2,4.021
2769,93.2,4.021
2770,93.2,4.021
2771,93.2,4.021
2772,93.2,4.021
2773,93.2,4.021
2774,93.2,4.021
2775,93.2,4.021
2776,93.2,4.021
2777,93.2,4.021
2778,93.2,4.021
2779,93.2,4.021
2780,93.2,4.021
2781,93.2,4.021
2782,93.2,4.021
2783,93.2,4.021
2784,93.2,4.021
2785,93.2,4.021
2786,93.2,4.021
2787,93.2,4.021
2788,93.2,4.021
2789,93.2,4.021
2790,93.2,4.021
2791,93.2,4.021
2792,93.2,4.021
2793,93.2,4.021
2794,93.2,4.021
2795,93.2,4.021
2796,93.2,4.021
2797,93.2,4.021
2798,93.2,4.021
2799,93.2,4.021
2800,93.2,4.021
2801,93.2,4.021
2802,93.2,4.021
2803,93.2,4.021
2804,93.2,4.021
2805,93.2,4.021
2806,93.2,4.021
2807,93.2,4.021
2808,93.2,4.021
2809,93.2,4.021
2810,93.2,4.021
2811,93.2,4.021
2812,93.2,4.021
2813,93.2,4.021
2814,93.2,4.021
2815,93.2,4.021
2816,93.2,4.021
2817,93.2,4.021
2818,93.2,4.021
2819,93.2,4.021
2820,93.2,4.021
2821,93.2,4.021
2822,93.2,4.021
2823,93.2,4.021
2824,93.2,4.021
2825,93.2,4.021
2826,93.2,4.021
2827,93.2,4.021
2828,93.2,4.021
2829,93.2,4.021
2830,93.2,4.021
2831,93.2,4.021
2832,93.2,4.021
2833,93.2,4.021
2834,93.2,4.021
2835,93.2,4.021
2836,93.2,4.021
2837,93.2,4.021
2838,93.2,4.021
2839,93.2,4.021
2840,93.2,4.021
2841,93.2,4.021
2842,93.2,4.021
2843,93.2,4.021
2844,93.2,4.021
2845,93.2,4.021
2846,93.2,4.021
2847,93.2,4.021
2848,93.2,4.021
2849,93.2,4.021
2850,93.2,4.021
2851,93.2,4.021
2852,93.2,4.021
2853,93.2,4.021
2854,93.2,4.021
2855,93.2,4.021
2856,93.2,4.021
2857,93.2,4.021
2858,93.2,4.021
2859,93.2,4.021
2860,93.2,4.021
2861,93.2,4.021
2862,93.2,4.021
2863,93.2,4.021
2864,93.2,4.021
2865,93.2,4.021
2866,93.2,4.021
2867,93.2,4.021
2868,93.2,4.021
2869,93.2,4.021
2870,93.2,4.021
2871,93.2,4.021
2872,93.2,4.021
2873,93.2,4.021
2874,93.2,4.021
2875,93.2,4.021
2876,93.2,4.021
2877,93.2,4.021
2878,93.2,4.021
2879,93.2,4.021
2880,93.2,4.021
2881,93.2,4.021
2882,93.2,4.021
2883,93.2,4.021
2884,93.2,4.021
2885,93.2,4.021
2886,93.2,4.021
2887,93.2,4.021
2888,93.2,4.021
2889,93.2,4.021
2890,93.2,4.021
2891,93.2,4.021
2892,93.2,4.021
2893,93.2,4.021
2894,93.2,4.021
2895,93.2,4.021
2896,93.2,4.021
2897,93.2,4.021
2898,93.2,4.021
2899,93.2,4.021
2900,93.2,4.021
2901,93.2,4.021
2902,93.2,4.021
2903,93.2,4.021
2904,93.2,4.021
2905,93.2,4.021
2906,93.2,4.021
2907,93.2,4.021
2908,93.2,4.021
2909,93.2,4.021
2910,93.2,4.021
2911,93.2,4.021
2912,93.2,4.021
2913,93.2,4.021
2914,93.2,4.021
2915,93.2,4.021
2916,93.2,4.021
2917,93.2,4.021
2918,93.2,4.021
2919,93.2,4.021
2920,93.2,4.021
2921,93.2,4.021
2922,93.2,4.021
2923,93.2,4.021
2924,93.2,4.021
2925,93.2,4.021
2926,93.2,4.021
2927,93.2,4.021
2928,93.2,4.021
2929,93.2,4.021
2930,93.2,4.021
2931,93.2,4.021
2932,93.2,4.021
2933,93.2,4.021
2934,93.2,4.021
2935,93.2,4.021
2936,93.2,4.021
2937,93.2,4.021
2938,93.2,4.021
2939,93.2,4.021
2940,93.2,4.021
2941,93.2,4.021
2942,93.2,4.021
2943,93.2,4.021
2944,93.2,4.021
2945,93.2,4.021
2946,93.2,4.021
2947,93.2,4.021
2948,93.2,4.021
2949,93.2,4.021
2950,93.2,4.021
2951,93.2,4.021
2952,93.2,4.021
2953,93.2,4.021
2954,93.2,4.021
2955,93.2,4.021
2956,93.2,4.021
2957,93.2,4.021
2958,93.2,4.021
2959,93.2,4.021
2960,93.2,4.021
2961,93.2,4.021
2962,93.2,3.901
2963,93.2,3.879
2964,93.2,3.879
2965,93.2,3.853
2966,92.756,3.816
2967,92.756,3.743
2968,92.756,3.669
2969,92.756,3.563
2970,92.756,3.563
2971,92.756,3.488
2972,92.756,3.428
2973,92.756,3.329
2974,92.756,3.282
2975,92.756,3.053
2976,92.843,1.811
2977,92.843,1.811
2978,92.843,1.811
2979,92.843,1.811
2980,92.843,1.811
2981,92.843,1.811
2982,92.843,1.811
2983,92.843,1.811
2984,92.843,1.811
2985,92.843,1.811
2986,92.843,1.811
2987,92.843,1.811
2988,92.843,1.811
2989,92.843,1.811
2990,92.843,1.811
2991,92.843,1.811
2992,92.843,1.811
2993,92.843,1.811
2994,92.843,1.811
2995,92.843,1.811
2996,92.843,1.811
2997,92.843,1.811
2998,92.843,1.811
2999,92.843,1.811
3000,92.843,1.811
3001,92.843,1.811
3002,92.843,1.811
3003,92.843,1.811
3004,92.843,1.811
3005,92.843,1.811
3006,92.843,1.811
3007,92.843,1.799
3008,92.843,1.799
3009,92.843,1.799
3010,92.843,1.799
3011,92.843,1.799
3012,92.843,1.799
3013,92.843,1.799
3014,92.843,1.799
3015,92.843,1.799
3016,92.843,1.799
3017,92.843,1.799
3018,92.843,1.799
3019,92.843,1.799
3020,92.843,1.799
3021,92.843,1.778
3022,92.843,1.778
3023,92.843,1.778
3024,92.843,1.757
3025,92.843,1.757
3026,92.843,1.757
3027,92.843,1.757
3028,92.843,1.757
3029,92.843,1.757
3030,92.843,1.757
3031,92.843,1.757
3032,92.843,1.757
3033,92.843,1.757
3034,92.843,1.757
3035,92.843,1.757
3036,92.843,1.757
3037,92.843,1.757
3038,92.843,1.757
3039,92.843,1.757
3040,92.843,1.757
3041,92.843,1.757
3042,92.843,1.757
3043,92.843,1.757
3044,92.843,1.726
3045,92.843,1.726
3046,92.843,1.726
3047,92.843,1.726
3048,92.843,1.726
3049,92.843,1.726
3050,92.843,1.726
3051,92.843,1.726
3052,92.843,1.726
3053,92.843,1.726
3054,92.843,1.726
3055,92.843,1.703
3056,92.843,1.703
3057,92.843,1.703
3058,92.843,1.703
3059,92.843,1.703
3060,92.843,1.703
3061,92.843,1.703
3062,92.843,1.703
3063,92.843,1.687
3064,92.843,1.687
3065,92.843,1.687
3066,92.843,1.687
3067,92.843,1.687
3068,92.843,1.687
3069,92.843,1.687
3070,92.843,1.687
3071,92.843,1.687
3072,92.843,1.687
3073,92.843,1.687
3074,92.843,1.687
3075,92.843,1.687
3076,92.843,1.687
3077,92.843,1.687
3078,92.843,1.687
3079,92.843,1.687
3080,92.843,1.687
3081,92.843,1.687
3082,92.843,1.687
3083,92.843,1.687
3084,92.843,1.687
3085,92.843,1.663
3086,92.843,1.663
3087,92.843,1.663
3088,92.843,1.663
3089,92.843,1.663
3090,92.843,1.663
3091,92.843,1.663
3092,92.843,1.663
3093,92.843,1.663
3094,92.843,1.663
3095,92.843,1.663
3096,92.843,1.663
3097,92.843,1.663
3098,92.843,1.663
3099,92.843,1.663
3100,92.843,1.663
3101,92.843,1.663
3102,92.843,1.663
3103,92.843,1.663
3104,92.843,1.663
3105,92.843,1.65
3106,92.843,1.65
3107,92.843,1.65
3108,92.843,1.65
3109,92.843,1.65
3110,92.843,1.65
3111,92.843,1.65
3112,92.843,1.65
3113,92.843,1.64
3114,92.843,1.64
3115,92.843,1.64
3116,92.843,1.64
3117,92.843,1.64
3118,92.843,1.64
3119,92.843,1.64
3120,92.843,1.64
3121,92.843,1.64
3122,92.843,1.64
3123,92.843,1.629
3124,92.843,1.629
3125,92.843,1.629
3126,92.843,1.629
3127,92.843,1.629
3128,92.843,1.629
3129,92.843,1.629
3130,92.843,1.629
3131,92.843,1.629
3132,92.843,1.629
3133,92.843,1.614
3134,92.843,1.614
3135,92.843,1.614
3136,92.843,1.614
3137,92.843,1.614
3138,92.843,1.614
3139,92.843,1.614
3140,92.843,1.614
3141,92.843,1.614
3142,92.843,1.614
3143,92.843,1.614
3144,92.843,1.614
3145,92.843,1.614
3146,92.843,1.602
3147,92.843,1.602
3148,92.843,1.602
3149,92.843,1.602
3150,92.843,1.602
3151,92.843,1.602
3152,92.843,1.602
3153,92.843,1.602
3154,92.843,1.584
3155,92.843,1.584
3156,92.843,1.584
3157,92.843,1.574
3158,92.843,1.56
3159,92.843,1.56
3160,92.843,1.56
3161,92.843,1.56
3162,92.843,1.56
3163,92.843,1.56
3164,92.843,1.56
3165,92.843,1.56
3166,92.843,1.556
3167,92.843,1.556
3168,92.843,1.556
3169,92.843,1.556
3170,92.843,1.556
3171,92.843,1.556
3172,92.843,1.556
3173,92.843,1.556
3174,92.843,1.556
3175,92.843,1.556
3176,92.843,1.556
3177,92.843,1.556
3178,92.843,1.548
3179,92.843,1.548
3180,92.843,1.548
3181,92.843,1.548
3182,92.843,1.548
3183,92.843,1.548
3184,92.843,1.538
3185,92.843,1.538
3186,92.843,1.538
3187,92.843,1.538
3188,92.843,1.538
3189,92.843,1.538
3190,92.843,1.538
3191,92.843,1.538
3192,92.843,1.538
3193,92.843,1.538
3194,92.843,1.538
3195,92.843,1.538
3196,92.843,1.538
3197,92.843,1.538
3198,92.843,1.538
3199,92.843,1.538
3200,92.843,1.538
3201,92.843,1.531
3202,92.843,1.531
3203,92.843,1.531
3204,92.843,1.531
3205,92.843,1.531
3206,92.843,1.531
3207,92.843,1.531
3208,92.843,1.531
3209,92.843,1.531
3210,92.843,1.531
3211,92.843,1.531
3212,92.843,1.531
3213,92.843,1.531
3214,92.843,1.531
3215,92.843,1.531
3216,92.843,1.531
3217,92.843,1.531
3218,92.843,1.531
3219,92.843,1.531
3220,92.843,1.531
3221,92.843,1.531
3222,92.843,1.531
3223,92.843,1.531
3224,92.843,1.531
3225,92.843,1.531
3226,92.843,1.531
3227,92.843,1.531
3228,92.843,1.531
3229,92.843,1.531
3230,92.843,1.52
3231,92.843,1.52
3232,92.843,1.52
3233,92.843,1.52
3234,92.843,1.52
3235,92.843,1.52
3236,92.843,1.52
3237,92.843,1.52
3238,92.843,1.52
3239,92.843,1.52
3240,92.843,1.52
3241,92.843,1.52
3242,92.843,1.52
3243,92.843,1.52
3244,92.843,1.52
3245,92.843,1.52
3246,92.843,1.52
3247,92.843,1.51
3248,92.843,1.51
3249,92.843,1.51
3250,92.843,1.51
3251,92.843,1.51
3252,92.843,1.51
3253,92.843,1.51
3254,92.843,1.51
3255,92.843,1.51
3256,92.843,1.51
3257,92.843,1.51
3258,93.075,1.498
3259,93.075,1.498
3260,93.075,1.498
3261,93.075,1.498
3262,93.075,1.498
3263,93.075,1.498
3264,93.075,1.498
3265,93.075,1.498
3266,93.075,1.498
3267,93.075,1.498
3268,93.075,1.498
3269,93.075,1.498
3270,93.075,1.498
3271,93.075,1.498
3272,93.075,1.498
3273,93.075,1.498
3274,93.075,1.498
3275,93.075,1.498
3276,93.075,1.498
3277,93.075,1.498
3278,93.075,1.498
3279,93.075,1.498
3280,93.075,1.498
3281,93.075,1.498
3282,93.075,1.498
3283,93.075,1.498
3284,93.075,1.498
3285,93.075,1.498
3286,93.075,1.498
3287,93.075,1.498
3288,93.075,1.498
3289,93.075,1.498
3290,93.075,1.498
3291,93.075,1.498
3292,93.075,1.498
3293,93.075,1.483
3294,93.075,1.483
3295,93.075,1.483
3296,93.075,1.483
3297,93.075,1.483
3298,93.075,1.483
3299,93.075,1.483
3300,93.075,1.483
3301,93.075,1.483
3302,93.075,1.483
3303,93.075,1.483
3304,93.075,1.483
3305,93.075,1.483
3306,93.075,1.483
3307,93.075,1.483
3308,93.075,1.483
3309,93.075,1.483
3310,93.075,1.483
3311,93.075,1.483
3312,93.075,1.483
3313,93.075,1.483
3314,93.075,1.483
3315,93.075,1.483
3316,93.075,1.483
3317,93.075,1.483
3318,93.075,1.483
3319,93.075,1.483
3320,93.075,1.483
3321,93.075,1.483
3322,93.075,1.483
3323,93.075,1.483
3324,93.075,1.483
3325,93.075,1.483
3326,93.075,1.483
3327,93.075,1.483
3328,93.075,1.483
3329,93.075,1.483
3330,93.075,1.483
3331,93.075,1.483
3332,93.075,1.483
3333,93.075,1.483
3334,93.075,1.483
3335,93.075,1.483
3336,93.075,1.483
3337,93.075,1.483
3338,93.075,1.483
3339,93.075,1.483
3340,93.075,1.483
3341,93.075,1.483
3342,93.075,1.483
3343,93.075,1.479
3344,93.075,1.479
3345,93.075,1.479
3346,93.075,1.479
3347,93.075,1.479
3348,93.075,1.479
3349,93.075,1.479
3350,93.075,1.479
3351,93.075,1.479
3352,93.075,1.479
3353,93.075,1.479
3354,93.075,1.479
3355,93.075,1.479
3356,93.075,1.479
3357,93.075,1.479
3358,93.075,1.479
3359,93.075,1.479
3360,93.075,1.479
3361,93.075,1.479
3362,93.075,1.479
3363,93.075,1.479
3364,93.075,1.479
3365,93.075,1.479
3366,93.075,1.479
3367,93.075,1.479
3368,93.075,1.479
3369,93.075,1.479
3370,93.075,1.479
3371,93.075,1.479
3372,93.075,1.479
3373,93.075,1.479
3374,93.075,1.479
3375,93.075,1.479
3376,93.075,1.479
3377,93.075,1.479
3378,93.075,1.479
3379,93.075,1.479
3380,93.075,1.479
3381,93.075,1.479
3382,93.075,1.479
3383,93.075,1.479
3384,93.075,1.479
3385,93.075,1.479
3386,93.075,1.479
3387,93.075,1.479
3388,93.075,1.479
3389,93.075,1.479
3390,93.075,1.479
3391,93.075,1.479
3392,93.075,1.479
3393,93.075,1.479
3394,93.075,1.479
3395,93.075,1.479
3396,93.075,1.479
3397,93.075,1.479
3398,93.075,1.479
3399,93.075,1.479
3400,93.075,1.479
3401,93.075,1.479
3402,93.075,1.479
3403,93.075,1.479
3404,93.075,1.479
3405,93.075,1.466
3406,93.075,1.466
3407,93.075,1.466
3408,93.075,1.466
3409,93.075,1.466
3410,93.075,1.466
3411,93.075,1.466
3412,93.075,1.466
3413,93.075,1.466
3414,93.075,1.466
3415,93.075,1.466
3416,93.075,1.466
3417,93.075,1.466
3418,93.075,1.466
3419,93.075,1.466
3420,93.075,1.466
3421,93.075,1.466
3422,93.075,1.466
3423,93.075,1.466
3424,93.075,1.466
3425,93.075,1.466
3426,93.075,1.466
3427,93.075,1.466
3428,93.075,1.466
3429,93.075,1.466
3430,93.075,1.466
3431,93.075,1.466
3432,93.075,1.466
3433,93.075,1.466
3434,93.075,1.466
3435,93.075,1.466
3436,93.075,1.466
3437,93.075,1.466
3438,93.075,1.466
3439,93.075,1.466
3440,93.075,1.466
3441,93.075,1.466
3442,93.075,1.466
3443,93.075,1.466
3444,93.075,1.466
3445,93.075,1.466
3446,93.075,1.466
3447,93.075,1.466
3448,93.075,1.466
3449,93.075,1.466
3450,93.075,1.466
3451,93.075,1.466
3452,93.075,1.466
3453,93.075,1.466
3454,93.075,1.466
3455,93.075,1.466
3456,93.075,1.466
3457,93.075,1.466
3458,93.075,1.466
3459,93.075,1.466
3460,93.075,1.466
3461,93.075,1.466
3462,93.075,1.453
3463,93.075,1.453
3464,93.075,1.453
3465,93.075,1.453
3466,93.075,1.453
3467,93.075,1.453
3468,93.075,1.453
3469,93.075,1.453
3470,93.075,1.453
3471,93.075,1.453
3472,93.075,1.453
3473,93.075,1.453
3474,93.075,1.453
3475,93.075,1.453
3476,93.075,1.453
3477,93.075,1.453
3478,93.075,1.453
3479,93.075,1.453
3480,93.075,1.453
3481,93.075,1.453
3482,93.075,1.453
3483,93.075,1.453
3484,93.075,1.453
3485,93.075,1.453
3486,93.075,1.453
3487,93.075,1.453
3488,93.075,1.453
3489,93.075,1.453
3490,93.075,1.453
3491,93.075,1.453
3492,93.075,1.453
3493,93.075,1.453
3494,93.075,1.453
3495,93.075,1.453
3496,93.075,1.453
3497,93.075,1.453
3498,93.075,1.453
3499,93.075,1.453
3500,93.075,1.453
3501,93.075,1.453
3502,93.075,1.453
3503,93.075,1.453
3504,93.075,1.453
3505,93.075,1.453
3506,93.075,1.453
3507,93.075,1.453
3508,93.075,1.453
3509,93.075,1.453
3510,93.075,1.453
3511,93.075,1.453
3512,93.075,1.453
3513,93.075,1.453
3514,93.075,1.453
3515,93.075,1.453
3516,93.075,1.453
3517,93.075,1.453
3518,93.075,1.453
3519,93.075,1.453
3520,93.075,1.453
3521,93.075,1.453
3522,93.075,1.453
3523,93.075,1.453
3524,93.075,1.453
3525,93.075,1.453
3526,93.075,1.453
3527,93.075,1.453
3528,93.075,1.453
3529,93.075,1.453
3530,93.075,1.453
3531,93.075,1.453
3532,93.075,1.453
3533,93.075,1.453
3534,93.075,1.453
3535,93.075,1.453
3536,93.075,1.453
3537,93.075,1.453
3538,93.075,1.453
3539,93.075,1.453
3540,93.075,1.453
3541,93.075,1.453
3542,93.075,1.453
3543,93.075,1.445
3544,93.075,1.445
3545,93.075,1.445
3546,93.075,1.445
3547,93.075,1.445
3548,93.075,1.445
3549,93.075,1.445
3550,93.075,1.445
3551,93.075,1.445
3552,93.075,1.445
3553,93.075,1.445
3554,93.075,1.445
3555,93.075,1.445
3556,93.075,1.445
3557,93.075,1.445
3558,93.075,1.445
3559,93.075,1.445
3560,93.075,1.445
3561,93.075,1.445
3562,93.075,1.445
3563,93.075,1.445
3564,93.075,1.445
3565,93.075,1.445
3566,93.075,1.445
3567,93.075,1.445
3568,93.075,1.445
3569,93.075,1.445
3570,93.075,1.445
3571,93.075,1.445
3572,93.075,1.445
3573,93.075,1.445
3574,93.075,1.445
3575,93.075,1.445
3576,93.075,1.445
3577,93.075,1.445
3578,93.075,1.445
3579,93.075,1.445
3580,93.075,1.445
3581,93.075,1.445
3582,93.075,1.445
3583,93.075,1.445
3584,93.075,1.445
3585,93.075,1.445
3586,93.075,1.445
3587,93.075,1.445
3588,93.075,1.445
3589,93.075,1.445
3590,93.075,1.445
3591,93.075,1.445
3592,93.075,1.445
3593,93.075,1.445
3594,93.075,1.445
3595,93.075,1.445
3596,93.075,1.445
3597,93.075,1.445
3598,93.075,1.445
3599,93.075,1.445
3600,93.075,1.445
3601,93.075,1.445
3602,93.075,1.445
3603,93.075,1.445
3604,93.075,1.445
3605,93.075,1.445
3606,93.075,1.445
3607,93.075,1.445
3608,93.075,1.445
3609,93.075,1.445
3610,93.075,1.445
3611,93.075,1.445
3612,93.075,1.445
3613,93.075,1.445
3614,93.075,1.445
3615,93.075,1.445
3616,93.075,1.445
3617,93.075,1.445
3618,93.075,1.445
3619,93.075,1.445
3620,93.075,1.445
3621,93.075,1.445
3622,93.075,1.445
3623,93.075,1.445
3624,93.075,1.445
3625,93.075,1.445
3626,93.075,1.445
3627,93.075,1.445
3628,93.075,1.445
3629,93.075,1.445
3630,93.075,1.445
3631,93.075,1.445
3632,93.075,1.445
3633,93.075,1.445
3634,93.075,1.445
3635,93.075,1.445
3636,93.075,1.445
3637,93.075,1.445
3638,93.075,1.445
3639,93.075,1.445
3640,93.075,1.445
3641,93.075,1.445
3642,93.075,1.445
3643,93.075,1.445
3644,93.075,1.445
3645,93.075,1.445
3646,93.075,1.435
3647,93.075,1.435
3648,93.075,1.435
3649,93.075,1.435
3650,93.075,1.435
3651,93.075,1.435
3652,93.075,1.435
3653,93.075,1.435
3654,93.075,1.435
3655,93.075,1.435
3656,93.075,1.435
3657,93.075,1.435
3658,93.075,1.435
3659,93.075,1.435
3660,93.075,1.435
3661,93.075,1.435
3662,93.075,1.435
3663,93.075,1.435
3664,93.075,1.435
3665,93.075,1.435
3666,93.075,1.435
3667,93.075,1.435
3668,93.075,1.435
3669,93.075,1.435
3670,93.075,1.435
3671,93.075,1.435
3672,93.075,1.435
3673,93.075,1.435
3674,93.075,1.435
3675,93.075,1.435
3676,93.075,1.435
3677,93.075,1.435
3678,93.075,1.435
3679,93.075,1.435
3680,93.075,1.435
3681,93.075,1.435
3682,93.075,1.435
3683,93.075,1.435
3684,93.075,1.435
3685,93.075,1.435
3686,93.075,1.435
3687,93.075,1.435
3688,93.075,1.435
3689,93.075,1.435
3690,93.075,1.435
3691,93.075,1.435
3692,93.075,1.435
3693,93.075,1.435
3694,93.075,1.435
3695,93.075,1.435
3696,93.075,1.435
3697,93.075,1.435
3698,93.075,1.435
3699,93.075,1.435
3700,93.075,1.435
3701,93.075,1.435
3702,93.075,1.435
3703,93.075,1.435
3704,93.075,1.435
3705,93.075,1.435
3706,93.075,1.435
3707,93.075,1.435
3708,93.075,1.435
3709,93.075,1.435
3710,93.075,1.435
3711,93.075,1.435
3712,93.075,1.435
3713,93.075,1.435
3714,93.075,1.435
3715,93.075,1.435
3716,93.075,1.435
3717,93.075,1.435
3718,93.075,1.435
3719,93.075,1.435
3720,93.075,1.435
3721,93.075,1.435
3722,93.075,1.435
3723,93.075,1.435
3724,93.075,1.435
3725,93.075,1.435
3726,93.075,1.435
3727,93.075,1.423
3728,93.075,1.423
3729,93.075,1.423
3730,93.075,1.423
3731,93.075,1.423
3732,93.075,1.423
3733,93.075,1.423
3734,93.075,1.423
3735,93.075,1.423
3736,93.075,1.423
3737,93.075,1.423
3738,93.075,1.423
3739,93.075,1.423
3740,93.075,1.423
3741,93.075,1.423
3742,93.075,1.423
3743,93.075,1.423
3744,93.075,1.423
3745,93.075,1.423
3746,93.075,1.423
3747,93.075,1.423
3748,93.075,1.423
3749,93.075,1.423
3750,93.075,1.423
3751,93.075,1.423
3752,93.075,1.423
3753,93.075,1.423
3754,93.075,1.423
3755,93.075,1.423
3756,93.075,1.423
3757,93.075,1.423
3758,93.075,1.423
3759,93.075,1.423
3760,93.075,1.423
3761,93.075,1.423
3762,93.075,1.423
3763,93.075,1.423
3764,93.075,1.423
3765,93.075,1.423
3766,93.075,1.423
3767,93.075,1.423
3768,93.075,1.423
3769,93.075,1.423
3770,93.075,1.423
3771,93.075,1.423
3772,93.075,1.423
3773,93.075,1.423
3774,93.075,1.423
3775,93.075,1.423
3776,93.075,1.423
3777,93.075,1.423
3778,93.075,1.423
3779,93.075,1.423
3780,93.075,1.423
3781,93.075,1.423
3782,93.075,1.423
3783,93.075,1.423
3784,93.075,1.423
3785,93.075,1.423
3786,93.075,1.423
3787,93.075,1.423
3788,93.075,1.423
3789,93.075,1.423
3790,93.075,1.423
3791,93.075,1.423
3792,93.075,1.423
3793,93.075,1.423
3794,93.075,1.423
3795,93.075,1.423
3796,93.075,1.423
3797,93.075,1.423
3798,93.075,1.423
3799,93.075,1.423
3800,93.075,1.423
3801,93.075,1.423
3802,93.075,1.423
3803,93.075,1.423
3804,93.075,1.423
3805,93.075,1.423
3806,93.075,1.423
3807,93.075,1.423
3808,93.075,1.423
3809,93.075,1.423
3810,93.075,1.423
3811,93.075,1.423
3812,93.075,1.423
3813,93.075,1.423
3814,93.075,1.415
3815,93.075,1.415
3816,93.075,1.415
3817,93.075,1.415
3818,93.075,1.415
3819,93.075,1.415
3820,93.075,1.415
3821,93.075,1.415
3822,93.075,1.415
3823,93.075,1.415
3824,93.075,1.415
3825,93.075,1.415
3826,93.075,1.415
3827,93.075,1.415
3828,93.075,1.415
3829,93.075,1.415
3830,93.075,1.415
3831,93.075,1.415
3832,93.075,1.415
3833,93.075,1.415
3834,93.075,1.415
3835,93.075,1.415
3836,93.075,1.415
3837,93.075,1.415
3838,93.075,1.415
3839,93.075,1.415
3840,93.075,1.415
3841,93.075,1.415
3842,93.075,1.415
3843,93.075,1.415
3844,93.075,1.415
3845,93.075,1.415
3846,93.075,1.415
3847,93.075,1.415
3848,93.075,1.415
3849,93.075,1.415
3850,93.075,1.415
3851,93.075,1.415
3852,93.075,1.415
3853,93.075,1.415
3854,93.075,1.415
3855,93.075,1.415
3856,93.075,1.415
3857,93.075,1.415
3858,93.075,1.415
3859,93.075,1.415
3860,93.075,1.415
3861,93.075,1.415
3862,93.075,1.415
3863,93.075,1.415
3864,93.075,1.415
3865,93.075,1.415
3866,93.075,1.415
3867,93.075,1.415
3868,93.075,1.415
3869,93.075,1.415
3870,93.075,1.415
3871,93.075,1.415
3872,93.075,1.415
3873,93.075,1.415
3874,93.075,1.415
3875,93.075,1.415
3876,93.075,1.415
3877,93.075,1.415
3878,93.075,1.415
3879,93.075,1.415
3880,93.075,1.415
3881,93.075,1.415
3882,93.075,1.415
3883,93.075,1.415
3884,93.075,1.415
3885,93.075,1.415
3886,93.075,1.415
3887,93.075,1.415
3888,93.075,1.415
3889,93.075,1.415
3890,93.075,1.415
3891,93.075,1.415
3892,93.075,1.415
3893,93.075,1.415
3894,93.075,1.415
3895,93.075,1.415
3896,93.075,1.415
3897,93.075,1.415
3898,93.075,1.415
3899,93.075,1.415
3900,93.075,1.415
3901,93.075,1.415
3902,93.075,1.415
3903,93.075,1.415
3904,93.075,1.415
3905,93.075,1.415
3906,93.075,1.415
3907,93.075,1.415
3908,93.075,1.415
3909,93.075,1.415
3910,93.075,1.415
3911,93.075,1.415
3912,93.075,1.41
3913,93.075,1.41
3914,93.075,1.41
3915,93.075,1.41
3916,93.075,1.41
3917,93.075,1.41
3918,93.075,1.41
3919,93.075,1.41
3920,93.075,1.41
3921,93.075,1.41
3922,93.075,1.41
3923,93.075,1.41
3924,93.075,1.41
3925,93.075,1.41
3926,93.075,1.41
3927,93.075,1.41
3928,93.075,1.41
3929,93.075,1.41
3930,93.075,1.41
3931,93.075,1.41
3932,93.075,1.41
3933,93.075,1.41
3934,93.075,1.41
3935,93.075,1.41
3936,93.075,1.41
3937,93.075,1.41
3938,93.075,1.41
3939,93.075,1.41
3940,93.075,1.41
3941,93.075,1.41
3942,93.075,1.41
3943,93.075,1.41
3944,93.075,1.41
3945,93.075,1.41
3946,93.075,1.41
3947,93.075,1.41
3948,93.075,1.41
3949,93.075,1.41
3950,93.075,1.41
3951,93.075,1.41
3952,93.075,1.41
3953,93.075,1.41
3954,93.075,1.41
3955,93.075,1.41
3956,93.075,1.41
3957,93.075,1.41
3958,93.075,1.41
3959,93.075,1.41
3960,93.075,1.41
3961,93.075,1.41
3962,93.075,1.41
3963,93.075,1.41
3964,93.075,1.41
3965,93.075,1.41
3966,93.075,1.41
3967,93.075,1.41
3968,93.075,1.41
3969,93.075,1.41
3970,93.075,1.41
3971,93.075,1.41
3972,93.075,1.41
3973,93.075,1.41
3974,93.075,1.41
3975,93.075,1.41
3976,93.075,1.41
3977,93.075,1.41
3978,93.075,1.41
3979,93.075,1.41
3980,93.075,1.41
3981,93.075,1.41
3982,93.075,1.41
3983,93.075,1.41
3984,93.075,1.41
3985,93.075,1.41
3986,93.075,1.41
3987,93.075,1.41
3988,93.075,1.41
3989,93.075,1.41
3990,93.075,1.41
3991,93.075,1.41
3992,93.075,1.41
3993,93.075,1.41
3994,93.075,1.41
3995,93.075,1.41
3996,93.075,1.41
3997,93.075,1.41
3998,93.075,1.41
3999,93.075,1.41
4000,93.075,1.41
4001,93.075,1.41
4002,93.075,1.41
4003,93.075,1.41
4004,93.075,1.41
4005,93.075,1.41
4006,93.075,1.41
4007,93.075,1.41
4008,93.075,1.41
4009,93.075,1.41
4010,93.075,1.41
4011,93.075,1.41
4012,93.075,1.41
4013,93.075,1.41
4014,93.075,1.41
4015,93.075,1.41
4016,93.075,1.41
4017,93.075,1.41
4018,93.075,1.41
4019,93.075,1.41
4020,93.075,1.41
4021,93.075,1.41
4022,93.075,1.41
4023,93.075,1.41
4024,93.075,1.41
4025,93.075,1.41
4026,93.075,1.41
4027,93.075,1.41
4028,93.075,1.41
4029,93.075,1.41
4030,93.075,1.41
4031,93.075,1.41
4032,93.075,1.41
4033,93.075,1.41
4034,93.075,1.41
4035,93.075,1.41
4036,93.075,1.41
4037,93.075,1.41
4038,93.075,1.41
4039,93.075,1.41
4040,93.075,1.41
4041,93.075,1.41
4042,93.075,1.41
4043,93.075,1.41
4044,93.075,1.41
4045,93.075,1.41
4046,93.075,1.41
4047,93.075,1.41
4048,93.075,1.41
4049,93.075,1.41
4050,93.075,1.41
4051,93.075,1.41
4052,93.075,1.41
4053,93.075,1.41
4054,93.075,1.41
4055,93.075,1.41
4056,93.075,1.41
4057,93.075,1.41
4058,93.075,1.41
4059,93.075,1.41
4060,93.075,1.41
4061,93.075,1.41
4062,93.075,1.41
4063,93.075,1.41
4064,93.075,1.41
4065,93.075,1.41
4066,93.075,1.41
4067,93.075,1.41
4068,93.075,1.41
4069,93.075,1.41
4070,93.075,1.41
4071,93.075,1.41
4072,93.075,1.41
4073,93.075,1.41
4074,93.075,1.41
4075,93.075,1.41
4076,93.075,1.41
4077,93.075,1.41
4078,93.075,1.41
4079,93.075,1.41
4080,93.075,1.41
4081,93.075,1.41
4082,93.075,1.41
4083,93.075,1.41
4084,93.075,1.41
4085,93.075,1.41
4086,93.075,1.41
4087,93.075,1.41
4088,93.075,1.41
4089,93.075,1.41
4090,93.075,1.41
4091,93.075,1.41
4092,93.075,1.41
4093,93.075,1.41
4094,93.075,1.41
4095,93.075,1.41
4096,93.075,1.41
4097,93.075,1.41
4098,93.075,1.41
4099,93.075,1.41
4100,93.075,1.41
4101,93.075,1.41
4102,93.075,1.41
4103,93.075,1.41
4104,93.075,1.41
4105,93.075,1.41
4106,93.075,1.41
4107,93.075,1.41
4108,93.075,1.41
4109,93.075,1.41
4110,93.075,1.41
4111,93.075,1.41
4112,93.075,1.41
4113,93.075,1.41
4114,93.075,1.41
4115,93.075,1.41
4116,93.075,1.41
4117,93.075,1.41
4118,93.075,1.41
0,93.075,1.41
1,93.075,1.41
2,93.075,1.41
3,93.075,1.41
4,93.075,1.41
5,93.075,1.41
6,93.075,1.41
7,93.075,1.41
8,93.075,1.41
9,93.075,1.41
10,93.075,1.41
11,93.075,1.41
12,93.075,1.41
13,93.075,1.41
14,93.075,1.41
15,93.075,1.41
16,93.075,1.41
17,93.075,1.41
18,93.075,1.41
19,93.075,1.41
20,93.075,1.41
21,93.075,1.41
22,93.075,1.41
23,93.075,1.41
24,93.075,1.41
25,93.075,1.41
26,93.075,1.41
27,93.075,1.41
28,93.075,1.41
29,93.075,1.41
30,93.075,1.41
31,93.075,1.41
32,93.075,1.41
33,93.075,1.41
34,93.075,1.41
35,93.075,1.41
36,93.075,1.41
37,93.075,1.41
38,93.075,1.41
39,93.075,1.41
40,93.075,1.41
41,93.075,1.41
42,93.075,1.41
43,93.075,1.41
44,93.075,1.41
45,93.075,1.41
46,93.075,1.41
47,93.075,1.405
48,93.075,1.405
49,93.075,1.405
50,93.075,1.405
51,93.075,1.405
52,93.075,1.405
53,93.075,1.405
54,93.075,1.405
55,93.075,1.405
56,93.075,1.405
57,93.075,1.405
58,93.075,1.405
59,93.075,1.405
60,93.075,1.405
61,93.075,1.405
62,93.075,1.405
63,93.075,1.405
64,93.075,1.405
65,93.075,1.405
66,93.075,1.405
67,93.075,1.405
68,93.075,1.405
69,93.075,1.405
70,93.075,1.405
71,93.075,1.405
72,93.075,1.405
73,93.075,1.405
74,93.075,1.405
75,93.075,1.405
76,93.075,1.405
77,93.075,1.405
78,93.075,1.405
79,93.075,1.405
80,93.075,1.405
81,93.075,1.405
82,93.075,1.405
83,93.075,1.405
84,93.075,1.405
85,93.075,1.405
86,93.075,1.405
87,93.075,1.405
88,93.075,1.405
89,93.075,1.405
90,93.075,1.405
91,93.075,1.405
92,93.075,1.405
93,93.075,1.405
94,93.075,1.405
95,93.075,1.405
96,93.075,1.405
97,93.075,1.405
98,93.075,1.405
99,93.075,1.405
100,93.075,1.405
101,93.075,1.405
102,93.075,1.405
103,93.075,1.405
104,93.075,1.405
105,93.075,1.405
106,93.075,1.405
107,93.075,1.405
108,93.075,1.405
109,93.075,1.405
110,93.075,1.405
111,93.075,1.405
112,93.075,1.405
113,93.075,1.405
114,93.075,1.405
115,93.075,1.405
116,93.075,1.405
117,93.075,1.405
118,93.075,1.405
119,93.075,1.405
120,93.075,1.405
121,93.075,1.405
122,93.075,1.405
123,93.075,1.405
124,93.075,1.405
125,93.075,1.405
126,93.075,1.405
127,93.075,1.405
128,93.075,1.405
129,93.075,1.405
130,93.075,1.405
131,93.075,1.405
132,93.075,1.405
133,93.075,1.405
134,93.075,1.405
135,93.075,1.405
136,93.075,1.405
137,93.075,1.405
138,93.075,1.405
139,93.075,1.405
140,93.075,1.405
141,93.075,1.405
142,93.075,1.405
143,93.075,1.405
144,93.075,1.405
145,93.075,1.405
146,93.075,1.405
147,93.075,1.405
148,93.075,1.405
149,93.075,1.405
150,93.075,1.405
151,93.075,1.405
152,93.075,1.405
153,93.075,1.405
154,93.075,1.405
155,93.075,1.405
156,93.075,1.405
157,93.075,1.405
158,93.075,1.405
159,93.075,1.405
160,93.075,1.405
161,93.075,1.405
162,93.075,1.405
163,93.075,1.405
164,93.075,1.405
165,93.075,1.405
166,93.075,1.405
167,93.075,1.405
168,93.075,1.405
169,93.075,1.405
170,93.075,1.405
171,93.075,1.405
172,93.075,1.405
173,93.075,1.405
174,93.075,1.405
175,93.075,1.405
176,93.075,1.405
177,93.075,1.405
178,93.075,1.405
179,93.075,1.405
180,93.075,1.405
181,93.075,1.405
182,93.075,1.405
183,93.075,1.405
184,93.075,1.405
185,93.075,1.405
186,93.075,1.405
187,93.075,1.405
188,93.075,1.405
189,93.075,1.405
190,93.075,1.405
191,93.075,1.405
192,93.075,1.405
193,93.075,1.405
194,93.075,1.405
195,93.075,1.405
196,93.075,1.405
197,93.075,1.405
198,93.075,1.405
199,93.075,1.405
200,93.075,1.405
201,93.075,1.405
202,93.075,1.405
203,93.075,1.405
204,93.075,1.405
205,93.075,1.405
206,93.075,1.405
207,93.075,1.405
208,93.075,1.405
209,93.075,1.405
210,93.075,1.405
211,93.075,1.405
212,93.075,1.405
213,93.075,1.405
214,93.075,1.405
215,93.075,1.405
216,93.075,1.405
217,93.075,1.405
218,93.075,1.405
219,93.075,1.405
220,93.075,1.405
221,93.075,1.405
222,93.075,1.405
223,93.075,1.405
224,93.075,1.405
225,93.075,1.405
226,93.075,1.405
227,93.075,1.405
228,93.075,1.405
229,93.075,1.405
230,93.075,1.405
231,93.075,1.405
232,93.075,1.405
233,93.075,1.405
234,93.075,1.405
235,93.075,1.405
236,93.075,1.405
237,93.075,1.405
238,93.075,1.405
239,93.075,1.405
240,93.075,1.405
241,93.075,1.405
242,93.075,1.405
243,93.075,1.405
244,93.075,1.405
245,93.075,1.405
246,93.075,1.405
247,93.075,1.405
248,93.075,1.405
249,93.075,1.405
250,93.075,1.405
251,93.075,1.405
252,93.075,1.405
253,93.075,1.405
254,93.075,1.405
255,93.075,1.405
256,93.075,1.405
257,93.075,1.405
258,93.075,1.405
259,93.075,1.405
260,93.075,1.405
261,93.075,1.405
262,93.075,1.405
263,93.075,1.405
264,93.075,1.405
265,93.075,1.405
266,93.075,1.405
267,93.075,1.405
268,93.075,1.405
269,93.075,1.405
270,93.075,1.405
271,93.075,1.405
272,93.075,1.405
273,93.075,1.405
274,93.075,1.405
275,93.075,1.405
276,93.075,1.405
277,93.075,1.405
278,93.075,1.405
279,93.075,1.405
280,93.075,1.405
281,93.075,1.405
282,93.075,1.405
283,93.075,1.405
284,93.075,1.405
285,93.075,1.405
286,93.075,1.405
287,93.075,1.405
288,93.075,1.405
289,93.075,1.405
290,93.075,1.405
291,93.075,1.405
292,93.075,1.405
293,93.075,1.405
294,93.075,1.405
295,93.075,1.405
296,93.075,1.405
297,93.075,1.405
298,93.075,1.405
299,93.075,1.405
300,93.075,1.405
301,93.075,1.405
302,93.075,1.405
303,93.075,1.405
304,93.075,1.405
305,93.075,1.405
306,93.075,1.405
307,93.075,1.405
308,93.075,1.405
309,93.075,1.405
310,93.075,1.405
311,93.075,1.405
312,93.075,1.405
313,93.075,1.405
314,93.075,1.405
315,93.075,1.405
316,93.075,1.405
317,93.075,1.405
318,93.075,1.405
319,93.075,1.405
320,93.075,1.405
321,93.075,1.405
322,93.075,1.405
323,93.075,1.405
324,93.075,1.405
325,93.075,1.405
326,93.075,1.405
327,93.075,1.405
328,93.075,1.405
329,93.075,1.405
330,93.075,1.405
331,93.075,1.405
332,93.075,1.405
333,93.075,1.405
334,93.075,1.405
335,93.075,1.405
336,93.075,1.405
337,93.075,1.405
338,93.075,1.405
339,93.075,1.405
340,93.075,1.405
341,93.075,1.405
342,93.075,1.405
343,93.075,1.405
344,93.075,1.405
345,93.075,1.405
346,93.075,1.405
347,93.075,1.405
348,93.075,1.405
349,93.075,1.405
350,93.075,1.405
351,93.075,1.405
352,93.075,1.405
353,93.075,1.405
354,93.075,1.405
355,93.075,1.405
356,93.075,1.405
357,93.075,1.405
358,93.075,1.405
359,93.075,1.405
360,93.075,1.405
361,93.075,1.405
362,93.075,1.405
363,93.075,1.405
364,93.075,1.405
365,93.075,1.405
366,93.075,1.405
367,93.075,1.405
368,93.075,1.405
369,93.075,1.405
370,93.075,1.405
371,93.075,1.405
372,93.075,1.405
373,93.075,1.405
374,93.075,1.405
375,93.075,1.405
376,93.075,1.405
377,93.075,1.405
378,93.075,1.405
379,93.075,1.405
380,93.075,1.405
381,93.075,1.405
382,93.075,1.405
383,93.075,1.405
384,93.075,1.405
385,93.075,1.405
386,93.075,1.405
387,93.075,1.405
388,93.075,1.405
389,93.075,1.405
390,93.075,1.405
391,93.075,1.405
392,93.075,1.405
393,93.075,1.405
394,93.075,1.405
395,93.075,1.405
396,93.075,1.405
397,93.075,1.405
398,93.075,1.405
399,93.075,1.405
400,93.075,1.405
401,93.075,1.405
402,93.075,1.405
403,93.075,1.405
404,93.075,1.405
405,93.075,1.405
406,93.075,1.405
407,93.075,1.405
408,93.075,1.405
409,93.075,1.405
410,93.075,1.405
411,93.075,1.405
412,93.075,1.405
413,93.075,1.405
414,93.075,1.405
415,93.075,1.405
416,93.075,1.405
417,93.075,1.405
418,93.075,1.405
419,93.075,1.405
420,93.075,1.405
421,93.075,1.405
422,93.075,1.405
423,93.075,1.405
424,93.075,1.405
425,93.075,1.405
426,93.075,1.405
427,93.075,1.405
428,93.075,1.405
429,93.075,1.405
430,93.075,1.405
431,93.075,1.405
432,93.075,1.405
433,93.075,1.405
434,93.075,1.405
435,93.075,1.405
436,93.075,1.405
437,93.075,1.405
438,93.075,1.405
439,93.075,1.405
440,93.075,1.405
441,93.075,1.405
442,93.075,1.405
443,93.075,1.405
444,93.075,1.405
445,93.075,1.405
446,93.075,1.405
447,93.075,1.405
448,93.075,1.405
449,93.075,1.405
450,93.075,1.405
451,93.075,1.405
452,93.075,1.405
453,93.075,1.405
454,93.075,1.405
455,93.075,1.405
456,93.075,1.405
457,93.075,1.405
458,93.075,1.405
459,93.075,1.405
460,93.075,1.405
461,93.075,1.405
462,93.075,1.405
463,93.075,1.405
464,93.075,1.405
465,93.075,1.405
466,93.075,1.405
467,93.075,1.405
468,93.075,1.405
469,93.075,1.405
470,93.075,1.405
471,93.075,1.405
472,93.075,1.405
473,93.075,1.405
474,93.075,1.405
475,93.075,1.405
476,93.075,1.405
477,93.075,1.405
478,93.075,1.405
479,93.075,1.405
480,93.075,1.405
481,93.075,1.405
482,93.075,1.405
483,93.075,1.405
484,93.075,1.405
485,93.075,1.405
486,93.075,1.405
487,93.075,1.405
488,93.075,1.405
489,93.075,1.405
490,93.075,1.405
491,93.075,1.405
492,93.075,1.405
493,93.075,1.405
494,93.075,1.405
495,93.075,1.405
496,93.075,1.405
497,93.075,1.405
498,93.075,1.405
499,93.075,1.405
500,93.075,1.405
501,93.075,1.405
502,93.075,1.405
503,93.075,1.405
504,93.075,1.405
505,93.075,1.405
506,93.075,1.405
507,93.075,1.405
508,93.075,1.405
509,93.075,1.405
510,93.075,1.405
511,93.075,1.405
512,93.075,1.405
513,93.075,1.405
514,93.075,1.405
515,93.075,1.405
516,93.075,1.405
517,93.075,1.405
518,93.075,1.405
519,93.075,1.405
520,93.075,1.405
521,93.075,1.405
522,93.075,1.405
523,93.075,1.405
524,93.075,1.405
525,93.075,1.405
526,93.075,1.405
527,93.075,1.405
528,93.075,1.405
529,93.075,1.405
530,93.075,1.405
531,93.075,1.405
532,93.075,1.405
533,93.075,1.405
534,93.075,1.405
535,93.075,1.405
536,93.075,1.405
537,93.075,1.405
538,93.075,1.405
539,93.075,1.405
540,93.075,1.405
541,93.075,1.405
542,93.075,1.405
543,93.075,1.405
544,93.075,1.405
545,93.075,1.405
546,93.075,1.405
547,93.075,1.405
548,93.075,1.405
549,93.075,1.405
550,93.075,1.405
551,93.075,1.405
552,93.075,1.405
553,93.075,1.405
554,93.075,1.405
555,93.075,1.405
556,93.075,1.405
557,93.075,1.405
558,93.075,1.405
559,93.075,1.405
560,93.075,1.405
561,93.075,1.405
562,93.075,1.405
563,93.075,1.405
564,93.075,1.405
565,93.075,1.405
566,93.075,1.405
567,93.075,1.405
568,93.075,1.405
569,93.075,1.405
570,93.075,1.405
571,93.075,1.405
572,93.075,1.405
573,93.075,1.405
574,93.075,1.405
575,93.075,1.405
576,93.075,1.405
577,93.075,1.405
578,93.075,1.405
579,93.075,1.405
580,93.075,1.405
581,93.075,1.405
582,93.075,1.405
583,93.075,1.405
584,93.075,1.405
585,93.075,1.405
586,93.075,1.405
587,93.075,1.405
588,93.075,1.405
589,93.075,1.405
590,93.075,1.405
591,93.075,1.405
592,93.075,1.405
593,93.075,1.405
594,93.075,1.405
595,93.075,1.405
596,93.075,1.405
597,93.075,1.405
598,93.075,1.405
599,93.075,1.405
600,93.075,1.405
601,93.075,1.405
602,93.075,1.405
603,93.075,1.405
604,93.075,1.405
605,93.075,1.405
606,93.075,1.405
607,93.075,1.405
608,93.075,1.405
609,93.075,1.405
610,93.075,1.405
611,93.075,1.405
612,93.075,1.405
613,93.075,1.405
614,93.075,1.405
615,93.075,1.405
616,93.075,1.405
617,93.075,1.405
618,93.075,1.405
619,93.075,1.405
620,93.075,1.405
621,93.075,1.405
622,93.075,1.405
623,93.075,1.405
624,93.075,1.405
625,93.075,1.405
626,93.075,1.405
627,93.075,1.405
628,93.075,1.405
629,93.075,1.405
630,93.075,1.405
631,93.075,1.405
632,93.075,1.405
633,93.075,1.405
634,93.075,1.405
635,93.075,1.405
636,93.075,1.405
637,93.075,1.405
638,93.075,1.405
639,93.075,1.405
640,93.075,1.405
641,93.075,1.405
642,93.075,1.405
643,93.075,1.405
644,93.075,1.405
645,93.075,1.405
646,93.075,1.405
647,93.075,1.405
648,93.075,1.405
649,93.075,1.405
650,93.075,1.405
651,93.075,1.405
652,93.075,1.405
653,93.075,1.405
654,93.075,1.405
655,93.075,1.405
656,93.075,1.405
657,93.075,1.405
658,93.075,1.405
659,93.075,1.405
660,93.075,1.405
661,93.075,1.405
662,93.075,1.405
663,93.075,1.405
664,93.075,1.405
665,93.075,1.405
666,93.075,1.405
667,93.075,1.405
668,93.075,1.405
669,93.075,1.405
670,93.075,1.405
671,93.075,1.405
672,93.075,1.405
673,93.075,1.405
674,93.075,1.405
675,93.075,1.405
676,93.075,1.405
677,93.075,1.405
678,93.075,1.405
679,93.075,1.405
680,93.075,1.405
681,93.075,1.405
682,93.075,1.405
683,93.075,1.405
684,93.075,1.405
685,93.075,1.405
686,93.075,1.405
687,93.075,1.405
688,93.075,1.405
689,93.075,1.405
690,93.075,1.405
691,93.075,1.405
692,93.075,1.405
693,93.075,1.405
694,93.075,1.405
695,93.075,1.405
696,93.075,1.405
697,93.075,1.405
698,93.075,1.405
699,93.075,1.405
700,93.075,1.405
701,93.075,1.405
702,93.075,1.405
703,93.075,1.405
704,93.075,1.405
705,93.075,1.405
706,93.075,1.405
707,93.075,1.405
708,93.075,1.405
709,93.075,1.405
710,93.075,1.405
711,93.075,1.405
712,93.075,1.405
713,93.075,1.405
714,93.075,1.405
715,93.075,1.405
716,93.075,1.405
717,93.075,1.405
718,93.075,1.405
719,93.075,1.405
720,93.075,1.405
721,93.075,1.405
722,93.075,1.405
723,93.075,1.405
724,93.075,1.405
725,93.075,1.405
726,93.075,1.405
727,93.075,1.405
728,93.075,1.405
729,93.075,1.405
730,93.075,1.405
731,93.075,1.405
732,93.075,1.405
733,93.075,1.405
734,93.075,1.405
735,93.075,1.405
736,93.075,1.405
737,93.075,1.405
738,93.075,1.405
739,93.075,1.405
740,93.075,1.405
741,93.075,1.405
742,93.075,1.405
743,93.075,1.405
744,93.075,1.405
745,93.075,1.405
746,93.075,1.405
747,93.075,1.405
748,93.075,1.405
749,93.075,1.405
750,93.075,1.405
751,93.075,1.405
752,93.075,1.405
753,93.075,1.405
754,93.075,1.405
755,93.075,1.405
756,93.075,1.405
757,93.075,1.405
758,93.075,1.405
759,93.075,1.405
760,93.075,1.405
761,93.075,1.405
762,93.075,1.405
763,93.075,1.405
764,93.075,1.405
765,93.075,1.405
766,93.075,1.405
767,93.075,1.405
768,93.075,1.405
769,93.075,1.405
770,93.075,1.405
771,93.075,1.405
772,93.075,1.405
773,93.075,1.405
774,93.075,1.405
775,93.075,1.405
776,93.075,1.405
777,93.075,1.405
778,93.075,1.405
779,93.075,1.405
780,93.075,1.405
781,93.075,1.405
782,93.075,1.405
783,93.075,1.405
784,93.075,1.405
785,93.075,1.405
786,93.075,1.405
787,93.075,1.405
788,93.075,1.405
789,93.075,1.405
790,93.075,1.405
791,93.075,1.405
792,93.075,1.405
793,93.075,1.405
794,93.075,1.405
795,93.075,1.405
796,93.075,1.405
797,93.075,1.405
798,93.075,1.405
799,93.075,1.405
800,93.075,1.405
801,93.075,1.405
802,93.075,1.405
803,93.075,1.405
804,93.075,1.405
805,93.075,1.405
806,93.075,1.405
807,93.075,1.405
808,93.075,1.405
809,93.075,1.405
810,93.075,1.405
811,93.075,1.405
812,93.075,1.405
813,93.075,1.405
814,93.075,1.405
815,93.075,1.405
816,93.075,1.405
817,93.075,1.405
818,93.075,1.405
819,93.075,1.405
820,93.075,1.405
821,93.075,1.405
822,93.075,1.405
823,93.075,1.405
824,93.075,1.405
825,93.075,1.405
826,93.075,1.405
827,93.075,1.405
828,93.075,1.405
829,93.075,1.405
830,93.075,1.405
831,93.075,1.405
832,93.075,1.405
833,93.075,1.405
834,93.075,1.405
835,93.075,1.405
836,93.075,1.405
837,93.075,1.405
838,93.075,1.405
839,93.075,1.405
840,93.075,1.405
841,93.075,1.405
842,93.075,1.405
843,93.075,1.405
844,93.075,1.405
845,93.075,1.405
846,93.075,1.405
847,93.075,1.405
848,93.075,1.405
849,93.075,1.405
850,93.075,1.405
851,93.075,1.405
852,93.075,1.405
853,93.075,1.405
854,93.075,1.405
855,93.075,1.405
856,93.075,1.405
857,93.075,1.405
858,93.075,1.405
859,93.075,1.405
860,93.075,1.405
861,93.075,1.405
862,93.075,1.405
863,93.075,1.405
864,93.075,1.405
865,93.075,1.405
866,93.075,1.405
867,93.075,1.405
868,93.075,1.405
869,93.075,1.405
870,93.075,1.405
871,93.075,1.405
872,93.075,1.405
873,93.075,1.405
874,93.075,1.405
875,93.075,1.405
876,93.075,1.405
877,93.075,1.405
878,93.075,1.405
879,93.075,1.405
880,93.075,1.405
881,93.075,1.405
882,93.075,1.405
883,93.075,1.405
884,93.075,1.405
885,93.075,1.405
886,93.075,1.405
887,93.075,1.405
888,93.075,1.405
889,93.075,1.405
890,93.075,1.405
891,93.075,1.405
892,93.075,1.405
893,93.075,1.405
894,93.075,1.405
895,93.075,1.405
896,93.075,1.405
897,93.075,1.405
898,93.075,1.405
899,93.075,1.405
900,93.075,1.405
901,93.075,1.405
902,93.075,1.405
903,93.075,1.405
904,93.075,1.405
905,93.075,1.405
906,93.075,1.405
907,93.075,1.405
908,93.075,1.405
909,93.075,1.405
910,93.075,1.405
911,93.075,1.405
912,93.075,1.405
913,93.075,1.405
914,93.075,1.405
915,93.075,1.405
916,93.075,1.405
917,93.075,1.405
918,93.075,1.405
919,93.075,1.405
920,93.075,1.405
921,93.075,1.405
922,93.075,1.405
923,93.075,1.405
924,93.075,1.405
925,93.075,1.405
926,93.075,1.405
927,93.075,1.405
928,93.075,1.405
929,93.075,1.405
930,93.075,1.405
931,93.075,1.405
932,93.075,1.405
933,93.075,1.405
934,93.075,1.405
935,93.075,1.405
936,93.075,1.405
937,93.075,1.405
938,93.075,1.405
939,93.075,1.405
940,93.075,1.405
941,93.075,1.405
942,93.075,1.405
943,93.075,1.405
944,93.075,1.405
945,93.075,1.405
946,93.075,1.405
947,93.075,1.405
948,93.075,1.405
949,93.075,1.405
950,93.075,1.405
951,93.075,1.405
952,93.075,1.405
953,93.075,1.405
954,93.075,1.405
955,93.075,1.405
956,93.075,1.405
957,93.075,1.405
958,93.075,1.405
959,93.075,1.405
960,93.075,1.405
961,93.075,1.405
962,93.075,1.405
963,93.075,1.405
964,93.075,1.405
965,93.075,1.405
966,93.075,1.405
967,93.075,1.405
968,93.075,1.405
969,93.075,1.405
970,93.075,1.405
971,93.075,1.405
972,93.075,1.405
973,93.075,1.405
974,93.075,1.405
975,93.075,1.405
976,93.075,1.405
977,93.075,1.405
978,93.075,1.405
979,93.075,1.405
980,93.075,1.405
981,93.075,1.405
982,93.075,1.405
983,93.075,1.405
984,93.075,1.405
985,93.075,1.405
986,93.075,1.405
987,93.075,1.405
988,93.075,1.405
989,93.075,1.405
990,93.075,1.405
991,93.075,1.405
992,93.075,1.405
993,93.075,1.405
994,93.075,1.405
995,93.075,1.405
996,93.075,1.405
997,93.075,1.405
998,93.075,1.405
999,93.075,1.405
1000,93.075,1.405
1001,93.075,1.405
1002,93.075,1.405
1003,93.075,1.405
1004,93.075,1.405
1005,93.075,1.405
1006,93.075,1.405
1007,93.075,1.405
1008,93.075,1.405
1009,93.075,1.405
1010,93.075,1.405
1011,93.075,1.405
1012,93.075,1.405
1013,93.075,1.405
1014,93.075,1.405
1015,93.075,1.405
1016,93.075,1.405
1017,93.075,1.405
1018,93.075,1.405
1019,93.075,1.405
1020,93.075,1.405
1021,93.075,1.405
1022,93.075,1.405
1023,93.075,1.405
1024,93.075,1.405
1025,93.075,1.405
1026,93.075,1.405
1027,93.075,1.405
1028,93.075,1.405
1029,93.075,1.405
1030,93.075,1.405
1031,93.075,1.405
1032,93.075,1.405
1033,93.075,1.405
1034,93.075,1.405
1035,93.075,1.405
1036,93.075,1.405
1037,93.075,1.405
1038,93.075,1.405
1039,93.075,1.405
1040,93.075,1.405
1041,93.075,1.405
1042,93.075,1.405
1043,93.075,1.405
1044,93.075,1.405
1045,93.075,1.405
1046,93.075,1.405
1047,93.075,1.405
1048,93.075,1.405
1049,93.075,1.405
1050,93.075,1.405
1051,93.075,1.405
1052,93.075,1.405
1053,93.075,1.405
1054,93.075,1.405
1055,93.075,1.405
1056,93.075,1.405
1057,93.075,1.405
1058,93.075,1.405
1059,93.075,1.405
1060,93.075,1.405
1061,93.075,1.405
1062,93.075,1.405
1063,93.075,1.405
1064,93.075,1.405
1065,93.075,1.405
1066,93.075,1.405
1067,93.075,1.405
1068,93.075,1.405
1069,93.075,1.405
1070,93.075,1.405
1071,93.075,1.405
1072,93.075,1.405
1073,93.075,1.405
1074,93.075,1.405
1075,93.075,1.405
1076,93.075,1.405
1077,93.075,1.405
1078,93.075,1.405
1079,93.075,1.405
1080,93.075,1.405
1081,93.075,1.405
1082,93.075,1.405
1083,93.075,1.405
1084,93.075,1.405
1085,93.075,1.405
1086,93.075,1.405
1087,93.075,1.405
1088,93.075,1.405
1089,93.075,1.405
1090,93.075,1.405
1091,93.075,1.405
1092,93.075,1.405
1093,93.075,1.405
1094,93.075,1.405
1095,93.075,1.405
1096,93.075,1.405
1097,93.075,1.405
1098,93.075,1.405
1099,93.075,1.405
1100,93.075,1.405
1101,93.075,1.405
1102,93.075,1.405
1103,93.075,1.405
1104,93.075,1.405
1105,93.075,1.405
1106,93.075,1.405
1107,93.075,1.405
1108,93.075,1.405
1109,93.075,1.405
1110,93.075,1.405
1111,93.075,1.405
1112,93.075,1.405
1113,93.075,1.405
1114,93.075,1.405
1115,93.075,1.405
1116,93.075,1.405
1117,93.075,1.405
1118,93.075,1.405
1119,93.075,1.405
1120,93.075,1.405
1121,93.075,1.405
1122,93.075,1.405
1123,93.075,1.405
1124,93.075,1.405
1125,93.075,1.405
1126,93.075,1.405
1127,93.075,1.405
1128,93.075,1.405
1129,93.075,1.405
1130,93.075,1.405
1131,93.075,1.405
1132,93.075,1.405
1133,93.075,1.405
1134,93.075,1.405
1135,93.075,1.405
1136,93.075,1.405
1137,93.075,1.405
1138,93.075,1.405
1139,93.075,1.405
1140,93.075,1.405
1141,93.075,1.405
1142,93.075,1.405
1143,93.075,1.405
1144,93.075,1.405
1145,93.075,1.405
1146,93.075,1.405
1147,93.075,1.405
1148,93.075,1.405
1149,93.075,1.405
1150,93.075,1.405
1151,93.075,1.405
1152,93.075,1.405
1153,93.075,1.405
1154,93.075,1.405
1155,93.075,1.405
1156,93.075,1.405
1157,93.075,1.405
1158,93.075,1.405
1159,93.075,1.405
1160,93.075,1.405
1161,93.075,1.405
1162,93.075,1.405
1163,93.075,1.405
1164,93.075,1.405
1165,93.075,1.405
1166,93.075,1.405
1167,93.075,1.405
1168,93.075,1.405
1169,93.075,1.405
1170,93.075,1.405
1171,93.075,1.405
1172,93.075,1.405
1173,93.075,1.405
1174,93.075,1.405
1175,93.075,1.405
1176,93.075,1.405
1177,93.075,1.405
1178,93.075,1.405
1179,93.075,1.405
1180,93.075,1.405
1181,93.075,1.405
1182,93.075,1.405
1183,93.075,1.405
1184,93.075,1.405
1185,93.075,1.405
1186,93.075,1.405
1187,93.075,1.405
1188,93.075,1.405
1189,93.075,1.405
1190,93.075,1.405
1191,93.075,1.405
1192,93.075,1.405
1193,93.075,1.405
1194,93.075,1.405
1195,93.075,1.405
1196,93.075,1.405
1197,93.075,1.405
1198,93.075,1.405
1199,93.075,1.405
1200,93.075,1.405
1201,93.075,1.405
1202,93.075,1.405
1203,93.075,1.405
1204,93.075,1.405
1205,93.075,1.405
1206,93.075,1.405
1207,93.075,1.405
1208,93.075,1.405
1209,93.075,1.405
1210,93.075,1.405
1211,93.075,1.405
1212,93.075,1.405
1213,93.075,1.405
1214,93.075,1.405
1215,93.075,1.405
1216,93.075,1.406
1217,93.075,1.406
1218,93.075,1.406
1219,93.075,1.406
1220,93.075,1.406
1221,93.075,1.406
1222,93.075,1.406
1223,93.075,1.406
1224,93.075,1.406
1225,93.075,1.406
1226,93.075,1.406
1227,93.075,1.406
1228,93.075,1.406
1229,93.075,1.406
1230,93.075,1.406
1231,93.075,1.406
1232,93.075,1.406
1233,93.075,1.406
1234,93.075,1.406
1235,93.075,1.406
1236,93.075,1.406
1237,93.075,1.406
1238,93.075,1.406
1239,93.075,1.406
1240,93.075,1.406
1241,93.075,1.4
1242,93.075,1.4
1243,93.075,1.4
1244,93.075,1.4
1245,93.075,1.4
1246,93.075,1.4
1247,93.075,1.4
1248,93.075,1.4
1249,93.075,1.4
1250,93.075,1.4
1251,93.075,1.4
1252,93.075,1.4
1253,93.075,1.4
1254,93.075,1.392
1255,93.075,1.392
1256,93.075,1.392
1257,93.075,1.392
1258,93.075,1.392
1259,93.075,1.392
1260,93.075,1.392
1261,93.075,1.392
1262,93.075,1.392
1263,93.075,1.392
1264,93.075,1.392
1265,93.075,1.392
1266,93.075,1.392
1267,93.075,1.392
1268,93.075,1.392
1269,93.075,1.392
1270,93.075,1.392
1271,93.075,1.392
1272,93.075,1.392
1273,93.075,1.392
1274,93.075,1.392
1275,93.075,1.384
1276,93.075,1.384
1277,93.075,1.384
1278,93.075,1.384
1279,93.075,1.384
1280,93.075,1.384
1281,93.075,1.384
1282,93.075,1.384
1283,93.075,1.384
1284,93.075,1.372
1285,93.075,1.372
1286,93.075,1.372
1287,93.075,1.372
1288,93.075,1.372
1289,93.075,1.372
1290,93.075,1.372
1291,93.075,1.372
1292,93.075,1.372
1293,93.075,1.372
1294,93.075,1.365
1295,93.075,1.365
1296,93.075,1.365
1297,93.075,1.365
1298,93.075,1.365
1299,93.075,1.365
1300,93.075,1.365
1301,93.075,1.365
1302,93.075,1.365
1303,93.075,1.365
1304,93.075,1.365
1305,93.075,1.365
1306,93.075,1.365
1307,93.075,1.365
1308,93.075,1.365
1309,93.075,1.365
1310,93.075,1.365
1311,93.075,1.365
1312,93.075,1.365
1313,93.075,1.365
1314,93.075,1.365
1315,93.075,1.365
1316,93.075,1.365
1317,93.075,1.365
1318,93.075,1.365
1319,93.075,1.365
1320,93.075,1.365
1321,93.075,1.365
1322,93.075,1.365
1323,93.075,1.365
1324,93.075,1.365
1325,93.075,1.365
1326,93.075,1.365
1327,93.075,1.365
1328,93.075,1.365
1329,93.075,1.365
1330,93.075,1.365
1331,93.075,1.365
1332,93.075,1.365
1333,93.075,1.365
1334,93.075,1.365
1335,93.075,1.365
1336,93.075,1.365
1337,93.075,1.365
1338,93.075,1.365
1339,93.075,1.365
1340,93.075,1.365
1341,93.075,1.365
1342,93.075,1.365
1343,93.075,1.365
1344,93.075,1.365
1345,93.075,1.365
1346,93.075,1.365
1347,93.075,1.365
1348,93.075,1.365
1349,93.075,1.365
1350,93.075,1.365
1351,93.075,1.365
1352,93.075,1.365
1353,93.075,1.365
1354,93.075,1.365
1355,93.075,1.365
1356,93.075,1.365
1357,93.075,1.365
1358,93.075,1.365
1359,93.075,1.365
1360,93.075,1.365
1361,93.075,1.365
1362,93.075,1.365
1363,93.075,1.365
1364,93.075,1.365
1365,93.075,1.365
1366,93.075,1.365
1367,93.075,1.365
1368,93.075,1.365
1369,93.075,1.365
1370,93.075,1.365
1371,93.075,1.365
1372,93.075,1.365
1373,93.075,1.365
1374,93.075,1.365
1375,93.075,1.365
1376,93.075,1.365
1377,93.075,1.365
1378,93.075,1.365
1379,93.075,1.365
1380,93.075,1.365
1381,93.075,1.365
1382,93.075,1.365
1383,93.075,1.365
1384,93.075,1.365
1385,93.075,1.365
1386,93.075,1.365
1387,93.075,1.365
1388,93.075,1.365
1389,93.075,1.365
1390,93.075,1.365
1391,93.075,1.365
1392,93.075,1.365
1393,93.075,1.365
1394,93.075,1.365
1395,93.075,1.365
1396,93.075,1.365
1397,93.075,1.365
1398,93.075,1.365
1399,93.075,1.365
1400,93.075,1.365
1401,93.075,1.365
1402,93.075,1.365
1403,93.075,1.365
1404,93.075,1.365
1405,93.075,1.365
1406,93.075,1.365
1407,93.075,1.365
1408,93.075,1.365
1409,93.075,1.365
1410,93.075,1.365
1411,93.075,1.365
1412,93.075,1.365
1413,93.075,1.365
1414,93.075,1.365
1415,93.075,1.365
1416,93.075,1.365
1417,93.075,1.365
1418,93.075,1.365
1419,93.075,1.365
1420,93.075,1.365
1421,93.075,1.365
1422,93.075,1.365
1423,93.075,1.365
1424,93.075,1.365
1425,93.075,1.365
1426,93.075,1.365
1427,93.075,1.365
1428,93.075,1.365
1429,93.075,1.365
1430,93.075,1.365
1431,93.075,1.365
1432,93.075,1.365
1433,93.075,1.365
1434,93.075,1.365
1435,93.075,1.365
1436,93.075,1.365
1437,93.075,1.365
1438,93.075,1.365
1439,93.075,1.365
1440,93.075,1.365
1441,93.075,1.365
1442,93.075,1.365
1443,93.075,1.365
1444,93.075,1.365
1445,93.075,1.365
1446,93.075,1.365
1447,93.075,1.365
1448,93.075,1.365
1449,93.075,1.365
1450,93.075,1.365
1451,93.075,1.365
1452,93.075,1.365
1453,93.075,1.365
1454,93.075,1.365
1455,93.075,1.365
1456,93.075,1.365
1457,93.075,1.365
1458,93.075,1.365
1459,93.075,1.365
1460,93.075,1.365
1461,93.075,1.365
1462,93.075,1.365
1463,93.075,1.365
1464,93.075,1.365
1465,93.075,1.365
1466,93.075,1.365
1467,93.075,1.365
1468,93.075,1.365
1469,93.075,1.365
1470,93.075,1.365
1471,93.075,1.365
1472,93.075,1.365
1473,93.075,1.365
1474,93.075,1.365
1475,93.075,1.365
1476,93.075,1.365
1477,93.075,1.365
1478,93.075,1.365
1479,93.075,1.365
1480,93.075,1.365
1481,93.075,1.365
1482,93.075,1.365
1483,93.075,1.365
1484,93.075,1.365
1485,93.075,1.365
1486,93.075,1.365
1487,93.075,1.365
1488,93.075,1.365
1489,93.075,1.365
1490,93.075,1.365
1491,93.075,1.365
1492,93.075,1.365
1493,93.075,1.365
1494,93.075,1.365
1495,93.075,1.365
1496,93.075,1.365
1497,93.075,1.365
1498,93.075,1.365
1499,93.075,1.365
1500,93.075,1.365
1501,93.075,1.365
1502,93.075,1.365
1503,93.075,1.365
1504,93.075,1.365
1505,93.075,1.365
1506,93.075,1.365
1507,93.075,1.365
1508,93.075,1.365
1509,93.075,1.365
1510,93.075,1.365
1511,93.075,1.365
1512,93.075,1.365
1513,93.075,1.365
1514,93.075,1.365
1515,93.075,1.365
1516,93.075,1.365
1517,93.075,1.365
1518,93.075,1.365
1519,93.075,1.365
1520,93.075,1.365
1521,93.075,1.365
1522,93.075,1.365
1523,93.075,1.365
1524,93.075,1.365
1525,93.075,1.365
1526,93.075,1.365
1527,93.075,1.365
1528,93.075,1.365
1529,93.075,1.365
1530,93.075,1.365
1531,93.075,1.365
1532,93.075,1.365
1533,93.075,1.365
1534,93.075,1.365
1535,93.075,1.365
1536,93.075,1.365
1537,93.075,1.365
1538,93.075,1.365
1539,93.075,1.365
1540,93.075,1.365
1541,93.075,1.365
1542,93.075,1.365
1543,93.075,1.365
1544,93.075,1.365
1545,93.075,1.365
1546,93.075,1.365
1547,93.075,1.365
1548,93.075,1.365
1549,93.075,1.365
1550,93.075,1.365
1551,93.075,1.365
1552,93.075,1.365
1553,93.075,1.365
1554,93.075,1.365
1555,93.075,1.365
1556,93.075,1.365
1557,93.075,1.365
1558,93.075,1.365
1559,93.075,1.365
1560,93.075,1.365
1561,93.075,1.365
1562,93.075,1.365
1563,93.075,1.365
1564,93.075,1.365
1565,93.075,1.365
1566,93.075,1.365
1567,93.075,1.365
1568,93.075,1.365
1569,93.075,1.365
1570,93.075,1.365
1571,93.075,1.365
1572,93.075,1.365
1573,93.075,1.365
1574,93.075,1.365
1575,93.075,1.365
1576,93.075,1.365
1577,93.075,1.365
1578,93.075,1.365
1579,93.075,1.365
1580,93.075,1.365
1581,93.075,1.365
1582,93.075,1.365
1583,93.075,1.365
1584,93.075,1.365
1585,93.075,1.365
1586,93.075,1.365
1587,93.075,1.365
1588,93.075,1.365
1589,93.075,1.365
1590,93.075,1.365
1591,93.075,1.365
1592,93.075,1.365
1593,93.075,1.365
1594,93.075,1.365
1595,93.075,1.365
1596,93.075,1.365
1597,92.893,1.354
1598,92.893,1.354
1599,92.893,1.354
1600,92.893,1.354
1601,92.893,1.354
1602,92.893,1.354
1603,92.893,1.354
1604,92.893,1.354
1605,92.893,1.354
1606,92.893,1.354
1607,92.893,1.354
1608,92.893,1.354
1609,92.893,1.354
1610,92.893,1.354
1611,92.893,1.354
1612,92.893,1.354
1613,92.893,1.354
1614,92.893,1.354
1615,92.893,1.354
1616,92.893,1.354
1617,92.893,1.354
1618,92.893,1.354
1619,92.893,1.354
1620,92.893,1.354
1621,92.893,1.354
1622,92.893,1.354
1623,92.893,1.354
1624,92.893,1.354
1625,92.893,1.354
1626,92.893,1.354
1627,92.893,1.354
1628,92.893,1.354
1629,92.893,1.354
1630,92.893,1.354
1631,92.893,1.354
1632,92.893,1.354
1633,92.893,1.354
1634,92.893,1.354
1635,92.893,1.354
1636,92.893,1.354
1637,92.893,1.354
1638,92.893,1.354
1639,92.893,1.354
1640,92.893,1.354
1641,92.893,1.354
1642,92.893,1.354
1643,92.893,1.354
1644,92.893,1.354
1645,92.893,1.354
1646,92.893,1.354
1647,92.893,1.354
1648,92.893,1.354
1649,92.893,1.354
1650,92.893,1.354
1651,92.893,1.354
1652,92.893,1.354
1653,92.893,1.354
1654,92.893,1.354
1655,92.893,1.354
1656,92.893,1.354
1657,92.893,1.354
1658,92.893,1.354
1659,92.893,1.354
1660,92.893,1.354
1661,92.893,1.354
1662,92.893,1.354
1663,92.893,1.354
1664,92.893,1.354
1665,92.893,1.354
1666,92.893,1.354
1667,92.893,1.354
1668,92.893,1.354
1669,92.893,1.354
1670,92.893,1.354
1671,92.893,1.354
1672,92.893,1.354
1673,92.893,1.354
1674,92.893,1.354
1675,92.893,1.354
1676,92.893,1.354
1677,92.893,1.354
1678,92.893,1.354
1679,92.893,1.354
1680,92.893,1.354
1681,92.893,1.354
1682,92.893,1.354
1683,92.893,1.354
1684,92.893,1.354
1685,92.893,1.354
1686,92.893,1.354
1687,92.893,1.354
1688,92.893,1.354
1689,92.893,1.354
1690,92.893,1.354
1691,92.893,1.354
1692,92.893,1.354
1693,92.893,1.354
1694,92.893,1.354
1695,92.893,1.354
1696,92.893,1.354
1697,92.893,1.354
1698,92.893,1.354
1699,92.893,1.354
1700,92.893,1.354
1701,92.893,1.354
1702,92.893,1.354
1703,92.893,1.354
1704,92.893,1.354
1705,92.893,1.354
1706,92.893,1.354
1707,92.893,1.354
1708,92.893,1.354
1709,92.893,1.354
1710,92.893,1.354
1711,92.893,1.354
1712,92.893,1.354
1713,92.893,1.354
1714,92.893,1.354
1715,92.893,1.354
1716,92.893,1.354
1717,92.893,1.354
1718,92.893,1.354
1719,92.893,1.354
1720,92.893,1.354
1721,92.893,1.354
1722,92.893,1.354
1723,92.893,1.354
1724,92.893,1.354
1725,92.893,1.354
1726,92.893,1.354
1727,92.893,1.354
1728,92.893,1.354
1729,92.893,1.354
1730,92.893,1.354
1731,92.893,1.354
1732,92.893,1.354
1733,92.893,1.354
1734,92.893,1.354
1735,92.893,1.354
1736,92.893,1.354
1737,92.893,1.354
1738,92.893,1.354
1739,92.893,1.354
1740,92.893,1.354
1741,92.893,1.354
1742,92.893,1.354
1743,92.893,1.354
1744,92.893,1.354
1745,92.893,1.354
1746,92.893,1.354
1747,92.893,1.354
1748,92.893,1.354
1749,92.893,1.354
1750,92.893,1.354
1751,92.893,1.354
1752,92.893,1.354
1753,92.893,1.354
1754,92.893,1.354
1755,92.893,1.354
1756,92.893,1.354
1757,92.893,1.354
1758,92.893,1.354
1759,92.893,1.354
1760,92.893,1.354
1761,92.893,1.354
1762,92.893,1.354
1763,92.893,1.354
1764,92.893,1.354
1765,92.893,1.354
1766,92.893,1.354
1767,92.893,1.354
1768,92.893,1.354
1769,92.893,1.354
1770,92.893,1.354
1771,92.893,1.354
1772,92.893,1.354
1773,92.893,1.354
1774,92.893,1.354
1775,92.893,1.354
1776,92.893,1.354
1777,92.893,1.354
1778,92.893,1.354
1779,92.893,1.354
1780,92.893,1.354
1781,92.893,1.354
1782,92.893,1.354
1783,92.893,1.354
1784,92.893,1.354
1785,92.893,1.354
1786,92.893,1.354
1787,92.893,1.354
1788,92.893,1.354
1789,92.893,1.354
1790,92.893,1.354
1791,92.893,1.354
1792,92.893,1.354
1793,92.893,1.354
1794,92.893,1.354
1795,92.893,1.354
1796,92.893,1.354
1797,92.893,1.354
1798,92.893,1.354
1799,92.893,1.354
1800,92.893,1.354
1801,92.893,1.354
1802,92.893,1.354
1803,92.893,1.354
1804,92.893,1.354
1805,92.893,1.354
1806,92.893,1.354
1807,92.893,1.354
1808,92.893,1.354
1809,92.893,1.354
1810,92.893,1.354
1811,92.893,1.354
1812,92.893,1.344
1813,92.893,1.344
1814,92.893,1.344
1815,92.893,1.344
1816,92.893,1.344
1817,92.893,1.344
1818,92.893,1.344
1819,92.893,1.344
1820,92.893,1.344
1821,92.893,1.344
1822,92.893,1.344
1823,92.893,1.344
1824,92.893,1.344
1825,92.893,1.344
1826,92.893,1.344
1827,92.893,1.344
1828,92.893,1.344
1829,92.893,1.344
1830,92.893,1.344
1831,92.893,1.344
1832,92.893,1.344
1833,92.893,1.344
1834,92.893,1.344
1835,92.893,1.344
1836,92.893,1.344
1837,92.893,1.344
1838,92.893,1.344
1839,92.893,1.344
1840,92.893,1.344
1841,92.893,1.344
1842,92.893,1.344
1843,92.893,1.344
1844,92.893,1.344
1845,92.893,1.344
1846,92.893,1.344
1847,92.893,1.344
1848,92.893,1.344
1849,92.893,1.344
1850,92.893,1.344
1851,92.893,1.344
1852,92.893,1.344
1853,92.893,1.344
1854,92.893,1.344
1855,92.893,1.344
1856,92.893,1.344
1857,92.893,1.344
1858,92.893,1.344
1859,92.893,1.344
1860,92.893,1.344
1861,92.893,1.344
1862,92.893,1.344
1863,92.893,1.344
1864,92.893,1.344
1865,92.893,1.344
1866,92.893,1.344
1867,92.893,1.344
1868,92.893,1.344
1869,92.893,1.344
1870,92.893,1.344
1871,92.893,1.344
1872,92.893,1.344
1873,92.893,1.344
1874,92.893,1.344
1875,92.893,1.344
1876,92.893,1.344
1877,92.893,1.344
1878,92.893,1.344
1879,92.893,1.344
1880,92.893,1.344
1881,92.893,1.344
1882,92.893,1.344
1883,92.893,1.344
1884,92.893,1.344
1885,92.893,1.344
1886,92.893,1.344
1887,92.893,1.344
1888,92.893,1.344
1889,92.893,1.344
1890,92.893,1.344
1891,92.893,1.344
1892,92.893,1.344
1893,92.893,1.344
1894,92.893,1.344
1895,92.893,1.344
1896,92.893,1.344
1897,92.893,1.344
1898,92.893,1.344
1899,92.893,1.344
1900,92.893,1.344
1901,92.893,1.344
1902,92.893,1.344
1903,92.893,1.344
1904,92.893,1.344
1905,92.893,1.344
1906,92.893,1.344
1907,92.893,1.344
1908,92.893,1.344
1909,92.893,1.344
1910,92.893,1.344
1911,92.893,1.344
1912,92.893,1.344
1913,92.893,1.344
1914,92.893,1.344
1915,92.893,1.344
1916,92.893,1.344
1917,92.893,1.344
1918,92.893,1.344
1919,92.893,1.344
1920,92.893,1.344
1921,92.893,1.344
1922,92.893,1.344
1923,92.893,1.344
1924,92.893,1.344
1925,92.893,1.344
1926,92.893,1.344
1927,92.893,1.344
1928,92.893,1.344
1929,92.893,1.344
1930,92.893,1.344
1931,92.893,1.344
1932,92.893,1.344
1933,92.893,1.344
1934,92.893,1.344
1935,92.893,1.344
1936,92.893,1.344
1937,92.893,1.344
1938,92.893,1.344
1939,92.893,1.344
1940,92.893,1.344
1941,92.893,1.344
1942,92.893,1.344
1943,92.893,1.344
1944,92.893,1.344
1945,92.893,1.344
1946,92.893,1.344
1947,92.893,1.344
1948,92.893,1.344
1949,92.893,1.344
1950,92.893,1.344
1951,92.893,1.344
1952,92.893,1.344
1953,92.893,1.344
1954,92.893,1.344
1955,92.893,1.344
1956,92.893,1.344
1957,92.893,1.344
1958,92.893,1.344
1959,92.893,1.344
1960,92.893,1.344
1961,92.893,1.344
1962,92.893,1.344
1963,92.893,1.344
1964,92.893,1.344
1965,92.893,1.344
1966,92.893,1.344
1967,92.893,1.344
1968,92.893,1.344
1969,92.893,1.344
1970,92.893,1.344
1971,92.893,1.344
1972,92.893,1.344
1973,92.893,1.344
1974,92.893,1.344
1975,92.893,1.344
1976,92.893,1.344
1977,92.893,1.344
1978,92.893,1.344
1979,92.893,1.344
1980,92.893,1.344
1981,92.893,1.344
1982,92.893,1.344
1983,92.893,1.344
1984,92.893,1.344
1985,92.893,1.344
1986,92.893,1.344
1987,92.893,1.344
1988,92.893,1.344
1989,92.893,1.344
1990,92.893,1.344
1991,92.893,1.344
1992,92.893,1.344
1993,92.893,1.344
1994,92.893,1.344
1995,92.893,1.344
1996,92.893,1.344
1997,92.893,1.344
1998,92.893,1.344
1999,92.893,1.344
2000,92.893,1.344
2001,92.893,1.344
2002,92.893,1.344
2003,92.893,1.344
2004,92.893,1.344
2005,92.893,1.344
2006,92.893,1.344
2007,92.893,1.344
2008,92.893,1.344
2009,92.893,1.344
2010,92.893,1.344
2011,92.893,1.344
2012,92.893,1.344
2013,92.893,1.344
2014,92.893,1.344
2015,92.893,1.344
2016,92.893,1.344
2017,92.893,1.344
2018,92.893,1.344
2019,92.893,1.344
2020,92.893,1.344
2021,92.893,1.344
2022,92.893,1.344
2023,92.893,1.344
2024,92.893,1.344
2025,92.893,1.344
2026,92.893,1.344
2027,92.893,1.344
2028,92.893,1.344
2029,92.893,1.344
2030,92.893,1.344
2031,92.893,1.344
2032,92.893,1.344
2033,92.893,1.344
2034,92.893,1.344
2035,92.893,1.344
2036,92.893,1.344
2037,92.893,1.344
2038,92.893,1.344
2039,92.893,1.344
2040,92.893,1.344
2041,92.893,1.344
2042,92.893,1.344
2043,92.893,1.344
2044,92.893,1.344
2045,92.893,1.344
2046,92.893,1.344
2047,92.893,1.344
2048,92.893,1.344
2049,92.893,1.344
2050,92.893,1.344
2051,92.893,1.344
2052,92.893,1.344
2053,92.893,1.344
2054,92.893,1.344
2055,92.893,1.344
2056,92.893,1.344
2057,92.893,1.344
2058,92.893,1.344
2059,92.893,1.344
2060,92.893,1.344
2061,92.893,1.344
2062,92.893,1.344
2063,92.893,1.344
2064,92.893,1.344
2065,92.893,1.344
2066,92.893,1.344
2067,92.893,1.344
2068,92.893,1.344
2069,92.893,1.344
2070,92.893,1.344
2071,92.893,1.344
2072,92.893,1.344
2073,92.893,1.344
2074,92.893,1.344
2075,92.893,1.344
2076,92.893,1.344
2077,92.893,1.344
2078,92.893,1.344
2079,92.893,1.344
2080,92.893,1.344
2081,92.893,1.344
2082,92.893,1.344
2083,92.893,1.344
2084,92.893,1.344
2085,92.893,1.344
2086,92.893,1.344
2087,92.893,1.344
2088,92.893,1.344
2089,92.893,1.344
2090,92.893,1.344
2091,92.893,1.344
2092,92.893,1.344
2093,92.893,1.344
2094,92.893,1.344
2095,92.893,1.344
2096,92.893,1.344
2097,92.893,1.344
2098,92.893,1.344
2099,92.893,1.344
2100,92.893,1.344
2101,92.893,1.344
2102,92.893,1.344
2103,92.893,1.344
2104,92.893,1.344
2105,92.893,1.344
2106,92.893,1.344
2107,92.893,1.344
2108,92.893,1.344
2109,92.893,1.344
2110,92.893,1.344
2111,92.893,1.344
2112,92.893,1.344
2113,92.893,1.344
2114,92.893,1.344
2115,92.893,1.344
2116,92.893,1.344
2117,92.893,1.344
2118,92.893,1.344
2119,92.893,1.344
2120,92.893,1.344
2121,92.893,1.344
2122,92.893,1.344
2123,92.893,1.344
2124,92.893,1.344
2125,92.893,1.344
2126,92.893,1.344
2127,92.893,1.344
2128,92.893,1.344
2129,92.893,1.344
2130,92.893,1.344
2131,92.893,1.344
2132,92.893,1.344
2133,92.893,1.344
2134,92.893,1.344
2135,92.893,1.344
2136,92.893,1.344
2137,92.893,1.344
2138,92.893,1.344
2139,92.893,1.344
2140,92.893,1.344
2141,92.893,1.344
2142,92.893,1.344
2143,92.893,1.344
2144,92.893,1.344
2145,92.893,1.344
2146,92.893,1.344
2147,92.893,1.344
2148,92.893,1.344
2149,92.893,1.344
2150,92.893,1.344
2151,92.893,1.344
2152,92.893,1.344
2153,92.893,1.344
2154,92.893,1.344
2155,92.893,1.344
2156,92.893,1.344
2157,92.893,1.344
2158,92.893,1.344
2159,92.893,1.344
2160,92.893,1.344
2161,92.893,1.344
2162,92.893,1.344
2163,92.893,1.344
2164,92.893,1.344
2165,92.893,1.344
2166,92.893,1.344
2167,92.893,1.344
2168,92.893,1.344
2169,92.893,1.344
2170,92.893,1.344
2171,92.893,1.344
2172,92.893,1.344
2173,92.893,1.344
2174,92.893,1.344
2175,92.893,1.344
2176,92.893,1.344
2177,92.893,1.344
2178,92.893,1.344
2179,92.893,1.344
2180,92.893,1.344
2181,92.893,1.344
2182,92.893,1.344
2183,92.893,1.344
2184,92.893,1.344
2185,92.893,1.344
2186,92.893,1.344
2187,92.893,1.344
2188,92.893,1.344
2189,92.893,1.344
2190,92.893,1.344
2191,92.893,1.344
2192,92.893,1.344
2193,92.893,1.344
2194,92.893,1.344
2195,92.893,1.344
2196,92.893,1.344
2197,92.893,1.344
2198,92.893,1.344
2199,92.893,1.344
2200,92.893,1.344
2201,92.893,1.344
2202,92.893,1.344
2203,92.893,1.344
2204,92.893,1.344
2205,92.893,1.344
2206,92.893,1.344
2207,92.893,1.334
2208,92.893,1.334
2209,92.893,1.334
2210,92.893,1.334
2211,92.893,1.334
2212,92.893,1.334
2213,92.893,1.334
2214,92.893,1.334
2215,92.893,1.334
2216,92.893,1.334
2217,92.893,1.334
2218,92.893,1.334
2219,92.893,1.334
2220,92.893,1.334
2221,92.893,1.334
2222,92.893,1.334
2223,92.893,1.334
2224,92.893,1.334
2225,92.893,1.334
2226,92.893,1.334
2227,92.893,1.334
2228,92.893,1.334
2229,92.893,1.334
2230,92.893,1.334
2231,92.893,1.334
2232,92.893,1.334
2233,92.893,1.334
2234,92.893,1.334
2235,92.893,1.334
2236,92.893,1.334
2237,92.893,1.334
2238,92.893,1.334
2239,92.893,1.334
2240,92.893,1.334
2241,92.893,1.334
2242,92.893,1.334
2243,92.893,1.334
2244,92.893,1.334
2245,92.893,1.334
2246,92.893,1.334
2247,92.893,1.334
2248,92.893,1.334
2249,92.893,1.334
2250,92.893,1.334
2251,92.893,1.334
2252,92.893,1.334
2253,92.893,1.334
2254,92.893,1.334
2255,92.893,1.334
2256,92.893,1.334
2257,92.893,1.334
2258,92.893,1.334
2259,92.893,1.334
2260,92.893,1.334
2261,92.893,1.334
2262,92.893,1.334
2263,92.893,1.334
2264,92.893,1.334
2265,92.893,1.334
2266,92.893,1.334
2267,92.893,1.334
2268,92.893,1.334
2269,92.893,1.334
2270,92.893,1.334
2271,92.893,1.334
2272,92.893,1.334
2273,92.893,1.334
2274,92.893,1.334
2275,92.893,1.334
2276,92.893,1.334
2277,92.893,1.334
2278,92.893,1.334
2279,92.893,1.334
2280,92.893,1.334
2281,92.893,1.334
2282,92.893,1.334
2283,92.893,1.334
2284,92.893,1.334
2285,92.893,1.334
2286,92.893,1.334
2287,92.893,1.334
2288,92.893,1.334
2289,92.893,1.334
2290,92.893,1.334
2291,92.893,1.334
2292,92.893,1.334
2293,92.893,1.334
2294,92.893,1.334
2295,92.893,1.334
2296,92.893,1.334
2297,92.893,1.334
2298,92.893,1.334
2299,92.893,1.334
2300,92.893,1.334
2301,92.893,1.334
2302,92.893,1.334
2303,92.893,1.334
2304,92.893,1.334
2305,92.893,1.334
2306,92.893,1.334
2307,92.893,1.334
2308,92.893,1.334
2309,92.893,1.334
2310,92.893,1.334
2311,92.893,1.334
2312,92.893,1.334
2313,92.893,1.334
2314,92.893,1.334
2315,92.893,1.334
2316,92.893,1.334
2317,92.893,1.334
2318,92.893,1.334
2319,92.893,1.334
2320,92.893,1.334
2321,92.893,1.334
2322,92.893,1.334
2323,92.893,1.334
2324,92.893,1.334
2325,92.893,1.334
2326,92.893,1.334
2327,92.893,1.334
2328,92.893,1.334
2329,92.893,1.334
2330,92.893,1.334
2331,92.893,1.334
2332,92.893,1.334
2333,92.893,1.334
2334,92.893,1.334
2335,92.893,1.334
2336,92.893,1.334
2337,92.893,1.334
2338,92.893,1.334
2339,92.893,1.334
2340,92.893,1.334
2341,92.893,1.334
2342,92.893,1.334
2343,92.893,1.334
2344,92.893,1.334
2345,92.893,1.334
2346,92.893,1.334
2347,92.893,1.334
2348,92.893,1.334
2349,92.893,1.334
2350,92.893,1.334
2351,92.893,1.334
2352,92.893,1.334
2353,92.893,1.334
2354,92.893,1.334
2355,92.893,1.334
2356,92.893,1.334
2357,92.893,1.334
2358,92.893,1.334
2359,92.893,1.334
2360,92.893,1.334
2361,92.893,1.334
2362,92.893,1.334
2363,92.893,1.334
2364,92.893,1.334
2365,92.893,1.334
2366,92.893,1.334
2367,92.893,1.334
2368,92.893,1.334
2369,92.893,1.334
2370,92.893,1.334
2371,92.893,1.334
2372,92.893,1.334
2373,92.893,1.334
2374,92.893,1.334
2375,92.893,1.334
2376,92.893,1.334
2377,92.893,1.334
2378,92.893,1.334
2379,92.893,1.334
2380,92.893,1.334
2381,92.893,1.334
2382,92.893,1.334
2383,92.893,1.334
2384,92.893,1.334
2385,92.893,1.334
2386,92.893,1.334
2387,92.893,1.334
2388,92.893,1.334
2389,92.893,1.334
2390,92.893,1.334
2391,92.893,1.334
2392,92.893,1.334
2393,92.893,1.334
2394,92.893,1.334
2395,92.893,1.334
2396,92.893,1.334
2397,92.893,1.334
2398,92.893,1.334
2399,92.893,1.334
2400,92.893,1.334
2401,92.893,1.334
2402,92.893,1.334
2403,92.893,1.334
2404,92.893,1.334
2405,92.893,1.334
2406,92.893,1.334
2407,92.893,1.334
2408,92.893,1.334
2409,92.893,1.334
2410,92.893,1.334
2411,92.893,1.334
2412,92.893,1.334
2413,92.893,1.334
2414,92.893,1.334
2415,92.893,1.334
2416,92.893,1.334
2417,92.893,1.334
2418,92.893,1.334
2419,92.893,1.334
2420,92.893,1.334
2421,92.893,1.334
2422,92.893,1.334
2423,92.893,1.334
2424,92.893,1.334
2425,92.893,1.334
2426,92.893,1.334
2427,92.893,1.334
2428,92.893,1.334
2429,92.893,1.334
2430,92.893,1.334
2431,92.893,1.334
2432,92.893,1.334
2433,92.893,1.334
2434,92.893,1.334
2435,92.893,1.334
2436,92.893,1.334
2437,92.893,1.334
2438,92.893,1.334
2439,92.893,1.334
2440,92.893,1.334
2441,92.893,1.334
2442,92.893,1.334
2443,92.893,1.334
2444,92.893,1.334
2445,92.893,1.334
2446,92.893,1.334
2447,92.893,1.334
2448,92.893,1.334
2449,92.893,1.334
2450,92.893,1.334
2451,92.893,1.334
2452,92.893,1.334
2453,92.893,1.334
2454,92.893,1.334
2455,92.893,1.334
2456,92.893,1.334
2457,92.893,1.334
2458,92.893,1.334
2459,92.893,1.334
2460,92.893,1.334
2461,92.893,1.334
2462,92.893,1.334
2463,92.893,1.334
2464,92.893,1.334
2465,92.893,1.334
2466,92.893,1.334
2467,92.893,1.334
2468,92.893,1.334
2469,92.893,1.334
2470,92.893,1.334
2471,92.893,1.334
2472,92.893,1.334
2473,92.893,1.334
2474,92.893,1.334
2475,92.893,1.334
2476,92.893,1.334
2477,92.893,1.334
2478,92.893,1.334
2479,92.893,1.334
2480,92.893,1.334
2481,92.893,1.334
2482,92.893,1.334
2483,92.893,1.334
2484,92.893,1.334
2485,92.893,1.334
2486,92.893,1.334
2487,92.893,1.334
2488,92.893,1.334
2489,92.893,1.334
2490,92.893,1.334
2491,92.893,1.334
2492,92.893,1.334
2493,92.893,1.334
2494,92.893,1.334
2495,92.893,1.334
2496,92.893,1.334
2497,92.893,1.334
2498,92.893,1.334
2499,92.893,1.334
2500,92.893,1.334
2501,92.893,1.334
2502,92.893,1.334
2503,92.893,1.334
2504,92.893,1.334
2505,92.893,1.334
2506,92.893,1.334
2507,92.893,1.334
2508,92.893,1.334
2509,92.893,1.334
2510,92.893,1.334
2511,92.893,1.334
2512,92.893,1.334
2513,92.893,1.334
2514,92.893,1.334
2515,92.893,1.334
2516,92.893,1.334
2517,92.893,1.334
2518,92.893,1.334
2519,92.893,1.334
2520,92.893,1.334
2521,92.893,1.334
2522,92.893,1.334
2523,92.893,1.334
2524,92.893,1.334
2525,92.893,1.334
2526,92.893,1.334
2527,92.893,1.334
2528,92.893,1.334
2529,92.893,1.334
2530,92.893,1.334
2531,92.893,1.334
2532,92.893,1.334
2533,92.893,1.334
2534,92.893,1.334
2535,92.893,1.334
2536,92.893,1.334
2537,92.893,1.334
2538,92.893,1.334
2539,92.893,1.334
2540,92.893,1.334
2541,92.893,1.334
2542,92.893,1.334
2543,92.893,1.334
2544,92.893,1.334
2545,92.893,1.334
2546,92.893,1.334
2547,92.893,1.334
2548,92.893,1.334
2549,92.893,1.334
2550,92.893,1.334
2551,92.893,1.334
2552,92.893,1.334
2553,92.893,1.334
2554,92.893,1.334
2555,92.893,1.334
2556,92.893,1.334
2557,92.893,1.334
2558,92.893,1.334
2559,92.893,1.334
2560,92.893,1.334
2561,92.893,1.334
2562,92.893,1.334
2563,92.893,1.334
2564,92.893,1.334
2565,92.893,1.334
2566,92.893,1.334
2567,92.893,1.334
2568,92.893,1.334
2569,92.893,1.334
2570,92.893,1.334
2571,92.893,1.334
2572,92.893,1.334
2573,92.893,1.334
2574,92.893,1.334
2575,92.893,1.334
2576,92.893,1.334
2577,92.893,1.334
2578,92.893,1.334
2579,92.893,1.334
2580,92.893,1.334
2581,92.893,1.334
2582,92.893,1.334
2583,92.893,1.334
2584,92.893,1.334
2585,92.893,1.334
2586,92.893,1.334
2587,92.893,1.334
2588,92.893,1.334
2589,92.893,1.334
2590,92.893,1.334
2591,92.893,1.334
2592,92.893,1.334
2593,92.893,1.334
2594,92.893,1.334
2595,92.893,1.334
2596,92.893,1.334
2597,92.893,1.334
2598,92.893,1.334
2599,92.893,1.334
2600,92.893,1.334
2601,92.893,1.334
2602,92.893,1.334
2603,92.893,1.334
2604,92.893,1.334
2605,92.893,1.334
2606,92.893,1.334
2607,92.893,1.334
2608,92.893,1.334
2609,92.893,1.334
2610,92.893,1.334
2611,92.893,1.334
2612,92.893,1.334
2613,92.893,1.334
2614,92.893,1.334
2615,92.893,1.334
2616,92.893,1.334
2617,92.893,1.334
2618,92.893,1.334
2619,92.893,1.334
2620,92.893,1.334
2621,92.893,1.334
2622,92.893,1.334
2623,92.893,1.334
2624,92.893,1.334
2625,92.893,1.334
2626,92.893,1.334
2627,92.893,1.334
2628,92.893,1.334
2629,92.893,1.334
2630,92.893,1.334
2631,92.893,1.334
2632,92.893,1.334
2633,92.893,1.334
2634,92.893,1.334
2635,92.893,1.334
2636,92.893,1.334
2637,92.893,1.334
2638,92.893,1.334
2639,92.893,1.334
2640,92.893,1.334
2641,92.893,1.334
2642,92.893,1.334
2643,92.893,1.334
2644,92.893,1.334
2645,92.893,1.334
2646,92.893,1.334
2647,92.893,1.334
2648,92.893,1.334
2649,92.893,1.334
2650,92.893,1.334
2651,92.893,1.334
2652,92.893,1.334
2653,92.893,1.334
2654,92.893,1.334
2655,92.893,1.334
2656,92.893,1.334
2657,92.893,1.334
2658,92.893,1.334
2659,92.893,1.334
2660,92.893,1.334
2661,92.893,1.334
2662,92.893,1.334
2663,92.893,1.334
2664,92.893,1.334
2665,92.893,1.334
2666,92.893,1.334
2667,92.893,1.334
2668,92.893,1.334
2669,92.893,1.334
2670,92.893,1.334
2671,92.893,1.334
2672,92.893,1.334
2673,92.893,1.334
2674,92.893,1.334
2675,92.893,1.334
2676,92.893,1.334
2677,92.893,1.334
2678,92.893,1.334
2679,92.893,1.334
2680,92.893,1.334
2681,92.893,1.334
2682,92.893,1.334
2683,92.893,1.334
2684,92.893,1.334
2685,92.893,1.334
2686,92.893,1.334
2687,92.893,1.334
2688,92.893,1.334
2689,92.893,1.327
2690,92.893,1.327
2691,92.893,1.327
2692,92.893,1.327
2693,92.893,1.327
2694,92.893,1.327
2695,92.893,1.327
2696,92.893,1.327
2697,92.893,1.327
2698,92.893,1.327
2699,92.893,1.327
2700,92.893,1.327
2701,92.893,1.327
2702,92.893,1.327
2703,92.893,1.327
2704,92.893,1.327
2705,92.893,1.327
2706,92.893,1.327
2707,92.893,1.327
2708,92.893,1.327
2709,92.893,1.327
2710,92.893,1.327
2711,92.893,1.327
2712,92.893,1.327
2713,92.893,1.327
2714,92.893,1.327
2715,92.893,1.327
2716,92.893,1.327
2717,92.893,1.327
2718,92.893,1.327
2719,92.893,1.327
2720,92.893,1.327
2721,92.893,1.327
2722,92.893,1.327
2723,92.893,1.327
2724,92.893,1.327
2725,92.893,1.327
2726,92.893,1.327
2727,92.893,1.327
2728,92.893,1.327
2729,92.893,1.327
2730,92.893,1.327
2731,92.893,1.327
2732,92.893,1.327
2733,92.893,1.327
2734,92.893,1.327
2735,92.893,1.327
2736,92.893,1.327
2737,92.893,1.327
2738,92.893,1.327
2739,92.893,1.327
2740,92.893,1.327
2741,92.893,1.327
2742,92.893,1.327
2743,92.893,1.327
2744,92.893,1.327
2745,92.893,1.327
2746,92.893,1.327
2747,92.893,1.327
2748,92.893,1.327
2749,92.893,1.327
2750,92.893,1.327
2751,92.893,1.327
2752,92.893,1.327
2753,92.893,1.327
2754,92.893,1.327
2755,92.893,1.327
2756,92.893,1.327
2757,92.893,1.327
2758,92.893,1.327
2759,92.893,1.327
2760,92.893,1.327
2761,92.893,1.327
2762,92.893,1.327
2763,92.893,1.327
2764,92.893,1.327
2765,92.893,1.327
2766,92.893,1.327
2767,92.893,1.327
2768,92.893,1.327
2769,92.893,1.327
2770,92.893,1.327
2771,92.893,1.327
2772,92.893,1.327
2773,92.893,1.327
2774,92.893,1.327
2775,92.893,1.327
2776,92.893,1.327
2777,92.893,1.327
2778,92.893,1.327
2779,92.893,1.327
2780,92.893,1.327
2781,92.893,1.327
2782,92.893,1.327
2783,92.893,1.327
2784,92.893,1.327
2785,92.893,1.327
2786,92.893,1.327
2787,92.893,1.327
2788,92.893,1.327
2789,92.893,1.327
2790,92.893,1.327
2791,92.893,1.327
2792,92.893,1.327
2793,92.893,1.327
2794,92.893,1.327
2795,92.893,1.327
2796,92.893,1.327
2797,92.893,1.327
2798,92.893,1.327
2799,92.893,1.327
2800,92.893,1.327
2801,92.893,1.327
2802,92.893,1.327
2803,92.893,1.327
2804,92.893,1.327
2805,92.893,1.327
2806,92.893,1.327
2807,92.893,1.327
2808,92.893,1.327
2809,92.893,1.327
2810,92.893,1.327
2811,92.893,1.327
2812,92.893,1.327
2813,92.893,1.327
2814,92.893,1.327
2815,92.893,1.327
2816,92.893,1.327
2817,92.893,1.327
2818,92.893,1.327
2819,92.893,1.327
2820,92.893,1.327
2821,92.893,1.327
2822,92.893,1.327
2823,92.893,1.327
2824,92.893,1.327
2825,92.893,1.327
2826,92.893,1.327
2827,92.893,1.327
2828,92.893,1.327
2829,92.893,1.327
2830,92.893,1.327
2831,92.893,1.327
2832,92.893,1.327
2833,92.893,1.327
2834,92.893,1.327
2835,92.893,1.327
2836,92.893,1.327
2837,92.893,1.327
2838,92.893,1.327
2839,92.893,1.327
2840,92.893,1.327
2841,92.893,1.327
2842,92.893,1.327
2843,92.893,1.327
2844,92.893,1.327
2845,92.893,1.327
2846,92.893,1.327
2847,92.893,1.327
2848,92.893,1.327
2849,92.893,1.327
2850,92.893,1.327
2851,92.893,1.327
2852,92.893,1.327
2853,92.893,1.327
2854,92.893,1.327
2855,92.893,1.327
2856,92.893,1.327
2857,92.893,1.327
2858,92.893,1.327
2859,92.893,1.327
2860,92.893,1.327
2861,92.893,1.327
2862,92.893,1.327
2863,92.893,1.327
2864,92.893,1.327
2865,92.893,1.327
2866,92.893,1.327
2867,92.893,1.327
2868,92.893,1.327
2869,92.893,1.327
2870,92.893,1.327
2871,92.893,1.327
2872,92.893,1.327
2873,92.893,1.327
2874,92.893,1.327
2875,92.893,1.327
2876,92.893,1.327
2877,92.893,1.327
2878,92.893,1.327
2879,92.893,1.327
2880,92.893,1.327
2881,92.893,1.327
2882,92.893,1.327
2883,92.893,1.327
2884,92.893,1.327
2885,92.893,1.327
2886,92.893,1.327
2887,92.893,1.327
2888,92.893,1.327
2889,92.893,1.327
2890,92.893,1.327
2891,92.893,1.327
2892,92.893,1.327
2893,92.893,1.327
2894,92.893,1.327
2895,92.893,1.327
2896,92.893,1.327
2897,92.893,1.327
2898,92.893,1.327
2899,92.893,1.327
2900,92.893,1.327
2901,92.893,1.327
2902,92.893,1.327
2903,92.893,1.327
2904,92.893,1.327
2905,92.893,1.327
2906,92.893,1.327
2907,92.893,1.327
2908,92.893,1.327
2909,92.893,1.327
2910,92.893,1.327
2911,92.893,1.327
2912,92.893,1.327
2913,92.893,1.327
2914,92.893,1.327
2915,92.893,1.327
2916,92.893,1.327
2917,92.893,1.327
2918,92.893,1.327
2919,92.893,1.327
2920,92.893,1.327
2921,92.893,1.327
2922,92.893,1.327
2923,92.893,1.327
2924,92.893,1.327
2925,92.893,1.327
2926,92.893,1.327
2927,92.893,1.327
2928,92.893,1.327
2929,92.893,1.327
2930,92.893,1.327
2931,92.893,1.327
2932,92.893,1.327
2933,92.893,1.327
2934,92.893,1.327
2935,92.893,1.327
2936,92.893,1.327
2937,92.893,1.327
2938,92.893,1.327
2939,92.893,1.327
2940,92.893,1.327
2941,92.893,1.327
2942,92.893,1.327
2943,92.893,1.327
2944,92.893,1.327
2945,92.893,1.327
2946,92.893,1.327
2947,92.893,1.327
2948,92.893,1.327
2949,92.893,1.327
2950,92.893,1.327
2951,92.893,1.327
2952,92.893,1.327
2953,92.893,1.327
2954,92.893,1.327
2955,92.893,1.327
2956,92.893,1.327
2957,92.893,1.327
2958,92.893,1.327
2959,92.893,1.327
2960,92.893,1.327
2961,92.893,1.327
2962,92.893,1.327
2963,92.893,1.327
2964,92.893,1.327
2965,92.893,1.327
2966,92.893,1.327
2967,92.893,1.327
2968,92.893,1.327
2969,92.893,1.327
2970,92.893,1.327
2971,92.893,1.327
2972,92.893,1.327
2973,92.893,1.327
2974,92.893,1.327
2975,92.893,1.327
2976,92.893,1.327
2977,92.893,1.327
2978,92.893,1.327
2979,92.893,1.327
2980,92.893,1.327
2981,92.893,1.327
2982,92.893,1.327
2983,92.893,1.327
2984,92.893,1.327
2985,92.893,1.327
2986,92.893,1.327
2987,92.893,1.327
2988,92.893,1.327
2989,92.893,1.327
2990,92.893,1.327
2991,92.893,1.327
2992,92.893,1.327
2993,92.893,1.327
2994,92.893,1.327
2995,92.893,1.327
2996,92.893,1.327
2997,92.893,1.327
2998,92.893,1.327
2999,92.893,1.327
3000,92.893,1.327
3001,92.893,1.327
3002,92.893,1.327
3003,92.893,1.327
3004,92.893,1.327
3005,92.893,1.327
3006,92.893,1.327
3007,92.893,1.327
3008,92.893,1.327
3009,92.893,1.327
3010,92.893,1.327
3011,92.893,1.327
3012,92.893,1.327
3013,92.893,1.327
3014,92.893,1.327
3015,92.893,1.327
3016,92.893,1.327
3017,92.893,1.327
3018,92.893,1.327
3019,92.893,1.327
3020,92.893,1.327
3021,92.893,1.327
3022,92.893,1.327
3023,92.893,1.327
3024,92.893,1.327
3025,92.893,1.327
3026,92.893,1.327
3027,92.893,1.327
3028,92.893,1.327
3029,92.893,1.327
3030,92.893,1.327
3031,92.893,1.327
3032,92.893,1.327
3033,92.893,1.327
3034,92.893,1.327
3035,92.893,1.327
3036,92.893,1.327
3037,92.893,1.327
3038,92.893,1.327
3039,92.893,1.327
3040,92.893,1.327
3041,92.893,1.327
3042,92.893,1.327
3043,92.893,1.327
3044,92.893,1.327
3045,92.893,1.327
3046,92.893,1.327
3047,92.893,1.327
3048,92.893,1.327
3049,92.893,1.327
3050,92.893,1.327
3051,92.893,1.327
3052,92.893,1.327
3053,92.893,1.327
3054,92.893,1.327
3055,92.893,1.327
3056,92.893,1.327
3057,92.893,1.327
3058,92.893,1.327
3059,92.893,1.327
3060,92.893,1.327
3061,92.893,1.327
3062,92.893,1.327
3063,92.893,1.327
3064,92.893,1.327
3065,92.893,1.327
3066,92.893,1.327
3067,92.893,1.327
3068,92.893,1.327
3069,92.893,1.327
3070,92.893,1.327
3071,92.893,1.327
3072,92.893,1.327
3073,92.893,1.327
3074,92.893,1.327
3075,92.893,1.327
3076,92.893,1.327
3077,92.893,1.327
3078,92.893,1.327
3079,92.893,1.327
3080,92.893,1.327
3081,92.893,1.327
3082,92.893,1.327
3083,92.893,1.327
3084,92.893,1.327
3085,92.893,1.327
3086,92.893,1.327
3087,92.893,1.327
3088,92.893,1.327
3089,92.893,1.327
3090,92.893,1.327
3091,92.893,1.327
3092,92.893,1.327
3093,92.893,1.327
3094,92.893,1.327
3095,92.893,1.327
3096,92.893,1.327
3097,92.893,1.327
3098,92.893,1.327
3099,92.893,1.327
3100,92.893,1.327
3101,92.893,1.327
3102,92.893,1.327
3103,92.893,1.327
3104,92.893,1.327
3105,92.893,1.327
3106,92.893,1.327
3107,92.893,1.327
3108,92.893,1.327
3109,92.893,1.327
3110,92.893,1.327
3111,92.893,1.327
3112,92.893,1.327
3113,92.893,1.327
3114,92.893,1.327
3115,92.893,1.327
3116,92.893,1.327
3117,92.893,1.327
3118,92.893,1.327
3119,92.893,1.327
3120,92.893,1.327
3121,92.893,1.327
3122,92.893,1.327
3123,92.893,1.327
3124,92.893,1.327
3125,92.893,1.327
3126,92.893,1.327
3127,92.893,1.327
3128,92.893,1.327
3129,92.893,1.327
3130,92.893,1.327
3131,92.893,1.327
3132,92.893,1.327
3133,92.893,1.327
3134,92.893,1.327
3135,92.893,1.327
3136,92.893,1.327
3137,92.893,1.327
3138,92.893,1.327
3139,92.893,1.327
3140,92.893,1.327
3141,92.893,1.327
3142,92.893,1.327
3143,92.893,1.327
3144,92.893,1.327
3145,92.893,1.327
3146,92.893,1.327
3147,92.893,1.327
3148,92.893,1.327
3149,92.893,1.327
3150,92.893,1.327
3151,92.893,1.327
3152,92.893,1.327
3153,92.893,1.327
3154,92.893,1.327
3155,92.893,1.327
3156,92.893,1.327
3157,92.893,1.327
3158,92.893,1.327
3159,92.893,1.327
3160,92.893,1.327
3161,92.893,1.327
3162,92.893,1.327
3163,92.893,1.327
3164,92.893,1.327
3165,92.893,1.327
3166,92.893,1.327
3167,92.893,1.327
3168,92.893,1.327
3169,92.893,1.327
3170,92.893,1.327
3171,92.893,1.327
3172,92.893,1.327
3173,92.893,1.327
3174,92.893,1.327
3175,92.893,1.327
3176,92.893,1.327
3177,92.893,1.327
3178,92.893,1.327
3179,92.893,1.327
3180,92.893,1.327
3181,92.893,1.327
3182,92.893,1.327
3183,92.893,1.327
3184,92.893,1.327
3185,92.893,1.327
3186,92.893,1.327
3187,92.893,1.327
3188,92.893,1.327
3189,92.893,1.327
3190,92.893,1.327
3191,92.893,1.327
3192,92.893,1.327
3193,92.893,1.327
3194,92.893,1.327
3195,92.893,1.327
3196,92.893,1.327
3197,92.893,1.327
3198,92.893,1.327
3199,92.893,1.327
3200,92.893,1.327
3201,92.893,1.327
3202,92.893,1.327
3203,92.893,1.327
3204,92.893,1.327
3205,92.893,1.327
3206,92.893,1.327
3207,92.893,1.327
3208,92.893,1.327
3209,92.893,1.327
3210,92.893,1.327
3211,92.893,1.327
3212,92.893,1.327
3213,92.893,1.327
3214,92.893,1.327
3215,92.893,1.327
3216,92.893,1.327
3217,92.893,1.327
3218,92.893,1.327
3219,92.893,1.327
3220,92.893,1.327
3221,92.893,1.327
3222,92.893,1.327
3223,92.893,1.327
3224,92.893,1.327
3225,92.893,1.327
3226,92.893,1.327
3227,92.893,1.313
3228,92.893,1.313
3229,92.893,1.313
3230,92.893,1.313
3231,92.893,1.313
3232,92.893,1.313
3233,92.893,1.313
3234,92.893,1.313
3235,92.893,1.313
3236,92.893,1.313
3237,92.893,1.313
3238,92.893,1.313
3239,92.893,1.313
3240,92.893,1.313
3241,92.893,1.313
3242,92.893,1.313
3243,92.893,1.313
3244,92.893,1.313
3245,92.893,1.313
3246,92.893,1.313
3247,92.893,1.313
3248,92.893,1.313
3249,92.893,1.313
3250,92.893,1.313
3251,92.893,1.313
3252,92.893,1.313
3253,92.893,1.313
3254,92.893,1.313
3255,92.893,1.313
3256,92.893,1.313
3257,92.893,1.313
3258,92.893,1.313
3259,92.893,1.313
3260,92.893,1.313
3261,92.893,1.313
3262,92.893,1.313
3263,92.893,1.313
3264,92.893,1.313
3265,92.893,1.313
3266,92.893,1.313
3267,92.893,1.313
3268,92.893,1.313
3269,92.893,1.313
3270,92.893,1.313
3271,92.893,1.313
3272,92.893,1.313
3273,92.893,1.313
3274,92.893,1.313
3275,92.893,1.313
3276,92.893,1.313
3277,92.893,1.313
3278,92.893,1.313
3279,92.893,1.313
3280,92.893,1.313
3281,92.893,1.313
3282,92.893,1.313
3283,92.893,1.313
3284,92.893,1.313
3285,92.893,1.313
3286,92.893,1.313
3287,92.893,1.313
3288,92.893,1.313
3289,92.893,1.313
3290,92.893,1.313
3291,92.893,1.313
3292,92.893,1.313
3293,92.893,1.313
3294,92.893,1.313
3295,92.893,1.313
3296,92.893,1.313
3297,92.893,1.313
3298,92.893,1.313
3299,92.893,1.313
3300,92.893,1.313
3301,92.893,1.313
3302,92.893,1.313
3303,92.893,1.313
3304,92.893,1.313
3305,92.893,1.313
3306,92.893,1.313
3307,92.893,1.313
3308,92.893,1.313
3309,92.893,1.313
3310,92.893,1.313
3311,92.893,1.313
3312,92.893,1.313
3313,92.893,1.313
3314,92.893,1.313
3315,92.893,1.313
3316,92.893,1.313
3317,92.893,1.313
3318,92.893,1.313
3319,92.893,1.313
3320,92.893,1.313
3321,92.893,1.313
3322,92.893,1.313
3323,92.893,1.313
3324,92.893,1.313
3325,92.893,1.313
3326,92.893,1.313
3327,92.893,1.313
3328,92.893,1.313
3329,92.893,1.313
3330,92.893,1.313
3331,92.893,1.313
3332,92.893,1.313
3333,92.893,1.313
3334,92.893,1.313
3335,92.893,1.313
3336,92.893,1.313
3337,92.893,1.313
3338,92.893,1.313
3339,92.893,1.313
3340,92.893,1.313
3341,92.893,1.313
3342,92.893,1.313
3343,92.893,1.313
3344,92.893,1.313
3345,92.893,1.313
3346,92.893,1.313
3347,92.893,1.313
3348,92.893,1.313
3349,92.893,1.313
3350,92.893,1.313
3351,92.893,1.313
3352,92.893,1.313
3353,92.893,1.313
3354,92.893,1.313
3355,92.893,1.313
3356,92.893,1.313
3357,92.893,1.313
3358,92.893,1.313
3359,92.893,1.313
3360,92.893,1.313
3361,92.893,1.313
3362,92.893,1.313
3363,92.893,1.313
3364,92.893,1.313
3365,92.893,1.313
3366,92.893,1.313
3367,92.893,1.313
3368,92.893,1.313
3369,92.893,1.313
3370,92.893,1.313
3371,92.893,1.313
3372,92.893,1.313
3373,92.893,1.313
3374,92.893,1.313
3375,92.893,1.313
3376,92.893,1.313
3377,92.893,1.313
3378,92.893,1.313
3379,92.893,1.313
3380,92.893,1.313
3381,92.893,1.313
3382,92.893,1.313
3383,92.893,1.313
3384,92.893,1.313
3385,92.893,1.313
3386,92.893,1.313
3387,92.893,1.313
3388,92.893,1.313
3389,92.893,1.313
3390,92.893,1.313
3391,92.893,1.313
3392,92.893,1.313
3393,92.893,1.313
3394,92.893,1.313
3395,92.893,1.313
3396,92.893,1.313
3397,92.893,1.313
3398,92.893,1.313
3399,92.893,1.313
3400,92.893,1.313
3401,92.893,1.313
3402,92.893,1.313
3403,92.893,1.313
3404,92.893,1.313
3405,92.893,1.313
3406,92.893,1.313
3407,92.893,1.313
3408,92.893,1.313
3409,92.893,1.313
3410,92.893,1.313
3411,92.893,1.313
3412,92.893,1.313
3413,92.893,1.313
3414,92.893,1.313
3415,92.893,1.313
3416,92.893,1.313
3417,92.893,1.313
3418,92.893,1.313
3419,92.893,1.313
3420,92.893,1.313
3421,92.893,1.313
3422,92.893,1.313
3423,92.893,1.313
3424,92.893,1.313
3425,92.893,1.313
3426,92.893,1.313
3427,92.893,1.313
3428,92.893,1.313
3429,92.893,1.313
3430,92.893,1.313
3431,92.893,1.313
3432,92.893,1.313
3433,92.893,1.313
3434,92.893,1.313
3435,92.893,1.313
3436,92.893,1.313
3437,92.893,1.313
3438,92.893,1.313
3439,92.893,1.313
3440,92.893,1.313
3441,92.893,1.313
3442,92.893,1.313
3443,92.893,1.313
3444,92.893,1.313
3445,92.893,1.313
3446,92.893,1.313
3447,92.893,1.313
3448,92.893,1.313
3449,92.893,1.313
3450,92.893,1.313
3451,92.893,1.313
3452,92.893,1.313
3453,92.893,1.313
3454,92.893,1.313
3455,92.893,1.313
3456,92.893,1.313
3457,92.893,1.313
3458,92.893,1.313
3459,92.893,1.313
3460,92.893,1.313
3461,92.893,1.313
3462,92.893,1.313
3463,92.893,1.313
3464,92.893,1.313
3465,92.893,1.313
3466,92.893,1.313
3467,92.893,1.313
3468,92.893,1.313
3469,92.893,1.313
3470,92.893,1.313
3471,92.893,1.313
3472,92.893,1.313
3473,92.893,1.313
3474,92.893,1.313
3475,92.893,1.313
3476,92.893,1.313
3477,92.893,1.313
3478,92.893,1.313
3479,92.893,1.313
3480,92.893,1.313
3481,92.893,1.313
3482,92.893,1.313
3483,92.893,1.313
3484,92.893,1.313
3485,92.893,1.313
3486,92.893,1.313
3487,92.893,1.313
3488,92.893,1.313
3489,92.893,1.313
3490,92.893,1.313
3491,92.893,1.313
3492,92.893,1.313
3493,92.893,1.313
3494,92.893,1.313
3495,92.893,1.313
3496,92.893,1.313
3497,92.893,1.313
3498,92.893,1.313
3499,92.893,1.313
3500,92.893,1.313
3501,92.893,1.313
3502,92.893,1.313
3503,92.893,1.313
3504,92.893,1.313
3505,92.893,1.313
3506,92.893,1.313
3507,92.893,1.313
3508,92.893,1.313
3509,92.893,1.313
3510,92.893,1.313
3511,92.893,1.313
3512,92.893,1.313
3513,92.893,1.313
3514,92.893,1.313
3515,92.893,1.313
3516,92.893,1.313
3517,92.893,1.313
3518,92.893,1.313
3519,92.893,1.313
3520,92.893,1.313
3521,92.893,1.313
3522,92.893,1.313
3523,92.893,1.313
3524,92.893,1.313
3525,92.893,1.313
3526,92.893,1.313
3527,92.893,1.313
3528,92.893,1.313
3529,92.893,1.313
3530,92.893,1.313
3531,92.893,1.313
3532,92.893,1.313
3533,92.893,1.313
3534,92.893,1.313
3535,92.893,1.313
3536,92.893,1.313
3537,92.893,1.313
3538,92.893,1.313
3539,92.893,1.313
3540,92.893,1.313
3541,92.893,1.313
3542,92.893,1.313
3543,92.893,1.313
3544,92.893,1.313
3545,92.893,1.313
3546,92.893,1.313
3547,92.893,1.313
3548,92.893,1.313
3549,92.893,1.313
3550,92.893,1.313
3551,92.893,1.313
3552,92.893,1.313
3553,92.893,1.313
3554,92.893,1.313
3555,92.893,1.313
3556,92.893,1.313
3557,92.893,1.313
3558,92.893,1.313
3559,92.893,1.313
3560,92.893,1.313
3561,92.893,1.313
3562,92.893,1.313
3563,92.893,1.313
3564,92.893,1.313
3565,92.893,1.313
3566,92.893,1.313
3567,92.893,1.313
3568,92.893,1.313
3569,92.893,1.313
3570,92.893,1.313
3571,92.893,1.313
3572,92.893,1.313
3573,92.893,1.313
3574,92.893,1.313
3575,92.893,1.313
3576,92.893,1.313
3577,92.893,1.313
3578,92.893,1.313
3579,92.893,1.313
3580,92.893,1.313
3581,92.893,1.313
3582,92.893,1.313
3583,92.893,1.313
3584,92.893,1.313
3585,92.893,1.313
3586,92.893,1.313
3587,92.893,1.313
3588,92.893,1.313
3589,92.893,1.313
3590,92.893,1.313
3591,92.893,1.313
3592,92.893,1.313
3593,92.893,1.313
3594,92.893,1.313
3595,92.893,1.313
3596,92.893,1.313
3597,92.893,1.313
3598,92.893,1.313
3599,92.893,1.313
3600,92.893,1.313
3601,92.893,1.313
3602,92.893,1.313
3603,92.893,1.313
3604,92.893,1.313
3605,92.893,1.313
3606,92.893,1.313
3607,92.893,1.313
3608,92.893,1.313
3609,92.893,1.313
3610,92.893,1.313
3611,92.893,1.313
3612,92.893,1.313
3613,92.893,1.313
3614,92.893,1.313
3615,92.893,1.313
3616,92.893,1.313
3617,92.893,1.313
3618,92.893,1.313
3619,92.893,1.313
3620,92.893,1.313
3621,92.893,1.313
3622,92.893,1.313
3623,92.893,1.313
3624,92.893,1.313
3625,92.893,1.313
3626,92.893,1.313
3627,92.893,1.313
3628,92.893,1.313
3629,92.893,1.313
3630,92.893,1.313
3631,92.893,1.313
3632,92.893,1.313
3633,92.893,1.313
3634,92.893,1.313
3635,92.893,1.313
3636,92.893,1.313
3637,92.893,1.313
3638,92.893,1.313
3639,92.893,1.313
3640,92.893,1.313
3641,92.893,1.313
3642,92.893,1.313
3643,92.893,1.313
3644,92.893,1.313
3645,92.893,1.313
3646,92.893,1.313
3647,92.893,1.313
3648,92.893,1.313
3649,92.893,1.313
3650,92.893,1.313
3651,92.893,1.313
3652,92.893,1.313
3653,92.893,1.313
3654,92.893,1.313
3655,92.893,1.313
3656,92.893,1.313
3657,92.893,1.313
3658,92.893,1.313
3659,92.893,1.313
3660,92.893,1.313
3661,92.893,1.313
3662,92.893,1.313
3663,92.893,1.313
3664,92.893,1.313
3665,92.893,1.313
3666,92.893,1.313
3667,92.893,1.313
3668,92.893,1.313
3669,92.893,1.313
3670,92.893,1.313
3671,92.893,1.313
3672,92.893,1.313
3673,92.893,1.313
3674,92.893,1.313
3675,92.893,1.313
3676,92.893,1.313
3677,92.893,1.313
3678,92.893,1.313
3679,92.893,1.313
3680,92.893,1.313
3681,92.893,1.313
3682,92.893,1.313
3683,92.893,1.313
3684,92.893,1.313
3685,92.893,1.313
3686,92.893,1.313
3687,92.893,1.313
3688,92.893,1.313
3689,92.893,1.313
3690,92.893,1.313
3691,92.893,1.313
3692,92.893,1.313
3693,92.893,1.313
3694,92.893,1.313
3695,92.893,1.313
3696,92.893,1.313
3697,92.893,1.313
3698,92.893,1.313
3699,92.893,1.313
3700,92.893,1.313
3701,92.893,1.313
3702,92.893,1.313
3703,92.893,1.313
3704,92.893,1.313
3705,92.893,1.313
3706,92.893,1.313
3707,92.893,1.313
3708,92.893,1.313
3709,92.893,1.313
3710,92.893,1.313
3711,92.893,1.313
3712,92.893,1.313
3713,92.893,1.313
3714,92.893,1.313
3715,92.893,1.313
3716,92.893,1.313
3717,92.893,1.313
3718,92.893,1.313
3719,92.893,1.299
3720,92.893,1.299
3721,92.893,1.299
3722,92.893,1.299
3723,92.893,1.299
3724,92.893,1.299
3725,92.893,1.299
3726,92.893,1.299
3727,92.893,1.299
3728,92.893,1.299
3729,92.893,1.299
3730,92.893,1.299
3731,92.893,1.299
3732,92.893,1.299
3733,92.893,1.299
3734,92.893,1.299
3735,92.893,1.299
3736,92.893,1.299
3737,92.893,1.299
3738,92.893,1.299
3739,92.893,1.299
3740,92.893,1.299
3741,92.893,1.299
3742,92.893,1.299
3743,92.893,1.299
3744,92.893,1.299
3745,92.893,1.299
3746,92.893,1.299
3747,92.893,1.299
3748,92.893,1.299
3749,92.893,1.299
3750,92.893,1.299
3751,92.893,1.299
3752,92.893,1.299
3753,92.893,1.299
3754,92.893,1.299
3755,92.893,1.299
3756,92.893,1.299
3757,92.893,1.299
3758,92.893,1.299
3759,92.893,1.299
3760,92.893,1.299
3761,92.893,1.299
3762,92.893,1.299
3763,92.893,1.299
3764,92.893,1.299
3765,92.893,1.299
3766,92.893,1.299
3767,92.893,1.299
3768,92.893,1.299
3769,92.893,1.299
3770,92.893,1.299
3771,92.893,1.299
3772,92.893,1.299
3773,92.893,1.299
3774,92.893,1.299
3775,92.893,1.299
3776,92.893,1.299
3777,92.893,1.299
3778,92.893,1.299
3779,92.893,1.299
3780,92.893,1.299
3781,92.893,1.299
3782,92.893,1.299
3783,92.893,1.299
3784,92.893,1.299
3785,92.893,1.299
3786,92.893,1.299
3787,92.893,1.299
3788,92.893,1.299
3789,92.893,1.299
3790,92.893,1.299
3791,92.893,1.299
3792,92.893,1.299
3793,92.893,1.299
3794,92.893,1.299
3795,92.893,1.299
3796,92.893,1.299
3797,92.893,1.299
3798,92.893,1.299
3799,92.893,1.299
3800,92.893,1.299
3801,92.893,1.299
3802,92.893,1.299
3803,92.893,1.299
3804,92.893,1.299
3805,92.893,1.299
3806,92.893,1.299
3807,92.893,1.299
3808,92.893,1.299
3809,92.893,1.299
3810,92.893,1.299
3811,92.893,1.299
3812,92.893,1.299
3813,92.893,1.299
3814,92.893,1.299
3815,92.893,1.299
3816,92.893,1.299
3817,92.893,1.299
3818,92.893,1.299
3819,92.893,1.299
3820,92.893,1.299
3821,92.893,1.299
3822,92.893,1.299
3823,92.893,1.299
3824,92.893,1.299
3825,92.893,1.299
3826,92.893,1.299
3827,92.893,1.299
3828,92.893,1.299
3829,92.893,1.299
3830,92.893,1.299
3831,92.893,1.299
3832,92.893,1.299
3833,92.893,1.299
3834,92.893,1.299
3835,92.893,1.299
3836,92.893,1.299
3837,92.893,1.299
3838,92.893,1.299
3839,92.893,1.299
3840,92.893,1.299
3841,92.893,1.299
3842,92.893,1.299
3843,92.893,1.299
3844,92.893,1.299
3845,92.893,1.299
3846,92.893,1.299
3847,92.893,1.299
3848,92.893,1.299
3849,92.893,1.299
3850,92.893,1.299
3851,92.893,1.299
3852,92.893,1.299
3853,92.893,1.299
3854,92.893,1.299
3855,92.893,1.299
3856,92.893,1.299
3857,92.893,1.299
3858,92.893,1.299
3859,92.893,1.299
3860,92.893,1.299
3861,92.893,1.299
3862,92.893,1.299
3863,92.893,1.299
3864,92.893,1.299
3865,92.893,1.299
3866,92.893,1.299
3867,92.893,1.299
3868,92.893,1.299
3869,92.893,1.299
3870,92.893,1.299
3871,92.893,1.299
3872,92.893,1.299
3873,92.893,1.299
3874,92.893,1.299
3875,92.893,1.299
3876,92.893,1.299
3877,92.893,1.299
3878,92.893,1.299
3879,92.893,1.299
3880,92.893,1.299
3881,92.893,1.299
3882,92.893,1.299
3883,92.893,1.299
3884,92.893,1.299
3885,92.893,1.299
3886,92.893,1.299
3887,92.893,1.299
3888,92.893,1.299
3889,92.893,1.299
3890,92.893,1.299
3891,92.893,1.299
3892,92.893,1.299
3893,92.893,1.299
3894,92.893,1.299
3895,92.893,1.299
3896,92.893,1.299
3897,92.893,1.299
3898,92.893,1.299
3899,92.893,1.299
3900,92.893,1.299
3901,92.893,1.299
3902,92.893,1.299
3903,92.893,1.299
3904,92.893,1.299
3905,92.893,1.299
3906,92.893,1.299
3907,92.893,1.299
3908,92.893,1.299
3909,92.893,1.299
3910,92.893,1.299
3911,92.893,1.299
3912,92.893,1.299
3913,92.893,1.299
3914,92.893,1.299
3915,92.893,1.299
3916,92.893,1.299
3917,92.893,1.299
3918,92.893,1.299
3919,92.893,1.299
3920,92.893,1.299
3921,92.893,1.299
3922,92.893,1.299
3923,92.893,1.299
3924,92.893,1.299
3925,92.893,1.299
3926,92.893,1.299
3927,92.893,1.299
3928,92.893,1.299
3929,92.893,1.299
3930,92.893,1.299
3931,92.893,1.299
3932,92.893,1.299
3933,92.893,1.299
3934,92.893,1.299
3935,92.893,1.299
3936,92.893,1.299
3937,92.893,1.299
3938,92.893,1.299
3939,92.893,1.299
3940,92.893,1.299
3941,92.893,1.299
3942,92.893,1.299
3943,92.893,1.299
3944,92.893,1.299
3945,92.893,1.299
3946,92.893,1.299
3947,92.893,1.299
3948,92.893,1.299
3949,92.893,1.299
3950,92.893,1.299
3951,92.893,1.299
3952,92.893,1.299
3953,92.893,1.299
3954,92.893,1.299
3955,92.893,1.299
3956,92.893,1.299
3957,92.893,1.299
3958,92.893,1.299
3959,92.893,1.299
3960,92.893,1.299
3961,92.893,1.299
3962,92.893,1.299
3963,92.893,1.299
3964,92.893,1.299
3965,92.893,1.299
3966,92.893,1.299
3967,92.893,1.299
3968,92.893,1.299
3969,92.893,1.299
3970,92.893,1.299
3971,92.893,1.299
3972,92.893,1.299
3973,92.893,1.299
3974,92.893,1.299
3975,92.893,1.299
3976,92.893,1.299
3977,92.893,1.299
3978,92.893,1.299
3979,92.893,1.299
3980,92.893,1.299
3981,92.893,1.299
3982,92.893,1.299
3983,92.893,1.299
3984,92.893,1.299
3985,92.893,1.299
3986,92.893,1.299
3987,92.893,1.299
3988,92.893,1.299
3989,92.893,1.299
3990,92.893,1.299
3991,92.893,1.299
3992,92.893,1.299
3993,92.893,1.299
3994,92.893,1.299
3995,92.893,1.299
3996,92.893,1.299
3997,92.893,1.299
3998,92.893,1.299
3999,92.893,1.299
4000,92.893,1.299
4001,92.893,1.299
4002,92.893,1.299
4003,92.893,1.299
4004,92.893,1.299
4005,92.893,1.299
4006,92.893,1.299
4007,92.893,1.299
4008,92.893,1.299
4009,92.893,1.299
4010,92.893,1.299
4011,92.893,1.299
4012,92.893,1.299
4013,92.893,1.299
4014,92.893,1.299
4015,92.893,1.299
4016,92.893,1.299
4017,92.893,1.299
4018,92.893,1.299
4019,92.893,1.299
4020,92.893,1.299
4021,92.893,1.299
4022,92.893,1.299
4023,92.893,1.299
4024,92.893,1.299
4025,92.893,1.299
4026,92.893,1.299
4027,92.893,1.299
4028,92.893,1.299
4029,92.893,1.299
4030,92.893,1.299
4031,92.893,1.299
4032,92.893,1.299
4033,92.893,1.299
4034,92.893,1.299
4035,92.893,1.299
4036,92.893,1.299
4037,92.893,1.299
4038,92.893,1.299
4039,92.893,1.299
4040,92.893,1.299
4041,92.893,1.299
4042,92.893,1.299
4043,92.893,1.299
4044,92.893,1.299
4045,92.893,1.299
4046,92.893,1.299
4047,92.893,1.299
4048,92.893,1.299
4049,92.893,1.299
4050,92.893,1.299
4051,92.893,1.299
4052,92.893,1.299
4053,92.893,1.299
4054,92.893,1.299
4055,92.893,1.299
4056,92.893,1.299
4057,92.893,1.299
4058,92.893,1.299
4059,92.893,1.299
4060,92.893,1.299
4061,92.893,1.299
4062,92.893,1.299
4063,92.893,1.299
4064,92.893,1.299
4065,92.893,1.299
4066,92.893,1.299
4067,92.893,1.299
4068,92.893,1.299
4069,92.893,1.299
4070,92.893,1.299
4071,92.893,1.299
4072,92.893,1.299
4073,92.893,1.299
4074,92.893,1.299
4075,92.893,1.299
4076,92.893,1.299
4077,92.893,1.299
4078,92.893,1.299
4079,92.893,1.299
4080,92.893,1.299
4081,92.893,1.299
4082,92.893,1.299
4083,92.893,1.299
4084,92.893,1.299
4085,92.893,1.299
4086,92.893,1.299
4087,92.893,1.299
4088,92.893,1.299
4089,92.893,1.299
4090,92.893,1.299
4091,92.893,1.299
4092,92.893,1.299
4093,92.893,1.299
4094,92.893,1.299
4095,92.893,1.299
4096,92.893,1.299
4097,92.893,1.299
4098,92.893,1.299
4099,92.893,1.299
4100,92.893,1.299
4101,92.893,1.299
4102,92.893,1.299
4103,92.893,1.299
4104,92.893,1.299
4105,92.893,1.299
4106,92.893,1.299
4107,92.893,1.299
4108,92.893,1.299
4109,92.893,1.299
4110,92.893,1.299
4111,92.893,1.299
4112,92.893,1.299
4113,92.893,1.299
4114,92.893,1.299
4115,92.893,1.299
4116,92.893,1.299
4117,92.893,1.299
4118,92.893,1.299
0,92.893,1.299
1,92.893,1.299
2,92.893,1.299
3,92.893,1.299
4,92.893,1.299
5,92.893,1.299
6,92.893,1.299
7,92.893,1.299
8,92.893,1.299
9,92.893,1.299
10,92.893,1.299
11,92.893,1.299
12,92.893,1.299
13,92.893,1.299
14,92.893,1.299
15,92.893,1.299
16,92.893,1.299
17,92.893,1.299
18,92.893,1.299
19,92.893,1.299
20,92.893,1.299
21,92.893,1.299
22,92.893,1.299
23,92.893,1.299
24,92.893,1.299
25,92.893,1.299
26,92.893,1.299
27,92.893,1.299
28,92.893,1.299
29,92.893,1.299
30,92.893,1.299
31,92.893,1.299
32,92.893,1.299
33,92.893,1.299
34,92.893,1.299
35,92.893,1.299
36,92.893,1.299
37,92.893,1.299
38,92.893,1.299
39,92.893,1.299
40,92.893,1.299
41,92.893,1.299
42,92.893,1.299
43,92.893,1.299
44,92.893,1.299
45,92.893,1.299
46,92.893,1.299
47,92.893,1.299
48,92.893,1.299
49,92.893,1.299
50,92.893,1.299
51,92.893,1.299
52,92.893,1.299
53,92.893,1.299
54,92.893,1.299
55,92.893,1.299
56,92.893,1.299
57,92.893,1.299
58,92.893,1.299
59,92.893,1.299
60,92.893,1.299
61,92.893,1.299
62,92.893,1.299
63,92.893,1.299
64,92.893,1.299
65,92.893,1.299
66,92.893,1.299
67,92.893,1.299
68,92.893,1.299
69,92.893,1.299
70,92.893,1.299
71,92.893,1.299
72,92.893,1.299
73,92.893,1.299
74,92.893,1.299
75,92.893,1.299
76,92.893,1.299
77,92.893,1.299
78,92.893,1.299
79,92.893,1.299
80,92.893,1.299
81,92.893,1.299
82,92.893,1.299
83,92.893,1.299
84,92.893,1.299
85,92.893,1.299
86,92.893,1.299
87,92.893,1.299
88,92.893,1.299
89,92.893,1.299
90,92.893,1.299
91,92.893,1.299
92,92.893,1.299
93,92.893,1.299
94,92.893,1.299
95,92.893,1.299
96,92.893,1.299
97,92.893,1.299
98,92.893,1.299
99,92.893,1.299
100,92.893,1.299
101,92.893,1.299
102,92.893,1.299
103,92.893,1.299
104,92.893,1.299
105,92.893,1.299
106,92.893,1.299
107,92.893,1.299
108,92.893,1.299
109,92.893,1.299
110,92.893,1.299
111,92.893,1.299
112,92.893,1.299
113,92.893,1.299
114,92.893,1.299
115,92.893,1.299
116,92.893,1.299
117,92.893,1.299
118,92.893,1.299
119,92.893,1.299
120,92.893,1.291
121,92.893,1.291
122,92.893,1.291
123,92.893,1.291
124,92.893,1.291
125,92.893,1.291
126,92.893,1.291
127,92.893,1.291
128,92.893,1.291
129,92.893,1.291
130,92.893,1.291
131,92.893,1.291
132,92.893,1.291
133,92.893,1.291
134,92.893,1.291
135,92.893,1.291
136,92.893,1.291
137,92.893,1.291
138,92.893,1.291
139,92.893,1.291
140,92.893,1.291
141,92.893,1.291
142,92.893,1.291
143,92.893,1.291
144,92.893,1.291
145,92.893,1.291
146,92.893,1.291
147,92.893,1.291
148,92.893,1.291
149,92.893,1.291
150,92.893,1.291
151,92.893,1.291
152,92.893,1.291
153,92.893,1.291
154,92.893,1.291
155,92.893,1.291
156,92.893,1.291
157,92.893,1.291
158,92.893,1.291
159,92.893,1.291
160,92.893,1.291
161,92.893,1.291
162,92.893,1.291
163,92.893,1.291
164,92.893,1.291
165,92.893,1.291
166,92.893,1.291
167,92.893,1.291
168,92.893,1.291
169,92.893,1.291
170,92.893,1.291
171,92.893,1.291
172,92.893,1.291
173,92.893,1.291
174,92.893,1.291
175,92.893,1.291
176,92.893,1.291
177,92.893,1.291
178,92.893,1.291
179,92.893,1.291
180,92.893,1.291
181,92.893,1.291
182,92.893,1.291
183,92.893,1.291
184,92.893,1.291
185,92.893,1.291
186,92.893,1.291
187,92.893,1.291
188,92.893,1.291
189,92.893,1.291
190,92.893,1.291
191,92.893,1.291
192,92.893,1.291
193,92.893,1.291
194,92.893,1.291
195,92.893,1.291
196,92.893,1.291
197,92.893,1.291
198,92.893,1.291
199,92.893,1.291
200,92.893,1.291
201,92.893,1.291
202,92.893,1.291
203,92.893,1.291
204,92.893,1.291
205,92.893,1.291
206,92.893,1.291
207,92.893,1.291
208,92.893,1.291
209,92.893,1.291
210,92.893,1.291
211,92.893,1.291
212,92.893,1.291
213,92.893,1.291
214,92.893,1.291
215,92.893,1.291
216,92.893,1.291
217,92.893,1.291
218,92.893,1.291
219,92.893,1.291
220,92.893,1.291
221,92.893,1.291
222,92.893,1.291
223,92.893,1.291
224,92.893,1.291
225,92.893,1.291
226,92.893,1.291
227,92.893,1.291
228,92.893,1.291
229,92.893,1.291
230,92.893,1.291
231,92.893,1.291
232,92.893,1.291
233,92.893,1.291
234,92.893,1.291
235,92.893,1.291
236,92.893,1.291
237,92.893,1.291
238,92.893,1.291
239,92.893,1.291
240,92.893,1.291
241,92.893,1.291
242,92.893,1.291
243,92.893,1.291
244,92.893,1.291
245,92.893,1.291
246,92.893,1.291
247,92.893,1.291
248,92.893,1.291
249,92.893,1.291
250,92.893,1.291
251,92.893,1.291
252,92.893,1.291
253,92.893,1.291
254,92.893,1.291
255,92.893,1.291
256,92.893,1.291
257,92.893,1.291
258,92.893,1.291
259,92.893,1.291
260,92.893,1.291
261,92.893,1.291
262,92.893,1.291
263,92.893,1.291
264,92.893,1.291
265,92.893,1.291
266,92.893,1.291
267,92.893,1.291
268,92.893,1.291
269,92.893,1.291
270,92.893,1.291
271,92.893,1.291
272,92.893,1.291
273,92.893,1.291
274,92.893,1.291
275,92.893,1.291
276,92.893,1.291
277,92.893,1.291
278,92.893,1.291
279,92.893,1.291
280,92.893,1.291
281,92.893,1.291
282,92.893,1.291
283,92.893,1.291
284,92.893,1.291
285,92.893,1.291
286,92.893,1.291
287,92.893,1.291
288,92.893,1.291
289,92.893,1.291
290,92.893,1.291
291,92.893,1.291
292,92.893,1.291
293,92.893,1.291
294,92.893,1.291
295,92.893,1.291
296,92.893,1.291
297,92.893,1.291
298,92.893,1.291
299,92.893,1.291
300,92.893,1.291
301,92.893,1.291
302,92.893,1.291
303,92.893,1.291
304,92.893,1.291
305,92.893,1.291
306,92.893,1.291
307,92.893,1.291
308,92.893,1.291
309,92.893,1.291
310,92.893,1.291
311,92.893,1.291
312,92.893,1.291
313,92.893,1.291
314,92.893,1.291
315,92.893,1.291
316,92.893,1.291
317,92.893,1.291
318,92.893,1.291
319,92.893,1.291
320,92.893,1.291
321,92.893,1.291
322,92.893,1.291
323,92.893,1.291
324,92.893,1.291
325,92.893,1.291
326,92.893,1.291
327,92.893,1.291
328,92.893,1.291
329,92.893,1.291
330,92.893,1.291
331,92.893,1.291
332,92.893,1.291
333,92.893,1.291
334,92.893,1.291
335,92.893,1.291
336,92.893,1.291
337,92.893,1.291
338,92.893,1.291
339,92.893,1.291
340,92.893,1.291
341,92.893,1.291
342,92.893,1.291
343,92.893,1.291
344,92.893,1.291
345,92.893,1.291
346,92.893,1.291
347,92.893,1.291
348,92.893,1.291
349,92.893,1.291
350,92.893,1.291
351,92.893,1.291
352,92.893,1.291
353,92.893,1.291
354,92.893,1.291
355,92.893,1.291
356,92.893,1.291
357,92.893,1.291
358,92.893,1.291
359,92.893,1.291
360,92.893,1.291
361,92.893,1.291
362,92.893,1.291
363,92.893,1.291
364,92.893,1.291
365,92.893,1.291
366,92.893,1.291
367,92.893,1.291
368,92.893,1.291
369,92.893,1.291
370,92.893,1.291
371,92.893,1.291
372,92.893,1.291
373,92.893,1.291
374,92.893,1.291
375,92.893,1.291
376,92.893,1.291
377,92.893,1.291
378,92.893,1.291
379,92.893,1.291
380,92.893,1.291
381,92.893,1.291
382,92.893,1.291
383,92.893,1.291
384,92.893,1.291
385,92.893,1.291
386,92.893,1.291
387,92.893,1.291
388,92.893,1.291
389,92.893,1.291
390,92.893,1.291
391,92.893,1.291
392,92.893,1.291
393,92.893,1.291
394,92.893,1.291
395,92.893,1.291
396,92.893,1.291
397,92.893,1.291
398,92.893,1.291
399,92.893,1.291
400,92.893,1.291
401,92.893,1.291
402,92.893,1.291
403,92.893,1.291
404,92.893,1.291
405,92.893,1.291
406,92.893,1.291
407,92.893,1.291
408,92.893,1.291
409,92.893,1.291
410,92.893,1.291
411,92.893,1.291
412,92.893,1.291
413,92.893,1.291
414,92.893,1.291
415,92.893,1.291
416,92.893,1.291
417,92.893,1.291
418,92.893,1.291
419,92.893,1.291
420,92.893,1.291
421,92.893,1.291
422,92.893,1.291
423,92.893,1.291
424,92.893,1.291
425,92.893,1.291
426,92.893,1.291
427,92.893,1.291
428,92.893,1.291
429,92.893,1.291
430,92.893,1.291
431,92.893,1.291
432,92.893,1.291
433,92.893,1.291
434,92.893,1.291
435,92.893,1.291
436,92.893,1.291
437,92.893,1.291
438,92.893,1.291
439,92.893,1.291
440,92.893,1.291
441,92.893,1.291
442,92.893,1.291
443,92.893,1.291
444,92.893,1.291
445,92.893,1.291
446,92.893,1.291
447,92.893,1.291
448,92.893,1.291
449,92.893,1.291
450,92.893,1.291
451,92.893,1.291
452,92.893,1.291
453,92.893,1.291
454,92.893,1.291
455,92.893,1.291
456,92.893,1.291
457,92.893,1.291
458,92.893,1.291
459,92.893,1.291
460,92.893,1.291
461,92.893,1.291
462,92.893,1.291
463,92.893,1.291
464,92.893,1.291
465,92.893,1.291
466,92.893,1.291
467,92.893,1.291
468,92.893,1.291
469,92.893,1.291
470,92.893,1.291
471,92.893,1.291
472,92.893,1.291
473,92.893,1.291
474,92.893,1.291
475,92.893,1.291
476,92.893,1.291
477,92.893,1.291
478,92.893,1.291
479,92.893,1.291
480,92.893,1.291
481,92.893,1.291
482,92.893,1.291
483,92.893,1.291
484,92.893,1.291
485,92.893,1.291
486,92.893,1.291
487,92.893,1.291
488,92.893,1.291
489,92.893,1.291
490,92.893,1.291
491,92.893,1.291
492,92.893,1.291
493,92.893,1.291
494,92.893,1.291
495,92.893,1.291
496,92.893,1.291
497,92.893,1.291
498,92.893,1.291
499,92.893,1.291
500,92.893,1.291
501,92.893,1.291
502,92.893,1.291
503,92.893,1.291
504,92.893,1.291
505,92.893,1.291
506,92.893,1.291
507,92.893,1.291
508,92.893,1.291
509,92.893,1.291
510,92.893,1.291
511,92.893,1.291
512,92.893,1.291
513,92.893,1.291
514,92.893,1.291
515,92.893,1.291
516,92.893,1.291
517,92.893,1.291
518,92.893,1.291
519,92.893,1.291
520,92.893,1.291
521,92.893,1.291
522,92.893,1.291
523,92.893,1.291
524,92.893,1.291
525,92.893,1.291
526,92.893,1.291
527,92.893,1.291
528,92.893,1.291
529,92.893,1.291
530,92.893,1.291
531,92.893,1.291
532,92.893,1.291
533,92.893,1.291
534,92.893,1.291
535,92.893,1.291
536,92.893,1.291
537,92.893,1.291
538,92.893,1.291
539,92.893,1.291
540,92.893,1.291
541,92.893,1.291
542,92.893,1.291
543,92.893,1.291
544,92.893,1.291
545,92.893,1.291
546,92.893,1.291
547,92.893,1.291
548,92.893,1.291
549,92.893,1.291
550,92.893,1.291
551,92.893,1.291
552,92.893,1.291
553,92.893,1.291
554,92.893,1.291
555,92.893,1.291
556,92.893,1.291
557,92.893,1.291
558,92.893,1.291
559,92.893,1.291
560,92.893,1.291
561,92.893,1.291
562,92.893,1.291
563,92.893,1.291
564,92.893,1.291
565,92.893,1.291
566,92.893,1.291
567,92.893,1.291
568,92.893,1.291
569,92.893,1.291
570,92.893,1.291
571,92.893,1.291
572,92.893,1.291
573,92.893,1.291
574,92.893,1.291
575,92.893,1.291
576,92.893,1.291
577,92.893,1.291
578,92.893,1.291
579,92.893,1.291
580,92.893,1.291
581,92.893,1.291
582,92.893,1.291
583,92.893,1.291
584,92.893,1.291
585,92.893,1.291
586,92.893,1.291
587,92.893,1.291
588,92.893,1.291
589,92.893,1.291
590,92.893,1.291
591,92.893,1.291
592,92.893,1.291
593,92.893,1.291
594,92.893,1.291
595,92.893,1.291
596,92.893,1.291
597,92.893,1.291
598,92.893,1.291
599,92.893,1.291
600,92.893,1.291
601,92.893,1.291
602,92.893,1.291
603,92.893,1.291
604,92.893,1.291
605,92.893,1.291
606,92.893,1.291
607,92.893,1.291
608,92.893,1.291
609,92.893,1.291
610,92.893,1.291
611,92.893,1.291
612,92.893,1.291
613,92.893,1.291
614,92.893,1.291
615,92.893,1.291
616,92.893,1.291
617,92.893,1.291
618,92.893,1.291
619,92.893,1.291
620,92.893,1.291
621,92.893,1.291
622,92.893,1.291
623,92.893,1.291
624,92.893,1.291
625,92.893,1.291
626,92.893,1.291
627,92.893,1.291
628,92.893,1.291
629,92.893,1.291
630,92.893,1.291
631,92.893,1.291
632,92.893,1.291
633,92.893,1.291
634,92.893,1.291
635,92.893,1.291
636,92.893,1.291
637,92.893,1.291
638,92.893,1.291
639,92.893,1.291
640,92.893,1.291
641,92.893,1.291
642,92.893,1.291
643,92.893,1.291
644,92.893,1.291
645,92.893,1.291
646,92.893,1.291
647,92.893,1.291
648,92.893,1.291
649,92.893,1.291
650,92.893,1.291
651,92.893,1.291
652,92.893,1.291
653,92.893,1.291
654,92.893,1.291
655,92.893,1.291
656,92.893,1.291
657,92.893,1.291
658,92.893,1.291
659,92.893,1.291
660,92.893,1.291
661,92.893,1.291
662,92.893,1.291
663,92.893,1.291
664,92.893,1.281
665,92.893,1.281
666,92.893,1.281
667,92.893,1.281
668,92.893,1.281
669,92.893,1.281
670,92.893,1.281
671,92.893,1.281
672,92.893,1.281
673,92.893,1.281
674,92.893,1.281
675,92.893,1.281
676,92.893,1.281
677,92.893,1.281
678,92.893,1.281
679,92.893,1.281
680,92.893,1.281
681,92.893,1.281
682,92.893,1.281
683,92.893,1.281
684,92.893,1.281
685,92.893,1.281
686,92.893,1.281
687,92.893,1.281
688,92.893,1.281
689,92.893,1.281
690,92.893,1.281
691,92.893,1.281
692,92.893,1.281
693,92.893,1.281
694,92.893,1.281
695,92.893,1.281
696,92.893,1.281
697,92.893,1.281
698,92.893,1.281
699,92.893,1.281
700,92.893,1.281
701,92.893,1.281
702,92.893,1.281
703,92.893,1.281
704,92.893,1.281
705,92.893,1.281
706,92.893,1.281
707,92.893,1.281
708,92.893,1.281
709,92.893,1.281
710,92.893,1.281
711,92.893,1.281
712,92.893,1.281
713,92.893,1.281
714,92.893,1.281
715,92.893,1.281
716,92.893,1.281
717,92.893,1.281
718,92.893,1.281
719,92.893,1.281
720,92.893,1.281
721,92.893,1.281
722,92.893,1.281
723,92.893,1.281
724,92.893,1.281
725,92.893,1.281
726,92.893,1.281
727,92.893,1.281
728,92.893,1.281
729,92.893,1.281
730,92.893,1.281
731,92.893,1.281
732,92.893,1.281
733,92.893,1.281
734,92.893,1.281
735,92.893,1.281
736,92.893,1.281
737,92.893,1.281
738,92.893,1.281
739,92.893,1.281
740,92.893,1.281
741,92.893,1.281
742,92.893,1.281
743,92.893,1.281
744,92.893,1.281
745,92.893,1.281
746,92.893,1.281
747,92.893,1.281
748,92.893,1.281
749,92.893,1.281
750,92.893,1.281
751,92.893,1.281
752,92.893,1.281
753,92.893,1.281
754,92.893,1.281
755,92.893,1.281
756,92.893,1.281
757,92.893,1.281
758,92.893,1.281
759,92.893,1.281
760,92.893,1.281
761,92.893,1.281
762,92.893,1.281
763,92.893,1.281
764,92.893,1.281
765,92.893,1.281
766,92.893,1.281
767,92.893,1.281
768,92.893,1.281
769,92.893,1.281
770,92.893,1.281
771,92.893,1.281
772,92.893,1.281
773,92.893,1.281
774,92.893,1.281
775,92.893,1.281
776,92.893,1.281
777,92.893,1.281
778,92.893,1.281
779,92.893,1.281
780,92.893,1.281
781,92.893,1.281
782,92.893,1.281
783,92.893,1.281
784,92.893,1.281
785,92.893,1.281
786,92.893,1.281
787,92.893,1.281
788,92.893,1.281
789,92.893,1.281
790,92.893,1.281
791,92.893,1.281
792,92.893,1.281
793,92.893,1.281
794,92.893,1.281
795,92.893,1.281
796,92.893,1.281
797,92.893,1.281
798,92.893,1.281
799,92.893,1.281
800,92.893,1.281
801,92.893,1.281
802,92.893,1.281
803,92.893,1.281
804,92.893,1.281
805,92.893,1.281
806,92.893,1.281
807,92.893,1.281
808,92.893,1.281
809,92.893,1.281
810,92.893,1.281
811,92.893,1.281
812,92.893,1.281
813,92.893,1.281
814,92.893,1.281
815,92.893,1.281
816,92.893,1.281
817,92.893,1.281
818,92.893,1.281
819,92.893,1.281
820,92.893,1.281
821,92.893,1.281
822,92.893,1.281
823,92.893,1.281
824,92.893,1.281
825,92.893,1.281
826,92.893,1.281
827,92.893,1.281
828,92.893,1.281
829,92.893,1.281
830,92.893,1.281
831,92.893,1.281
832,92.893,1.281
833,92.893,1.281
834,92.893,1.281
835,92.893,1.281
836,92.893,1.281
837,92.893,1.281
838,92.893,1.281
839,92.893,1.281
840,92.893,1.281
841,92.893,1.281
842,92.893,1.281
843,92.893,1.281
844,92.893,1.281
845,92.893,1.281
846,92.893,1.281
847,92.893,1.281
848,92.893,1.281
849,92.893,1.281
850,92.893,1.281
851,92.893,1.281
852,92.893,1.281
853,92.893,1.281
854,92.893,1.281
855,92.893,1.281
856,92.893,1.281
857,92.893,1.281
858,92.893,1.281
859,92.893,1.281
860,92.893,1.281
861,92.893,1.281
862,92.893,1.281
863,92.893,1.281
864,92.893,1.281
865,92.893,1.281
866,92.893,1.281
867,92.893,1.281
868,92.893,1.281
869,92.893,1.281
870,92.893,1.281
871,92.893,1.281
872,92.893,1.281
873,92.893,1.281
874,92.893,1.281
875,92.893,1.281
876,92.893,1.281
877,92.893,1.281
878,92.893,1.281
879,92.893,1.281
880,92.893,1.281
881,92.893,1.281
882,92.893,1.281
883,92.893,1.281
884,92.893,1.281
885,92.893,1.281
886,92.893,1.281
887,92.893,1.281
888,92.893,1.281
889,92.893,1.281
890,92.893,1.281
891,92.893,1.281
892,92.893,1.281
893,92.893,1.281
894,92.893,1.281
895,92.893,1.281
896,92.893,1.281
897,92.893,1.281
898,92.893,1.281
899,92.893,1.281
900,92.893,1.281
901,92.893,1.281
902,92.893,1.281
903,92.893,1.281
904,92.893,1.281
905,92.893,1.281
906,92.893,1.281
907,92.893,1.281
908,92.893,1.281
909,92.893,1.281
910,92.893,1.281
911,92.893,1.281
912,92.893,1.281
913,92.893,1.281
914,92.893,1.281
915,92.893,1.281
916,92.893,1.281
917,92.893,1.281
918,92.893,1.281
919,92.893,1.281
920,92.893,1.281
921,92.893,1.281
922,92.893,1.281
923,92.893,1.281
924,92.893,1.281
925,92.893,1.281
926,92.893,1.281
927,92.893,1.281
928,92.893,1.281
929,92.893,1.281
930,92.893,1.281
931,92.893,1.281
932,92.893,1.281
933,92.893,1.281
934,92.893,1.281
935,92.893,1.281
936,92.893,1.281
937,92.893,1.281
938,92.893,1.281
939,92.893,1.281
940,92.893,1.281
941,92.893,1.281
942,92.893,1.281
943,92.893,1.281
944,92.893,1.281
945,92.893,1.281
946,92.893,1.281
947,92.893,1.281
948,92.893,1.281
949,92.893,1.281
950,92.893,1.281
951,92.893,1.281
952,92.893,1.281
953,92.893,1.281
954,92.893,1.281
955,92.893,1.281
956,92.893,1.281
957,92.893,1.281
958,92.893,1.281
959,92.893,1.281
960,92.893,1.281
961,92.893,1.281
962,92.893,1.281
963,92.893,1.281
964,92.893,1.281
965,92.893,1.281
966,92.893,1.281
967,92.893,1.281
968,92.893,1.281
969,92.893,1.281
970,92.893,1.281
971,92.893,1.281
972,92.893,1.281
973,92.893,1.281
974,92.893,1.281
975,92.893,1.281
976,92.893,1.281
977,92.893,1.281
978,92.893,1.281
979,92.893,1.281
980,92.893,1.281
981,92.893,1.281
982,92.893,1.281
983,92.893,1.281
984,92.893,1.281
985,92.893,1.281
986,92.893,1.281
987,92.893,1.281
988,92.893,1.281
989,92.893,1.281
990,92.893,1.281
991,92.893,1.281
992,92.893,1.281
993,92.893,1.281
994,92.893,1.281
995,92.893,1.281
996,92.893,1.281
997,92.893,1.281
998,92.893,1.281
999,92.893,1.281
1000,92.893,1.281
1001,92.893,1.281
1002,92.893,1.281
1003,92.893,1.281
1004,92.893,1.281
1005,92.893,1.281
1006,92.893,1.281
1007,92.893,1.281
1008,92.893,1.281
1009,92.893,1.281
1010,92.893,1.281
1011,92.893,1.281
1012,92.893,1.281
1013,92.893,1.281
1014,92.893,1.281
1015,92.893,1.281
1016,92.893,1.281
1017,92.893,1.281
1018,92.893,1.281
1019,92.893,1.281
1020,92.893,1.281
1021,92.893,1.281
1022,92.893,1.281
1023,92.893,1.281
1024,92.893,1.281
1025,92.893,1.281
1026,92.893,1.281
1027,92.893,1.281
1028,92.893,1.281
1029,92.893,1.281
1030,92.893,1.281
1031,92.893,1.281
1032,92.893,1.281
1033,92.893,1.281
1034,92.893,1.281
1035,92.893,1.281
1036,92.893,1.281
1037,92.893,1.281
1038,92.893,1.281
1039,92.893,1.281
1040,92.893,1.281
1041,92.893,1.281
1042,92.893,1.281
1043,92.893,1.281
1044,92.893,1.281
1045,92.893,1.281
1046,92.893,1.281
1047,92.893,1.281
1048,92.893,1.281
1049,92.893,1.281
1050,92.893,1.281
1051,92.893,1.281
1052,92.893,1.281
1053,92.893,1.281
1054,92.893,1.281
1055,92.893,1.281
1056,92.893,1.281
1057,92.893,1.281
1058,92.893,1.281
1059,92.893,1.281
1060,92.893,1.281
1061,92.893,1.281
1062,92.893,1.281
1063,92.893,1.281
1064,92.893,1.281
1065,92.893,1.281
1066,92.893,1.281
1067,92.893,1.281
1068,92.893,1.281
1069,92.893,1.281
1070,92.893,1.281
1071,92.893,1.281
1072,92.893,1.281
1073,92.893,1.281
1074,92.893,1.281
1075,92.893,1.281
1076,92.893,1.281
1077,92.893,1.281
1078,92.893,1.281
1079,92.893,1.281
1080,92.893,1.281
1081,92.893,1.281
1082,92.893,1.281
1083,92.893,1.281
1084,92.893,1.281
1085,92.893,1.281
1086,92.893,1.281
1087,92.893,1.281
1088,92.893,1.281
1089,92.893,1.281
1090,92.893,1.281
1091,92.893,1.281
1092,92.893,1.281
1093,92.893,1.281
1094,92.893,1.281
1095,92.893,1.281
1096,92.893,1.281
1097,92.893,1.281
1098,92.893,1.281
1099,92.893,1.281
1100,92.893,1.281
1101,92.893,1.281
1102,92.893,1.281
1103,92.893,1.281
1104,92.893,1.281
1105,92.893,1.281
1106,92.893,1.281
1107,92.893,1.281
1108,92.893,1.281
1109,92.893,1.281
1110,92.893,1.281
1111,92.893,1.281
1112,92.893,1.281
1113,92.893,1.281
1114,92.893,1.281
1115,92.893,1.281
1116,92.893,1.281
1117,92.893,1.281
1118,92.893,1.281
1119,92.893,1.281
1120,92.893,1.281
1121,92.893,1.281
1122,92.893,1.281
1123,92.893,1.281
1124,92.893,1.281
1125,92.893,1.281
1126,92.893,1.281
1127,92.893,1.281
1128,92.893,1.281
1129,92.893,1.281
1130,92.893,1.281
1131,92.893,1.281
1132,92.893,1.281
1133,92.893,1.281
1134,92.893,1.281
1135,92.893,1.281
1136,92.893,1.281
1137,92.893,1.281
1138,92.893,1.281
1139,92.893,1.281
1140,92.893,1.281
1141,92.893,1.281
1142,92.893,1.281
1143,92.893,1.281
1144,92.893,1.281
1145,92.893,1.281
1146,92.893,1.281
1147,92.893,1.281
1148,92.893,1.281
1149,92.893,1.281
1150,92.893,1.281
1151,92.893,1.281
1152,92.893,1.281
1153,92.893,1.281
1154,92.893,1.281
1155,92.893,1.281
1156,92.893,1.281
1157,92.893,1.281
1158,92.893,1.281
1159,92.893,1.281
1160,92.893,1.281
1161,92.893,1.281
1162,92.893,1.281
1163,92.893,1.281
1164,92.893,1.281
1165,92.893,1.281
1166,92.893,1.281
1167,92.893,1.281
1168,92.893,1.281
1169,92.893,1.281
1170,92.893,1.281
1171,92.893,1.281
1172,92.893,1.281
1173,92.893,1.281
1174,92.893,1.281
1175,92.893,1.281
1176,92.893,1.281
1177,92.893,1.281
1178,92.893,1.281
1179,92.893,1.281
1180,92.893,1.281
1181,92.893,1.281
1182,92.893,1.281
1183,92.893,1.281
1184,92.893,1.281
1185,92.893,1.281
1186,92.893,1.281
1187,92.893,1.281
1188,92.893,1.281
1189,92.893,1.281
1190,92.893,1.281
1191,92.893,1.281
1192,92.893,1.281
1193,92.893,1.281
1194,92.893,1.281
1195,92.893,1.281
1196,92.893,1.281
1197,92.893,1.281
1198,92.893,1.281
1199,92.893,1.281
1200,92.893,1.281
1201,92.893,1.281
1202,92.893,1.281
1203,92.893,1.281
1204,92.893,1.281
1205,92.893,1.281
1206,92.893,1.281
1207,92.893,1.281
1208,92.893,1.281
1209,92.893,1.281
1210,92.893,1.281
1211,92.893,1.281
1212,92.893,1.281
1213,92.893,1.281
1214,92.893,1.281
1215,92.893,1.281
1216,92.893,1.281
1217,92.893,1.281
1218,92.893,1.281
1219,92.893,1.281
1220,92.893,1.281
1221,92.893,1.281
1222,92.893,1.281
1223,92.893,1.281
1224,92.893,1.281
1225,92.893,1.281
1226,92.893,1.281
1227,92.893,1.281
1228,92.893,1.281
1229,92.893,1.281
1230,92.893,1.281
1231,92.893,1.281
1232,92.893,1.281
1233,92.893,1.281
1234,92.893,1.281
1235,92.893,1.281
1236,92.893,1.281
1237,92.893,1.281
1238,92.893,1.281
1239,92.893,1.281
1240,92.893,1.281
1241,92.893,1.281
1242,92.893,1.281
1243,92.893,1.281
1244,92.893,1.281
1245,92.893,1.281
1246,92.893,1.281
1247,92.893,1.281
1248,92.893,1.281
1249,92.893,1.281
1250,92.893,1.281
1251,92.893,1.281
1252,92.893,1.281
1253,92.893,1.281
1254,92.893,1.281
1255,92.893,1.281
1256,92.893,1.281
1257,92.893,1.281
1258,92.893,1.281
1259,92.893,1.281
1260,92.893,1.281
1261,92.893,1.281
1262,92.893,1.281
1263,92.893,1.281
1264,92.893,1.281
1265,92.893,1.281
1266,92.893,1.281
1267,92.893,1.281
1268,92.893,1.281
1269,92.893,1.281
1270,92.893,1.281
1271,92.893,1.281
1272,92.893,1.281
1273,92.893,1.281
1274,92.893,1.281
1275,92.893,1.281
1276,92.893,1.281
1277,92.893,1.281
1278,92.893,1.281
1279,92.893,1.281
1280,92.893,1.266
1281,92.893,1.266
1282,92.893,1.266
1283,92.893,1.266
1284,92.893,1.266
1285,92.893,1.266
1286,92.893,1.266
1287,92.893,1.266
1288,92.893,1.266
1289,92.893,1.266
1290,92.893,1.266
1291,92.893,1.266
1292,92.893,1.266
1293,92.893,1.266
1294,92.893,1.266
1295,92.893,1.266
1296,92.893,1.266
1297,92.893,1.266
1298,92.893,1.266
1299,92.893,1.266
1300,92.893,1.266
1301,92.893,1.266
1302,92.893,1.266
1303,92.893,1.266
1304,92.893,1.266
1305,92.893,1.266
1306,92.893,1.266
1307,92.893,1.266
1308,92.893,1.266
1309,92.893,1.266
1310,92.893,1.266
1311,92.893,1.266
1312,92.893,1.266
1313,92.893,1.266
1314,92.893,1.266
1315,92.893,1.266
1316,92.893,1.266
1317,92.893,1.266
1318,92.893,1.266
1319,92.893,1.266
1320,92.893,1.266
1321,92.893,1.266
1322,92.893,1.266
1323,92.893,1.266
1324,92.893,1.266
1325,92.893,1.266
1326,92.893,1.266
1327,92.893,1.266
1328,92.893,1.266
1329,92.893,1.266
1330,92.893,1.266
1331,92.893,1.266
1332,92.893,1.266
1333,92.893,1.266
1334,92.893,1.266
1335,92.893,1.266
1336,92.893,1.266
1337,92.893,1.266
1338,92.893,1.266
1339,92.893,1.266
1340,92.893,1.266
1341,92.893,1.266
1342,92.893,1.266
1343,92.893,1.266
1344,92.893,1.266
1345,92.893,1.266
1346,92.893,1.266
1347,92.893,1.266
1348,92.893,1.266
1349,92.893,1.266
1350,92.893,1.266
1351,92.893,1.266
1352,92.893,1.266
1353,92.893,1.266
1354,92.893,1.266
1355,92.893,1.266
1356,92.893,1.266
1357,92.893,1.266
1358,92.893,1.266
1359,92.893,1.266
1360,92.893,1.266
1361,92.893,1.266
1362,92.893,1.266
1363,92.893,1.266
1364,92.893,1.266
1365,92.893,1.266
1366,92.893,1.266
1367,92.893,1.266
1368,92.893,1.266
1369,92.893,1.266
1370,92.893,1.266
1371,92.893,1.266
1372,92.893,1.266
1373,92.893,1.266
1374,92.893,1.266
1375,92.893,1.266
1376,92.893,1.266
1377,92.893,1.266
1378,92.893,1.266
1379,92.893,1.266
1380,92.893,1.266
1381,92.893,1.266
1382,92.893,1.266
1383,92.893,1.266
1384,92.893,1.266
1385,92.893,1.266
1386,92.893,1.266
1387,92.893,1.266
1388,92.893,1.266
1389,92.893,1.266
1390,92.893,1.266
1391,92.893,1.266
1392,92.893,1.266
1393,92.893,1.266
1394,92.893,1.266
1395,92.893,1.266
1396,92.893,1.266
1397,92.893,1.266
1398,92.893,1.266
1399,92.893,1.266
1400,92.893,1.266
1401,92.893,1.266
1402,92.893,1.266
1403,92.893,1.266
1404,92.893,1.266
1405,92.893,1.266
1406,92.893,1.266
1407,92.893,1.266
1408,92.893,1.266
1409,92.893,1.266
1410,92.893,1.266
1411,92.893,1.266
1412,92.893,1.266
1413,92.893,1.266
1414,92.893,1.266
1415,92.893,1.266
1416,92.893,1.266
1417,92.893,1.266
1418,92.893,1.266
1419,92.893,1.266
1420,92.893,1.266
1421,92.893,1.266
1422,92.893,1.266
1423,92.893,1.266
1424,92.893,1.266
1425,92.893,1.266
1426,92.893,1.266
1427,92.893,1.266
1428,92.893,1.266
1429,92.893,1.266
1430,92.893,1.266
1431,92.893,1.266
1432,92.893,1.266
1433,92.893,1.266
1434,92.893,1.266
1435,92.893,1.266
1436,92.893,1.266
1437,92.893,1.266
1438,92.893,1.266
1439,92.893,1.266
1440,92.893,1.266
1441,92.893,1.266
1442,92.893,1.266
1443,92.893,1.266
1444,92.893,1.266
1445,92.893,1.266
1446,92.893,1.266
1447,92.893,1.266
1448,92.893,1.266
1449,92.893,1.266
1450,92.893,1.266
1451,92.893,1.266
1452,92.893,1.266
1453,92.893,1.266
1454,92.893,1.266
1455,92.893,1.266
1456,92.893,1.266
1457,92.893,1.266
1458,92.893,1.266
1459,92.893,1.266
1460,92.893,1.266
1461,92.893,1.266
1462,92.893,1.266
1463,92.893,1.266
1464,92.893,1.266
1465,92.893,1.266
1466,92.893,1.266
1467,92.893,1.266
1468,92.893,1.266
1469,92.893,1.266
1470,92.893,1.266
1471,92.893,1.266
1472,92.893,1.266
1473,92.893,1.266
1474,92.893,1.266
1475,92.893,1.266
1476,92.893,1.266
1477,92.893,1.266
1478,92.893,1.266
1479,92.893,1.266
1480,92.893,1.266
1481,92.893,1.266
1482,92.893,1.266
1483,92.893,1.266
1484,92.893,1.266
1485,92.893,1.266
1486,92.893,1.266
1487,92.893,1.266
1488,92.893,1.266
1489,92.893,1.266
1490,92.893,1.266
1491,92.893,1.266
1492,92.893,1.266
1493,92.893,1.266
1494,92.893,1.266
1495,92.893,1.266
1496,92.893,1.266
1497,92.893,1.266
1498,92.893,1.266
1499,92.893,1.266
1500,92.893,1.266
1501,92.893,1.266
1502,92.893,1.266
1503,92.893,1.266
1504,92.893,1.266
1505,92.893,1.266
1506,92.893,1.266
1507,92.893,1.266
1508,92.893,1.266
1509,92.893,1.266
1510,92.893,1.266
1511,92.893,1.266
1512,92.893,1.266
1513,92.893,1.266
1514,92.893,1.266
1515,92.893,1.266
1516,92.893,1.266
1517,92.893,1.266
1518,92.893,1.266
1519,92.893,1.266
1520,92.893,1.266
1521,92.893,1.266
1522,92.893,1.266
1523,92.893,1.266
1524,92.893,1.266
1525,92.893,1.266
1526,92.893,1.266
1527,92.893,1.266
1528,92.893,1.266
1529,92.893,1.266
1530,92.893,1.266
1531,92.893,1.266
1532,92.893,1.266
1533,92.893,1.266
1534,92.893,1.266
1535,92.893,1.266
1536,92.893,1.266
1537,92.893,1.266
1538,92.893,1.266
1539,92.893,1.266
1540,92.893,1.266
1541,92.893,1.266
1542,92.893,1.266
1543,92.893,1.266
1544,92.893,1.266
1545,92.893,1.266
1546,92.893,1.266
1547,92.893,1.266
1548,92.893,1.266
1549,92.893,1.266
1550,92.893,1.266
1551,92.893,1.266
1552,92.893,1.266
1553,92.893,1.266
1554,92.893,1.266
1555,92.893,1.266
1556,92.893,1.266
1557,92.893,1.266
1558,92.893,1.266
1559,92.893,1.266
1560,92.893,1.266
1561,92.893,1.266
1562,92.893,1.266
1563,92.893,1.266
1564,92.893,1.266
1565,92.893,1.266
1566,92.893,1.266
1567,92.893,1.266
1568,92.893,1.266
1569,92.893,1.266
1570,92.893,1.266
1571,92.893,1.266
1572,92.893,1.266
1573,92.893,1.266
1574,92.893,1.266
1575,92.893,1.266
1576,92.893,1.266
1577,92.893,1.266
1578,92.893,1.266
1579,92.893,1.266
1580,92.893,1.266
1581,92.893,1.266
1582,92.893,1.266
1583,92.893,1.266
1584,92.893,1.266
1585,92.893,1.266
1586,92.893,1.266
1587,92.893,1.266
1588,92.893,1.266
1589,92.893,1.266
1590,92.893,1.266
1591,92.893,1.266
1592,92.893,1.266
1593,92.893,1.266
1594,92.893,1.266
1595,92.893,1.266
1596,92.893,1.266
1597,92.893,1.266
1598,92.893,1.266
1599,92.893,1.266
1600,92.893,1.266
1601,92.893,1.266
1602,92.893,1.266
1603,92.893,1.266
1604,92.893,1.266
1605,92.893,1.266
1606,92.893,1.266
1607,92.893,1.266
1608,92.893,1.266
1609,92.893,1.266
1610,92.893,1.266
1611,92.893,1.266
1612,92.893,1.266
1613,92.893,1.266
1614,92.893,1.266
1615,92.893,1.266
1616,92.893,1.266
1617,92.893,1.266
1618,92.893,1.266
1619,92.893,1.266
1620,92.893,1.266
1621,92.893,1.266
1622,92.893,1.266
1623,92.893,1.266
1624,92.893,1.266
1625,92.893,1.266
1626,92.893,1.266
1627,92.893,1.266
1628,92.893,1.266
1629,92.893,1.266
1630,92.893,1.266
1631,92.893,1.266
1632,92.893,1.266
1633,92.893,1.266
1634,92.893,1.266
1635,92.893,1.266
1636,92.893,1.266
1637,92.893,1.266
1638,92.893,1.266
1639,92.893,1.266
1640,92.893,1.266
1641,92.893,1.266
1642,92.893,1.266
1643,92.893,1.266
1644,92.893,1.266
1645,92.893,1.266
1646,92.893,1.266
1647,92.893,1.266
1648,92.893,1.266
1649,92.893,1.266
1650,92.893,1.266
1651,92.893,1.266
1652,92.893,1.266
1653,92.893,1.266
1654,92.893,1.266
1655,92.893,1.266
1656,92.893,1.266
1657,92.893,1.266
1658,92.893,1.266
1659,92.893,1.266
1660,92.893,1.266
1661,92.893,1.266
1662,92.893,1.266
1663,92.893,1.266
1664,92.893,1.266
1665,92.893,1.266
1666,92.893,1.266
1667,92.893,1.266
1668,92.893,1.266
1669,92.893,1.266
1670,92.893,1.266
1671,92.893,1.266
1672,92.893,1.266
1673,92.893,1.266
1674,92.893,1.266
1675,92.893,1.266
1676,92.893,1.266
1677,92.893,1.266
1678,92.893,1.266
1679,92.893,1.266
1680,92.893,1.266
1681,92.893,1.266
1682,92.893,1.266
1683,92.893,1.266
1684,92.893,1.266
1685,92.893,1.266
1686,92.893,1.266
1687,92.893,1.266
1688,92.893,1.266
1689,92.893,1.266
1690,92.893,1.266
1691,92.893,1.266
1692,92.893,1.266
1693,92.893,1.266
1694,92.893,1.266
1695,92.893,1.266
1696,92.893,1.266
1697,92.893,1.266
1698,92.893,1.266
1699,92.893,1.266
1700,92.893,1.266
1701,92.893,1.266
1702,92.893,1.266
1703,92.893,1.266
1704,92.893,1.266
1705,92.893,1.266
1706,92.893,1.266
1707,92.893,1.266
1708,92.893,1.266
1709,92.893,1.266
1710,92.893,1.266
1711,92.893,1.266
1712,92.893,1.266
1713,92.893,1.266
1714,92.893,1.266
1715,92.893,1.266
1716,92.893,1.266
1717,92.893,1.266
1718,92.893,1.266
1719,92.893,1.266
1720,92.893,1.266
1721,92.893,1.266
1722,92.893,1.266
1723,92.893,1.266
1724,92.893,1.266
1725,92.893,1.266
1726,92.893,1.266
1727,92.893,1.266
1728,92.893,1.266
1729,92.893,1.266
1730,92.893,1.266
1731,92.893,1.266
1732,92.893,1.266
1733,92.893,1.266
1734,92.893,1.266
1735,92.893,1.266
1736,92.893,1.266
1737,92.893,1.266
1738,92.893,1.266
1739,92.893,1.266
1740,92.893,1.266
1741,92.893,1.266
1742,92.893,1.266
1743,92.893,1.266
1744,92.893,1.266
1745,92.893,1.266
1746,92.893,1.266
1747,92.893,1.266
1748,92.893,1.266
1749,92.893,1.266
1750,92.893,1.266
1751,92.893,1.266
1752,92.893,1.266
1753,92.893,1.266
1754,92.893,1.266
1755,92.893,1.266
1756,92.893,1.266
1757,92.893,1.266
1758,92.893,1.266
1759,92.893,1.266
1760,92.893,1.266
1761,92.893,1.266
1762,92.893,1.266
1763,92.893,1.266
1764,92.893,1.266
1765,92.893,1.266
1766,92.893,1.266
1767,92.893,1.266
1768,92.893,1.266
1769,92.893,1.266
1770,92.893,1.266
1771,92.893,1.266
1772,92.893,1.266
1773,92.893,1.266
1774,92.893,1.266
1775,92.893,1.266
1776,92.893,1.266
1777,92.893,1.266
1778,92.893,1.266
1779,92.893,1.266
1780,92.893,1.266
1781,92.893,1.266
1782,92.893,1.266
1783,92.893,1.266
1784,92.893,1.266
1785,92.893,1.266
1786,92.893,1.266
1787,92.893,1.266
1788,92.893,1.266
1789,92.893,1.266
1790,92.893,1.266
1791,92.893,1.266
1792,92.893,1.266
1793,92.893,1.266
1794,92.893,1.266
1795,92.893,1.266
1796,92.893,1.266
1797,92.893,1.266
1798,92.893,1.266
1799,92.893,1.266
1800,92.893,1.266
1801,92.893,1.266
1802,92.893,1.266
1803,92.893,1.266
1804,92.893,1.266
1805,92.893,1.266
1806,92.893,1.266
1807,92.893,1.266
1808,92.893,1.266
1809,92.893,1.266
1810,92.893,1.266
1811,92.893,1.266
1812,92.893,1.266
1813,92.893,1.266
1814,92.893,1.266
1815,92.893,1.266
1816,92.893,1.266
1817,92.893,1.266
1818,92.893,1.266
1819,92.893,1.266
1820,92.893,1.266
1821,92.893,1.266
1822,92.893,1.266
1823,92.893,1.266
1824,92.893,1.266
1825,92.893,1.266
1826,92.893,1.266
1827,92.893,1.266
1828,92.893,1.266
1829,92.893,1.266
1830,92.893,1.266
1831,92.893,1.266
1832,92.893,1.266
1833,92.893,1.266
1834,92.893,1.266
1835,92.893,1.266
1836,92.893,1.266
1837,92.893,1.266
1838,92.893,1.266
1839,92.893,1.266
1840,92.893,1.266
1841,92.893,1.266
1842,92.893,1.266
1843,92.893,1.266
1844,92.893,1.266
1845,92.893,1.266
1846,92.893,1.266
1847,92.893,1.266
1848,92.893,1.266
1849,92.893,1.266
1850,92.893,1.266
1851,92.893,1.266
1852,92.893,1.266
1853,92.893,1.266
1854,92.893,1.266
1855,92.893,1.266
1856,92.893,1.266
1857,92.893,1.266
1858,92.893,1.266
1859,92.893,1.266
1860,92.893,1.266
1861,92.893,1.266
1862,92.893,1.266
1863,92.893,1.266
1864,92.893,1.266
1865,92.893,1.266
1866,92.893,1.266
1867,92.893,1.266
1868,92.893,1.266
1869,92.893,1.266
1870,92.893,1.266
1871,92.893,1.266
1872,92.893,1.266
1873,92.893,1.266
1874,92.893,1.266
1875,92.893,1.266
1876,92.893,1.266
1877,92.893,1.25
1878,92.893,1.25
1879,92.893,1.25
1880,92.893,1.25
1881,92.893,1.25
1882,92.893,1.25
1883,92.893,1.25
1884,92.893,1.25
1885,92.893,1.25
1886,92.893,1.25
1887,92.893,1.25
1888,92.893,1.25
1889,92.893,1.25
1890,92.893,1.25
1891,92.893,1.25
1892,92.893,1.25
1893,92.893,1.25
1894,92.893,1.25
1895,92.893,1.25
1896,92.893,1.25
1897,92.893,1.25
1898,92.893,1.25
1899,92.893,1.25
1900,92.893,1.25
1901,92.893,1.25
1902,92.893,1.25
1903,92.893,1.25
1904,92.893,1.25
1905,92.893,1.25
1906,92.893,1.25
1907,92.893,1.25
1908,92.893,1.25
1909,92.893,1.25
1910,92.893,1.25
1911,92.893,1.25
1912,92.893,1.25
1913,92.893,1.25
1914,92.893,1.25
1915,92.893,1.25
1916,92.893,1.25
1917,92.893,1.25
1918,92.893,1.25
1919,92.893,1.25
1920,92.893,1.25
1921,92.893,1.25
1922,92.893,1.25
1923,92.893,1.25
1924,92.893,1.25
1925,92.893,1.25
1926,92.893,1.25
1927,92.893,1.25
1928,92.893,1.25
1929,92.893,1.25
1930,92.893,1.25
1931,92.893,1.25
1932,92.893,1.25
1933,92.893,1.25
1934,92.893,1.25
1935,92.893,1.25
1936,92.893,1.25
1937,92.893,1.25
1938,92.893,1.25
1939,92.893,1.25
1940,92.893,1.25
1941,92.893,1.25
1942,92.893,1.25
1943,92.893,1.25
1944,92.893,1.25
1945,92.893,1.25
1946,92.893,1.25
1947,92.893,1.25
1948,92.893,1.25
1949,92.893,1.25
1950,92.893,1.25
1951,92.893,1.25
1952,92.893,1.25
1953,92.893,1.25
1954,92.893,1.25
1955,92.893,1.25
1956,92.893,1.25
1957,92.893,1.25
1958,92.893,1.25
1959,92.893,1.25
1960,92.893,1.25
1961,92.893,1.25
1962,92.893,1.25
1963,92.893,1.25
1964,92.893,1.25
1965,92.893,1.25
1966,92.893,1.25
1967,92.893,1.25
1968,92.893,1.25
1969,92.893,1.25
1970,92.893,1.25
1971,92.893,1.25
1972,92.893,1.25
1973,92.893,1.25
1974,92.893,1.25
1975,92.893,1.25
1976,92.893,1.25
1977,92.893,1.25
1978,92.893,1.25
1979,92.893,1.25
1980,92.893,1.25
1981,92.893,1.25
1982,92.893,1.25
1983,92.893,1.25
1984,92.893,1.25
1985,92.893,1.25
1986,92.893,1.25
1987,92.893,1.25
1988,92.893,1.25
1989,92.893,1.25
1990,92.893,1.25
1991,92.893,1.25
1992,92.893,1.25
1993,92.893,1.25
1994,92.893,1.25
1995,92.893,1.25
1996,92.893,1.25
1997,92.893,1.25
1998,92.893,1.25
1999,92.893,1.25
2000,92.893,1.25
2001,92.893,1.25
2002,92.893,1.25
2003,92.893,1.25
2004,92.893,1.25
2005,92.893,1.25
2006,92.893,1.25
2007,92.893,1.25
2008,92.893,1.25
2009,92.893,1.25
2010,92.893,1.25
2011,92.893,1.25
2012,92.893,1.25
2013,92.893,1.25
2014,92.893,1.25
2015,92.893,1.25
2016,92.893,1.25
2017,92.893,1.25
2018,92.893,1.25
2019,92.893,1.25
2020,92.893,1.25
2021,92.893,1.25
2022,92.893,1.25
2023,92.893,1.25
2024,92.893,1.25
2025,92.893,1.25
2026,92.893,1.25
2027,92.893,1.25
2028,92.893,1.25
2029,92.893,1.25
2030,92.893,1.25
2031,92.893,1.25
2032,92.893,1.25
2033,92.893,1.25
2034,92.893,1.25
2035,92.893,1.25
2036,92.893,1.25
2037,92.893,1.25
2038,92.893,1.25
2039,92.893,1.25
2040,92.893,1.25
2041,92.893,1.25
2042,92.893,1.25
2043,92.893,1.25
2044,92.893,1.25
2045,92.893,1.25
2046,92.893,1.25
2047,92.893,1.25
2048,92.893,1.25
2049,92.893,1.25
2050,92.893,1.25
2051,92.893,1.25
2052,92.893,1.25
2053,92.893,1.25
2054,92.893,1.25
2055,92.893,1.25
2056,92.893,1.25
2057,92.893,1.25
2058,92.893,1.25
2059,92.893,1.25
2060,92.893,1.25
2061,92.893,1.25
2062,92.893,1.25
2063,92.893,1.25
2064,92.893,1.25
2065,92.893,1.25
2066,92.893,1.25
2067,92.893,1.25
2068,92.893,1.25
2069,92.893,1.25
2070,92.893,1.25
2071,92.893,1.25
2072,92.893,1.25
2073,92.893,1.25
2074,92.893,1.25
2075,92.893,1.25
2076,92.893,1.25
2077,92.893,1.25
2078,92.893,1.25
2079,92.893,1.25
2080,92.893,1.25
2081,92.893,1.25
2082,92.893,1.25
2083,92.893,1.25
2084,92.893,1.25
2085,92.893,1.25
2086,92.893,1.25
2087,92.893,1.25
2088,92.893,1.25
2089,92.893,1.25
2090,92.893,1.25
2091,92.893,1.25
2092,92.893,1.25
2093,92.893,1.25
2094,92.893,1.25
2095,92.893,1.25
2096,92.893,1.25
2097,92.893,1.25
2098,92.893,1.25
2099,92.893,1.25
2100,92.893,1.25
2101,92.893,1.25
2102,92.893,1.25
2103,92.893,1.25
2104,92.893,1.25
2105,92.893,1.25
2106,92.893,1.25
2107,92.893,1.25
2108,92.893,1.25
2109,92.893,1.25
2110,92.893,1.25
2111,92.893,1.25
2112,92.893,1.25
2113,92.893,1.25
2114,92.893,1.25
2115,92.893,1.25
2116,92.893,1.25
2117,92.893,1.25
2118,92.893,1.25
2119,92.893,1.25
2120,92.893,1.25
2121,92.893,1.25
2122,92.893,1.25
2123,92.893,1.25
2124,92.893,1.25
2125,92.893,1.25
2126,92.893,1.25
2127,92.893,1.25
2128,92.893,1.25
2129,92.893,1.25
2130,92.893,1.25
2131,92.893,1.25
2132,92.893,1.25
2133,92.893,1.25
2134,92.893,1.25
2135,92.893,1.25
2136,92.893,1.25
2137,92.893,1.25
2138,92.893,1.25
2139,92.893,1.25
2140,92.893,1.25
2141,92.893,1.25
2142,92.893,1.25
2143,92.893,1.25
2144,92.893,1.25
2145,92.893,1.25
2146,92.893,1.25
2147,92.893,1.25
2148,92.893,1.25
2149,92.893,1.25
2150,92.893,1.25
2151,92.893,1.25
2152,92.893,1.25
2153,92.893,1.25
2154,92.893,1.25
2155,92.893,1.25
2156,92.893,1.25
2157,92.893,1.25
2158,92.893,1.25
2159,92.893,1.25
2160,92.893,1.25
2161,92.893,1.25
2162,92.893,1.25
2163,92.893,1.25
2164,92.893,1.25
2165,92.893,1.25
2166,92.893,1.25
2167,92.893,1.25
2168,92.893,1.25
2169,92.893,1.25
2170,92.893,1.25
2171,92.893,1.25
2172,92.893,1.25
2173,92.893,1.25
2174,92.893,1.25
2175,92.893,1.25
2176,92.893,1.25
2177,92.893,1.25
2178,92.893,1.25
2179,92.893,1.25
2180,92.893,1.25
2181,92.893,1.25
2182,92.893,1.25
2183,92.893,1.25
2184,92.893,1.25
2185,92.893,1.25
2186,92.893,1.25
2187,92.893,1.25
2188,92.893,1.25
2189,92.893,1.25
2190,92.893,1.25
2191,92.893,1.25
2192,92.893,1.25
2193,92.893,1.25
2194,92.893,1.25
2195,92.893,1.25
2196,92.893,1.25
2197,92.893,1.25
2198,92.893,1.25
2199,92.893,1.25
2200,92.893,1.25
2201,92.893,1.25
2202,92.893,1.25
2203,92.893,1.25
2204,92.893,1.25
2205,92.893,1.25
2206,92.893,1.25
2207,92.893,1.25
2208,92.893,1.25
2209,92.893,1.25
2210,92.893,1.25
2211,92.893,1.25
2212,92.893,1.25
2213,92.893,1.25
2214,92.893,1.25
2215,92.893,1.25
2216,92.893,1.25
2217,92.893,1.25
2218,92.893,1.25
2219,92.893,1.25
2220,92.893,1.25
2221,92.893,1.25
2222,92.893,1.25
2223,92.893,1.25
2224,92.893,1.25
2225,92.893,1.25
2226,92.893,1.25
2227,92.893,1.25
2228,92.893,1.25
2229,92.893,1.25
2230,92.893,1.25
2231,92.893,1.25
2232,92.893,1.25
2233,92.893,1.25
2234,92.893,1.25
2235,92.893,1.25
2236,92.893,1.25
2237,92.893,1.25
2238,92.893,1.25
2239,92.893,1.25
2240,92.893,1.25
2241,92.893,1.25
2242,92.893,1.25
2243,92.893,1.25
2244,92.893,1.25
2245,92.893,1.25
2246,92.893,1.25
2247,92.893,1.25
2248,92.893,1.25
2249,92.893,1.25
2250,92.893,1.25
2251,92.893,1.25
2252,92.893,1.25
2253,92.893,1.25
2254,92.893,1.25
2255,92.893,1.25
2256,92.893,1.25
2257,92.893,1.25
2258,92.893,1.25
2259,92.893,1.25
2260,92.893,1.25
2261,92.893,1.25
2262,92.893,1.25
2263,92.893,1.25
2264,92.893,1.25
2265,92.893,1.25
2266,92.893,1.25
2267,92.893,1.25
2268,92.893,1.25
2269,92.893,1.25
2270,92.893,1.25
2271,92.893,1.25
2272,92.893,1.25
2273,92.893,1.25
2274,92.893,1.25
2275,92.893,1.25
2276,92.893,1.25
2277,92.893,1.25
2278,92.893,1.25
2279,92.893,1.25
2280,92.893,1.25
2281,92.893,1.25
2282,92.893,1.25
2283,92.893,1.25
2284,92.893,1.25
2285,92.893,1.25
2286,92.893,1.25
2287,92.893,1.25
2288,92.893,1.25
2289,92.893,1.25
2290,92.893,1.25
2291,92.893,1.25
2292,92.893,1.25
2293,92.893,1.25
2294,92.893,1.25
2295,92.893,1.25
2296,92.893,1.25
2297,92.893,1.25
2298,92.893,1.25
2299,92.893,1.25
2300,92.893,1.25
2301,92.893,1.25
2302,92.893,1.25
2303,92.893,1.25
2304,92.893,1.25
2305,92.893,1.25
2306,92.893,1.25
2307,92.893,1.25
2308,92.893,1.25
2309,92.893,1.25
2310,92.893,1.25
2311,92.893,1.25
2312,92.893,1.25
2313,92.893,1.25
2314,92.893,1.25
2315,92.893,1.25
2316,92.893,1.25
2317,92.893,1.25
2318,92.893,1.25
2319,92.893,1.25
2320,92.893,1.25
2321,92.893,1.25
2322,92.893,1.25
2323,92.893,1.25
2324,92.893,1.25
2325,92.893,1.25
2326,92.893,1.25
2327,92.893,1.25
2328,92.893,1.25
2329,92.893,1.25
2330,92.893,1.25
2331,92.893,1.25
2332,92.893,1.25
2333,92.893,1.25
2334,92.893,1.25
2335,92.893,1.25
2336,92.893,1.25
2337,92.893,1.25
2338,92.893,1.25
2339,92.893,1.25
2340,92.893,1.25
2341,92.893,1.25
2342,92.893,1.25
2343,92.893,1.25
2344,92.893,1.25
2345,92.893,1.25
2346,92.893,1.25
2347,92.893,1.25
2348,92.893,1.25
2349,92.893,1.25
2350,92.893,1.25
2351,92.893,1.25
2352,92.893,1.25
2353,92.893,1.25
2354,92.893,1.25
2355,92.893,1.25
2356,92.893,1.25
2357,92.893,1.25
2358,92.893,1.25
2359,92.893,1.25
2360,92.893,1.25
2361,92.893,1.25
2362,92.893,1.25
2363,92.893,1.25
2364,92.893,1.25
2365,92.893,1.25
2366,92.893,1.25
2367,92.893,1.25
2368,92.893,1.25
2369,92.893,1.25
2370,92.893,1.25
2371,92.893,1.25
2372,92.893,1.25
2373,92.893,1.25
2374,92.893,1.25
2375,92.893,1.25
2376,92.893,1.25
2377,92.893,1.25
2378,92.893,1.25
2379,92.893,1.25
2380,92.893,1.25
2381,92.893,1.25
2382,92.893,1.25
2383,92.893,1.25
2384,92.893,1.25
2385,92.893,1.25
2386,92.893,1.25
2387,92.893,1.25
2388,92.893,1.25
2389,92.893,1.25
2390,92.893,1.25
2391,92.893,1.25
2392,92.893,1.25
2393,92.893,1.25
2394,92.893,1.25
2395,92.893,1.25
2396,92.893,1.25
2397,92.893,1.25
2398,92.893,1.25
2399,92.893,1.25
2400,92.893,1.25
2401,92.893,1.25
2402,92.893,1.25
2403,92.893,1.25
2404,92.893,1.25
2405,92.893,1.25
2406,92.893,1.25
2407,92.893,1.25
2408,92.893,1.25
2409,92.893,1.25
2410,92.893,1.25
2411,92.893,1.25
2412,92.893,1.25
2413,92.893,1.25
2414,92.893,1.25
2415,92.893,1.25
2416,92.893,1.25
2417,92.893,1.25
2418,92.893,1.25
2419,92.893,1.25
2420,92.893,1.25
2421,92.893,1.25
2422,92.893,1.25
2423,92.893,1.25
2424,92.893,1.25
2425,92.893,1.25
2426,92.893,1.25
2427,92.893,1.25
2428,92.893,1.25
2429,92.893,1.25
2430,92.893,1.25
2431,92.893,1.25
2432,92.893,1.25
2433,92.893,1.25
2434,92.893,1.25
2435,92.893,1.25
2436,92.893,1.25
2437,92.893,1.25
2438,92.893,1.25
2439,92.893,1.25
2440,92.893,1.25
2441,92.893,1.25
2442,92.893,1.25
2443,92.893,1.25
2444,92.893,1.25
2445,92.893,1.25
2446,92.893,1.25
2447,92.893,1.25
2448,92.893,1.25
2449,92.893,1.25
2450,92.893,1.25
2451,92.893,1.25
2452,92.893,1.25
2453,92.893,1.25
2454,92.893,1.25
2455,92.893,1.25
2456,92.893,1.25
2457,92.893,1.25
2458,92.893,1.25
2459,92.893,1.25
2460,92.893,1.25
2461,92.893,1.25
2462,92.893,1.25
2463,92.893,1.25
2464,92.893,1.244
2465,92.893,1.244
2466,92.893,1.244
2467,92.893,1.244
2468,92.893,1.244
2469,92.893,1.244
2470,92.893,1.244
2471,92.893,1.244
2472,92.893,1.244
2473,92.893,1.244
2474,92.893,1.244
2475,92.893,1.244
2476,92.893,1.244
2477,92.893,1.244
2478,92.893,1.244
2479,92.893,1.244
2480,92.893,1.244
2481,92.893,1.244
2482,92.893,1.244
2483,92.893,1.244
2484,92.893,1.244
2485,92.893,1.244
2486,92.893,1.244
2487,92.893,1.244
2488,92.893,1.244
2489,92.893,1.244
2490,92.893,1.244
2491,92.893,1.244
2492,92.893,1.244
2493,92.893,1.244
2494,92.893,1.244
2495,92.893,1.244
2496,92.893,1.244
2497,92.893,1.244
2498,92.893,1.244
2499,92.893,1.244
2500,92.893,1.244
2501,92.893,1.244
2502,92.893,1.244
2503,92.893,1.244
2504,92.893,1.244
2505,92.893,1.244
2506,92.893,1.244
2507,92.893,1.244
2508,92.893,1.244
2509,92.893,1.244
2510,92.893,1.244
2511,92.893,1.244
2512,92.893,1.244
2513,92.893,1.244
2514,92.893,1.244
2515,92.893,1.244
2516,92.893,1.244
2517,92.893,1.244
2518,92.893,1.244
2519,92.893,1.244
2520,92.893,1.244
2521,92.893,1.244
2522,92.893,1.244
2523,92.893,1.244
2524,92.893,1.244
2525,92.893,1.244
2526,92.893,1.244
2527,92.893,1.244
2528,92.893,1.244
2529,92.893,1.244
2530,92.893,1.244
2531,92.893,1.244
2532,92.893,1.244
2533,92.893,1.244
2534,92.893,1.244
2535,92.893,1.244
2536,92.893,1.244
2537,92.893,1.244
2538,92.893,1.244
2539,92.893,1.244
2540,92.893,1.244
2541,92.893,1.244
2542,92.893,1.244
2543,92.893,1.244
2544,92.893,1.244
2545,92.893,1.244
2546,92.893,1.244
2547,92.893,1.244
2548,92.893,1.244
2549,92.893,1.244
2550,92.893,1.244
2551,92.893,1.244
2552,92.893,1.244
2553,92.893,1.244
2554,92.893,1.244
2555,92.893,1.244
2556,92.893,1.244
2557,92.893,1.244
2558,92.893,1.244
2559,92.893,1.244
2560,92.893,1.244
2561,92.893,1.244
2562,92.893,1.244
2563,92.893,1.244
2564,92.893,1.244
2565,92.893,1.244
2566,92.893,1.244
2567,92.893,1.244
2568,92.893,1.244
2569,92.893,1.244
2570,92.893,1.244
2571,92.893,1.244
2572,92.893,1.244
2573,92.893,1.244
2574,92.893,1.244
2575,92.893,1.244
2576,92.893,1.244
2577,92.893,1.244
2578,92.893,1.244
2579,92.893,1.244
2580,92.893,1.244
2581,92.893,1.244
2582,92.893,1.244
2583,92.893,1.244
2584,92.893,1.244
2585,92.893,1.244
2586,92.893,1.244
2587,92.893,1.244
2588,92.893,1.244
2589,92.893,1.244
2590,92.893,1.244
2591,92.893,1.244
2592,92.893,1.244
2593,92.893,1.244
2594,92.893,1.244
2595,92.893,1.244
2596,92.893,1.244
2597,92.893,1.244
2598,92.893,1.244
2599,92.893,1.244
2600,92.893,1.244
2601,92.893,1.244
2602,92.893,1.244
2603,92.893,1.244
2604,92.893,1.244
2605,92.893,1.244
2606,92.893,1.244
2607,92.893,1.244
2608,92.893,1.244
2609,92.893,1.244
2610,92.893,1.244
2611,92.893,1.244
2612,92.893,1.244
2613,92.893,1.244
2614,92.893,1.244
2615,92.893,1.244
2616,92.893,1.244
2617,92.893,1.244
2618,92.893,1.244
2619,92.893,1.244
2620,92.893,1.244
2621,92.893,1.244
2622,92.893,1.244
2623,92.893,1.244
2624,92.893,1.244
2625,92.893,1.244
2626,92.893,1.244
2627,92.893,1.244
2628,92.893,1.244
2629,92.893,1.244
2630,92.893,1.244
2631,92.893,1.244
2632,92.893,1.244
2633,92.893,1.244
2634,92.893,1.244
2635,92.893,1.244
2636,92.893,1.244
2637,92.893,1.244
2638,92.893,1.244
2639,92.893,1.244
2640,92.893,1.244
2641,92.893,1.244
2642,92.893,1.244
2643,92.893,1.244
2644,92.893,1.244
2645,92.893,1.244
2646,92.893,1.244
2647,92.893,1.244
2648,92.893,1.244
2649,92.893,1.244
2650,92.893,1.244
2651,92.893,1.244
2652,92.893,1.244
2653,92.893,1.244
2654,92.893,1.244
2655,92.893,1.244
2656,92.893,1.244
2657,92.893,1.244
2658,92.893,1.244
2659,92.893,1.244
2660,92.893,1.244
2661,92.893,1.244
2662,92.893,1.244
2663,92.893,1.244
2664,92.893,1.244
2665,92.893,1.244
2666,92.893,1.244
2667,92.893,1.244
2668,92.893,1.244
2669,92.893,1.244
2670,92.893,1.244
2671,92.893,1.244
2672,92.893,1.244
2673,92.893,1.244
2674,92.893,1.244
2675,92.893,1.244
2676,92.893,1.244
2677,92.893,1.244
2678,92.893,1.244
2679,92.893,1.244
2680,92.893,1.244
2681,92.893,1.244
2682,92.893,1.244
2683,92.893,1.244
2684,92.893,1.244
2685,92.893,1.244
2686,92.893,1.244
2687,92.893,1.244
2688,92.893,1.244
2689,92.893,1.244
2690,92.893,1.244
2691,92.893,1.244
2692,92.893,1.244
2693,92.893,1.244
2694,92.893,1.244
2695,92.893,1.244
2696,92.893,1.244
2697,92.893,1.244
2698,92.893,1.244
2699,92.893,1.244
2700,92.893,1.244
2701,92.893,1.244
2702,92.893,1.244
2703,92.893,1.244
2704,92.893,1.244
2705,92.893,1.244
2706,92.893,1.244
2707,92.893,1.244
2708,92.893,1.244
2709,92.893,1.244
2710,92.893,1.244
2711,92.893,1.244
2712,92.893,1.244
2713,92.893,1.244
2714,92.893,1.244
2715,92.893,1.244
2716,92.893,1.244
2717,92.893,1.244
2718,92.893,1.244
2719,92.893,1.244
2720,92.893,1.244
2721,92.893,1.244
2722,92.893,1.244
2723,92.893,1.244
2724,92.893,1.244
2725,92.893,1.244
2726,92.893,1.244
2727,92.893,1.244
2728,92.893,1.244
2729,92.893,1.244
2730,92.893,1.244
2731,92.893,1.244
2732,92.893,1.244
2733,92.893,1.244
2734,92.893,1.244
2735,92.893,1.244
2736,92.893,1.244
2737,92.893,1.244
2738,92.893,1.244
2739,92.893,1.244
2740,92.893,1.244
2741,92.893,1.244
2742,92.893,1.244
2743,92.893,1.244
2744,92.893,1.244
2745,92.893,1.244
2746,92.893,1.244
2747,92.893,1.244
2748,92.893,1.244
2749,92.893,1.244
2750,92.893,1.244
2751,92.893,1.244
2752,92.893,1.244
2753,92.893,1.244
2754,92.893,1.244
2755,92.893,1.244
2756,92.893,1.244
2757,92.893,1.244
2758,92.893,1.244
2759,92.893,1.244
2760,92.893,1.244
2761,92.893,1.244
2762,92.893,1.244
2763,92.893,1.244
2764,92.893,1.244
2765,92.893,1.244
2766,92.893,1.244
2767,92.893,1.244
2768,92.893,1.244
2769,92.893,1.244
2770,92.893,1.244
2771,92.893,1.244
2772,92.893,1.244
2773,92.893,1.244
2774,92.893,1.244
2775,92.893,1.244
2776,92.893,1.244
2777,92.893,1.244
2778,92.893,1.244
2779,92.893,1.244
2780,92.893,1.244
2781,92.893,1.244
2782,92.893,1.244
2783,92.893,1.244
2784,92.893,1.244
2785,92.893,1.244
2786,92.893,1.244
2787,92.893,1.244
2788,92.893,1.244
2789,92.893,1.244
2790,92.893,1.244
2791,92.893,1.244
2792,92.893,1.244
2793,92.893,1.244
2794,92.893,1.244
2795,92.893,1.244
2796,92.893,1.244
2797,92.893,1.244
2798,92.893,1.244
2799,92.893,1.244
2800,92.893,1.244
2801,92.893,1.244
2802,92.893,1.244
2803,92.893,1.244
2804,92.893,1.244
2805,92.893,1.244
2806,92.893,1.244
2807,92.893,1.244
2808,92.893,1.244
2809,92.893,1.244
2810,92.893,1.244
2811,92.893,1.244
2812,92.893,1.244
2813,92.893,1.244
2814,92.893,1.244
2815,92.893,1.244
2816,92.893,1.244
2817,92.893,1.244
2818,92.893,1.244
2819,92.893,1.244
2820,92.893,1.244
2821,92.893,1.244
2822,92.893,1.244
2823,92.893,1.244
2824,92.893,1.244
2825,92.893,1.244
2826,92.893,1.244
2827,92.893,1.244
2828,92.893,1.244
2829,92.893,1.244
2830,92.893,1.244
2831,92.893,1.244
2832,92.893,1.244
2833,92.893,1.244
2834,92.893,1.244
2835,92.893,1.244
2836,92.893,1.244
2837,92.893,1.244
2838,92.893,1.244
2839,92.893,1.244
2840,92.893,1.244
2841,92.893,1.244
2842,92.893,1.244
2843,92.893,1.244
2844,92.893,1.244
2845,92.893,1.244
2846,92.893,1.244
2847,92.893,1.244
2848,92.893,1.244
2849,92.893,1.244
2850,92.893,1.244
2851,92.893,1.244
2852,92.893,1.244
2853,92.893,1.244
2854,92.893,1.244
2855,92.893,1.244
2856,92.893,1.244
2857,92.893,1.244
2858,92.893,1.244
2859,92.893,1.244
2860,92.893,1.244
2861,92.893,1.244
2862,92.893,1.244
2863,92.893,1.244
2864,92.893,1.244
2865,92.893,1.244
2866,92.893,1.244
2867,92.893,1.244
2868,92.893,1.244
2869,92.893,1.244
2870,92.893,1.244
2871,92.893,1.244
2872,92.893,1.244
2873,92.893,1.244
2874,92.893,1.244
2875,92.893,1.244
2876,92.893,1.244
2877,92.893,1.259
2878,92.893,1.259
2879,92.893,1.259
2880,92.893,1.259
2881,92.893,1.259
2882,92.893,1.259
2883,92.893,1.259
2884,92.893,1.259
2885,92.893,1.259
2886,92.893,1.259
2887,92.893,1.259
2888,92.893,1.259
2889,92.893,1.259
2890,92.893,1.259
2891,92.893,1.259
2892,92.893,1.259
2893,92.893,1.259
2894,92.893,1.259
2895,92.893,1.259
2896,92.893,1.259
2897,92.893,1.259
2898,92.893,1.259
2899,92.893,1.259
2900,92.893,1.259
2901,92.893,1.259
2902,92.893,1.259
2903,92.893,1.259
2904,92.893,1.259
2905,92.893,1.259
2906,92.893,1.259
2907,92.893,1.259
2908,92.893,1.259
2909,92.893,1.259
2910,92.893,1.259
2911,92.893,1.259
2912,92.893,1.259
2913,92.893,1.259
2914,92.893,1.259
2915,92.893,1.259
2916,92.893,1.259
2917,92.893,1.259
2918,92.893,1.259
2919,92.893,1.259
2920,92.893,1.259
2921,92.893,1.259
2922,92.893,1.259
2923,92.893,1.259
2924,92.893,1.259
2925,92.893,1.259
2926,92.893,1.259
2927,92.893,1.259
2928,92.893,1.259
2929,92.893,1.259
2930,92.893,1.259
2931,92.893,1.259
2932,92.893,1.259
2933,92.893,1.259
2934,92.893,1.259
2935,92.893,1.259
2936,92.893,1.259
2937,92.893,1.259
2938,92.893,1.259
2939,92.893,1.259
2940,92.893,1.259
2941,92.893,1.259
2942,92.893,1.259
2943,92.893,1.259
2944,92.893,1.259
2945,92.893,1.259
2946,92.893,1.259
2947,92.893,1.264
2948,92.893,1.264
2949,92.893,1.264
2950,92.893,1.264
2951,92.893,1.264
2952,92.893,1.264
2953,92.893,1.264
2954,92.893,1.264
2955,92.893,1.264
2956,92.893,1.264
2957,92.893,1.264
2958,92.893,1.264
2959,92.893,1.264
2960,92.893,1.264
2961,92.893,1.264
2962,92.893,1.264
2963,92.893,1.264
2964,92.893,1.264
2965,92.893,1.264
2966,92.893,1.264
2967,92.893,1.264
2968,92.893,1.264
2969,92.893,1.264
2970,92.893,1.264
2971,92.893,1.264
2972,92.893,1.264
2973,92.893,1.264
2974,92.893,1.264
2975,92.893,1.264
2976,92.893,1.264
2977,92.893,1.264
2978,92.893,1.264
2979,92.893,1.264
2980,92.893,1.264
2981,92.893,1.264
2982,92.893,1.264
2983,92.893,1.264
2984,92.893,1.264
2985,92.893,1.264
2986,92.893,1.264
2987,92.893,1.264
2988,92.893,1.264
2989,92.893,1.264
2990,92.893,1.264
2991,92.893,1.264
2992,92.893,1.264
2993,92.893,1.264
2994,92.893,1.264
2995,92.893,1.264
2996,92.893,1.264
2997,92.893,1.264
2998,92.893,1.264
2999,92.893,1.264
3000,92.893,1.264
3001,92.893,1.264
3002,92.893,1.264
3003,92.893,1.264
3004,92.893,1.264
3005,92.893,1.264
3006,92.893,1.264
3007,92.893,1.264
3008,92.893,1.264
3009,92.893,1.264
3010,92.893,1.264
3011,92.893,1.264
3012,92.893,1.264
3013,92.893,1.264
3014,92.893,1.264
3015,92.893,1.264
3016,92.893,1.264
3017,92.893,1.264
3018,92.893,1.264
3019,92.893,1.264
3020,92.893,1.264
3021,92.893,1.264
3022,92.893,1.264
3023,92.893,1.264
3024,92.893,1.264
3025,92.893,1.264
3026,92.893,1.264
3027,92.893,1.264
3028,92.893,1.264
3029,92.893,1.264
3030,92.893,1.264
3031,92.893,1.264
3032,92.893,1.264
3033,92.893,1.264
3034,92.893,1.266
3035,92.893,1.266
3036,92.893,1.266
3037,92.893,1.266
3038,92.893,1.266
3039,92.893,1.266
3040,92.893,1.266
3041,92.893,1.266
3042,92.893,1.266
3043,92.893,1.266
3044,92.893,1.266
3045,92.893,1.266
3046,92.893,1.266
3047,92.893,1.266
3048,92.893,1.266
3049,92.893,1.266
3050,92.893,1.266
3051,92.893,1.266
3052,92.893,1.266
3053,92.893,1.266
3054,92.893,1.266
3055,92.893,1.266
3056,92.893,1.266
3057,92.893,1.266
3058,92.893,1.266
3059,92.893,1.266
3060,92.893,1.266
3061,92.893,1.266
3062,92.893,1.266
3063,92.893,1.266
3064,92.893,1.266
3065,92.893,1.266
3066,92.893,1.266
3067,92.893,1.266
3068,92.893,1.266
3069,92.893,1.266
3070,92.893,1.266
3071,92.893,1.266
3072,92.893,1.266
3073,92.893,1.266
3074,92.893,1.266
3075,92.893,1.266
3076,92.893,1.266
3077,92.893,1.266
3078,92.893,1.266
3079,92.893,1.266
3080,92.893,1.266
3081,92.893,1.266
3082,92.893,1.266
3083,92.893,1.266
3084,92.893,1.266
3085,92.893,1.266
3086,92.893,1.266
3087,92.893,1.266
3088,92.893,1.266
3089,92.893,1.266
3090,92.893,1.266
3091,92.893,1.266
3092,92.893,1.266
3093,92.893,1.266
3094,92.893,1.266
3095,92.893,1.266
3096,92.893,1.266
3097,92.893,1.266
3098,92.893,1.266
3099,92.893,1.266
3100,92.893,1.266
3101,92.893,1.266
3102,92.893,1.266
3103,92.893,1.266
3104,92.893,1.266
3105,92.893,1.266
3106,92.893,1.266
3107,92.893,1.266
3108,92.893,1.266
3109,92.893,1.266
3110,92.893,1.266
3111,92.893,1.266
3112,92.893,1.266
3113,92.893,1.266
3114,92.893,1.266
3115,92.893,1.266
3116,92.893,1.266
3117,92.893,1.266
3118,92.893,1.266
3119,92.893,1.266
3120,92.893,1.266
3121,92.893,1.266
3122,92.893,1.266
3123,92.893,1.266
3124,92.893,1.266
3125,92.893,1.266
3126,92.893,1.266
3127,92.893,1.266
3128,92.893,1.266
3129,92.893,1.266
3130,92.893,1.266
3131,92.893,1.266
3132,92.893,1.266
3133,92.893,1.266
3134,92.893,1.266
3135,92.893,1.266
3136,92.893,1.266
3137,92.893,1.266
3138,92.893,1.266
3139,92.893,1.266
3140,92.893,1.266
3141,92.893,1.266
3142,92.893,1.266
3143,92.893,1.266
3144,92.893,1.266
3145,92.893,1.266
3146,92.893,1.266
3147,92.893,1.266
3148,92.893,1.266
3149,92.893,1.266
3150,92.893,1.266
3151,92.893,1.266
3152,92.893,1.266
3153,92.893,1.266
3154,92.893,1.266
3155,92.893,1.266
3156,92.893,1.266
3157,92.893,1.266
3158,92.893,1.266
3159,92.893,1.266
3160,92.893,1.266
3161,92.893,1.266
3162,92.893,1.27
3163,92.893,1.27
3164,92.893,1.27
3165,92.893,1.27
3166,92.893,1.27
3167,92.893,1.27
3168,92.893,1.27
3169,92.893,1.27
3170,92.893,1.27
3171,92.893,1.27
3172,92.893,1.27
3173,92.893,1.27
3174,92.893,1.27
3175,92.893,1.27
3176,92.893,1.27
3177,92.893,1.27
3178,92.893,1.27
3179,92.893,1.27
3180,92.893,1.27
3181,92.893,1.27
3182,92.893,1.27
3183,92.893,1.27
3184,92.893,1.27
3185,92.893,1.27
3186,92.893,1.27
3187,92.893,1.27
3188,92.893,1.27
3189,92.893,1.27
3190,92.893,1.27
3191,92.893,1.27
3192,92.893,1.27
3193,92.893,1.27
3194,92.893,1.27
3195,92.893,1.27
3196,92.893,1.27
3197,92.893,1.27
3198,92.893,1.27
3199,92.893,1.27
3200,92.893,1.27
3201,92.893,1.27
3202,92.893,1.27
3203,92.893,1.27
3204,92.893,1.27
3205,92.893,1.27
3206,92.893,1.27
3207,92.893,1.27
3208,92.893,1.27
3209,92.893,1.27
3210,92.893,1.27
3211,92.893,1.27
3212,92.893,1.27
3213,92.893,1.27
3214,92.893,1.27
3215,92.893,1.27
3216,92.893,1.27
3217,92.893,1.27
3218,92.893,1.27
3219,92.893,1.27
3220,92.893,1.27
3221,92.893,1.27
3222,92.893,1.27
3223,92.893,1.27
3224,92.893,1.27
3225,92.893,1.27
3226,92.893,1.27
3227,92.893,1.27
3228,92.893,1.27
3229,92.893,1.27
3230,92.893,1.27
3231,92.893,1.27
3232,92.893,1.27
3233,92.893,1.27
3234,92.893,1.27
3235,92.893,1.27
3236,92.893,1.27
3237,92.893,1.27
3238,92.893,1.27
3239,92.893,1.27
3240,92.893,1.27
3241,92.893,1.27
3242,92.893,1.27
3243,92.893,1.27
3244,92.893,1.27
3245,92.893,1.27
3246,92.893,1.27
3247,92.893,1.27
3248,92.893,1.27
3249,92.893,1.27
3250,92.893,1.27
3251,92.893,1.27
3252,92.893,1.27
3253,92.893,1.27
3254,92.893,1.27
3255,92.893,1.27
3256,92.893,1.27
3257,92.893,1.27
3258,92.893,1.27
3259,92.893,1.27
3260,92.893,1.27
3261,92.893,1.27
3262,92.893,1.27
3263,92.893,1.27
3264,92.893,1.27
3265,92.893,1.27
3266,92.893,1.27
3267,92.893,1.27
3268,92.893,1.27
3269,92.893,1.27
3270,92.893,1.27
3271,92.893,1.27
3272,92.963,1.266
3273,92.963,1.266
3274,92.963,1.266
3275,92.963,1.266
3276,92.963,1.266
3277,92.963,1.266
3278,92.963,1.266
3279,92.963,1.266
3280,92.963,1.266
3281,92.963,1.266
3282,92.963,1.266
3283,92.963,1.266
3284,92.963,1.266
3285,92.963,1.266
3286,92.963,1.266
3287,92.963,1.266
3288,92.963,1.266
3289,92.963,1.266
3290,92.963,1.266
3291,92.963,1.266
3292,92.963,1.266
3293,92.963,1.266
3294,92.963,1.266
3295,92.963,1.266
3296,92.963,1.266
3297,92.963,1.266
3298,92.963,1.266
3299,92.963,1.266
3300,92.963,1.266
3301,92.963,1.266
3302,92.963,1.266
3303,92.963,1.266
3304,92.963,1.266
3305,92.963,1.266
3306,92.963,1.266
3307,92.963,1.266
3308,92.963,1.266
3309,92.963,1.266
3310,92.963,1.266
3311,92.963,1.266
3312,92.963,1.266
3313,92.963,1.266
3314,92.963,1.266
3315,92.963,1.266
3316,92.963,1.266
3317,92.963,1.266
3318,92.963,1.266
3319,92.963,1.266
3320,92.963,1.266
3321,92.963,1.266
3322,92.963,1.266
3323,92.963,1.266
3324,92.963,1.266
3325,92.963,1.266
3326,92.963,1.266
3327,92.963,1.266
3328,92.963,1.266
3329,92.963,1.266
3330,92.963,1.266
3331,92.963,1.266
3332,92.963,1.266
3333,92.963,1.266
3334,92.963,1.266
3335,92.963,1.266
3336,92.963,1.266
3337,92.963,1.266
3338,92.963,1.266
3339,92.963,1.266
3340,92.963,1.266
3341,92.963,1.266
3342,92.963,1.266
3343,92.963,1.266
3344,92.963,1.266
3345,92.963,1.266
3346,92.963,1.266
3347,92.963,1.266
3348,92.963,1.266
3349,92.963,1.266
3350,92.963,1.266
3351,92.963,1.266
3352,92.963,1.266
3353,92.963,1.266
3354,92.963,1.266
3355,92.963,1.266
3356,92.963,1.266
3357,92.963,1.266
3358,92.963,1.266
3359,92.963,1.266
3360,92.963,1.266
3361,92.963,1.266
3362,92.963,1.266
3363,92.963,1.266
3364,92.963,1.266
3365,92.963,1.266
3366,92.963,1.266
3367,92.963,1.262
3368,92.963,1.262
3369,92.963,1.262
3370,92.963,1.262
3371,92.963,1.262
3372,92.963,1.262
3373,92.963,1.262
3374,92.963,1.262
3375,92.963,1.262
3376,92.963,1.262
3377,92.963,1.262
3378,92.963,1.262
3379,92.963,1.262
3380,92.963,1.262
3381,92.963,1.262
3382,92.963,1.262
3383,92.963,1.262
3384,92.963,1.262
3385,92.963,1.262
3386,92.963,1.262
3387,92.963,1.262
3388,92.963,1.262
3389,92.963,1.262
3390,92.963,1.262
3391,92.963,1.262
3392,92.963,1.262
3393,92.963,1.262
3394,92.963,1.262
3395,92.963,1.262
3396,92.963,1.262
3397,92.963,1.262
3398,92.963,1.262
3399,92.963,1.262
3400,92.963,1.262
3401,92.963,1.262
3402,92.963,1.262
3403,92.963,1.262
3404,92.963,1.262
3405,92.963,1.262
3406,92.963,1.262
3407,92.963,1.262
3408,92.963,1.262
3409,92.963,1.262
3410,92.963,1.262
3411,92.963,1.262
3412,92.963,1.262
3413,92.963,1.262
3414,92.963,1.262
3415,92.963,1.262
3416,92.963,1.262
3417,92.963,1.262
3418,92.963,1.262
3419,92.963,1.262
3420,92.963,1.262
3421,92.963,1.262
3422,92.963,1.262
3423,92.963,1.262
3424,92.963,1.262
3425,92.963,1.262
3426,92.963,1.262
3427,92.963,1.262
3428,92.963,1.262
3429,92.963,1.262
3430,92.963,1.262
3431,92.963,1.262
3432,92.963,1.262
3433,92.963,1.262
3434,92.963,1.262
3435,92.963,1.262
3436,92.963,1.262
3437,92.963,1.262
3438,92.963,1.262
3439,92.963,1.262
3440,92.963,1.262
3441,92.963,1.262
3442,92.963,1.262
3443,92.963,1.262
3444,92.963,1.262
3445,92.963,1.262
3446,92.963,1.262
3447,92.963,1.262
3448,92.963,1.262
3449,92.963,1.262
3450,92.963,1.262
3451,92.963,1.262
3452,92.963,1.262
3453,92.963,1.262
3454,92.963,1.262
3455,92.963,1.262
3456,92.963,1.262
3457,92.963,1.262
3458,92.963,1.262
3459,92.963,1.262
3460,92.963,1.262
3461,92.963,1.262
3462,92.963,1.262
3463,92.963,1.262
3464,92.963,1.262
3465,92.963,1.262
3466,92.963,1.262
3467,92.963,1.262
3468,92.963,1.262
3469,92.963,1.262
3470,92.963,1.262
3471,92.963,1.262
3472,92.963,1.262
3473,92.963,1.262
3474,92.963,1.262
3475,92.963,1.262
3476,92.963,1.262
3477,92.963,1.262
3478,92.963,1.262
3479,92.963,1.262
3480,92.963,1.262
3481,92.963,1.262
3482,92.963,1.262
3483,92.963,1.262
3484,92.963,1.262
3485,92.963,1.262
3486,92.963,1.262
3487,92.963,1.262
3488,92.963,1.262
3489,92.963,1.262
3490,92.963,1.262
3491,92.963,1.262
3492,92.963,1.262
3493,92.963,1.262
3494,92.963,1.262
3495,92.963,1.262
3496,92.963,1.262
3497,92.963,1.262
3498,92.963,1.262
3499,92.963,1.262
3500,92.963,1.262
3501,92.963,1.262
3502,92.963,1.262
3503,92.963,1.262
3504,92.963,1.262
3505,92.963,1.262
3506,92.963,1.262
3507,92.963,1.262
3508,92.963,1.262
3509,92.963,1.262
3510,92.963,1.262
3511,92.963,1.262
3512,92.963,1.26
3513,92.963,1.26
3514,92.963,1.26
3515,92.963,1.26
3516,92.963,1.26
3517,92.963,1.26
3518,92.963,1.26
3519,92.963,1.26
3520,92.963,1.26
3521,92.963,1.26
3522,92.963,1.26
3523,92.963,1.26
3524,92.963,1.26
3525,92.963,1.26
3526,92.963,1.26
3527,92.963,1.26
3528,92.963,1.26
3529,92.963,1.26
3530,92.963,1.26
3531,92.963,1.26
3532,92.963,1.26
3533,92.963,1.26
3534,92.963,1.26
3535,92.963,1.26
3536,92.963,1.26
3537,92.963,1.26
3538,92.963,1.26
3539,92.963,1.26
3540,92.963,1.26
3541,92.963,1.26
3542,92.963,1.26
3543,92.963,1.26
3544,92.963,1.26
3545,92.963,1.26
3546,92.963,1.26
3547,92.963,1.26
3548,92.963,1.26
3549,92.963,1.26
3550,92.963,1.26
3551,92.963,1.26
3552,92.963,1.26
3553,92.963,1.26
3554,92.963,1.26
3555,92.963,1.26
3556,92.963,1.26
3557,92.963,1.26
3558,92.963,1.26
3559,92.963,1.26
3560,92.963,1.26
3561,92.963,1.26
3562,92.963,1.26
3563,92.963,1.26
3564,92.963,1.26
3565,92.963,1.26
3566,92.963,1.26
3567,92.963,1.26
3568,92.963,1.26
3569,92.963,1.26
3570,92.963,1.26
3571,92.963,1.26
3572,92.963,1.26
3573,92.963,1.26
3574,92.963,1.26
3575,92.963,1.26
3576,92.963,1.26
3577,92.963,1.26
3578,92.963,1.26
3579,92.963,1.26
3580,92.963,1.26
3581,92.963,1.26
3582,92.963,1.26
3583,92.963,1.26
3584,92.963,1.26
3585,92.963,1.26
3586,92.963,1.26
3587,92.963,1.26
3588,92.963,1.26
3589,92.963,1.26
3590,92.963,1.26
3591,92.963,1.26
3592,92.963,1.26
3593,92.963,1.26
3594,92.963,1.26
3595,92.963,1.26
3596,92.963,1.26
3597,92.963,1.26
3598,92.963,1.26
3599,92.963,1.26
3600,92.963,1.26
3601,92.963,1.26
3602,92.963,1.26
3603,92.963,1.26
3604,92.963,1.26
3605,92.963,1.26
3606,92.963,1.26
3607,92.963,1.26
3608,92.963,1.26
3609,92.963,1.26
3610,92.963,1.26
3611,92.963,1.26
3612,92.963,1.26
3613,92.963,1.26
3614,92.963,1.26
3615,92.963,1.26
3616,92.963,1.26
3617,92.963,1.26
3618,92.963,1.26
3619,92.963,1.26
3620,92.963,1.26
3621,92.963,1.26
3622,92.963,1.26
3623,92.963,1.26
3624,92.963,1.26
3625,92.963,1.26
3626,92.963,1.26
3627,92.963,1.26
3628,92.963,1.26
3629,92.963,1.26
3630,92.963,1.26
3631,92.963,1.26
3632,92.963,1.26
3633,92.963,1.26
3634,92.963,1.26
3635,92.963,1.26
3636,92.963,1.26
3637,92.963,1.26
3638,92.963,1.26
3639,92.963,1.26
3640,92.963,1.26
3641,92.963,1.26
3642,92.963,1.26
3643,92.963,1.26
3644,92.963,1.26
3645,92.963,1.26
3646,92.963,1.26
3647,92.963,1.26
3648,92.963,1.26
3649,92.963,1.26
3650,92.963,1.26
3651,92.963,1.26
3652,92.963,1.26
3653,92.963,1.26
3654,92.963,1.26
3655,92.963,1.26
3656,92.963,1.26
3657,92.963,1.26
3658,92.963,1.26
3659,92.963,1.26
3660,92.963,1.26
3661,92.963,1.26
3662,92.963,1.26
3663,92.963,1.26
3664,92.963,1.26
3665,92.963,1.26
3666,92.963,1.26
3667,92.963,1.26
3668,92.963,1.26
3669,92.963,1.26
3670,92.963,1.26
3671,92.963,1.26
3672,92.963,1.26
3673,92.963,1.26
3674,92.963,1.26
3675,92.963,1.26
3676,92.963,1.26
3677,92.963,1.26
3678,92.963,1.26
3679,92.963,1.26
3680,92.963,1.26
3681,92.963,1.26
3682,92.963,1.26
3683,92.963,1.26
3684,92.963,1.26
3685,92.963,1.26
3686,92.963,1.26
3687,92.963,1.26
3688,92.963,1.26
3689,92.963,1.26
3690,92.963,1.26
3691,92.963,1.26
3692,92.963,1.26
3693,92.963,1.26
3694,92.963,1.26
3695,92.963,1.26
3696,92.963,1.26
3697,92.963,1.26
3698,92.963,1.26
3699,92.963,1.26
3700,92.963,1.268
3701,92.963,1.268
3702,92.963,1.268
3703,92.963,1.268
3704,92.963,1.268
3705,92.963,1.268
3706,92.963,1.268
3707,92.963,1.268
3708,92.963,1.268
3709,92.963,1.268
3710,92.963,1.268
3711,92.963,1.268
3712,92.963,1.268
3713,92.963,1.268
3714,92.963,1.268
3715,92.963,1.268
3716,92.963,1.268
3717,92.963,1.268
3718,92.963,1.268
3719,92.963,1.268
3720,92.963,1.268
3721,92.963,1.268
3722,92.963,1.268
3723,92.963,1.268
3724,92.963,1.268
3725,92.963,1.268
3726,92.963,1.268
3727,92.963,1.268
3728,92.963,1.268
3729,92.963,1.268
3730,92.963,1.268
3731,92.963,1.268
3732,92.963,1.268
3733,92.963,1.268
3734,92.963,1.268
3735,92.963,1.268
3736,92.963,1.268
3737,92.963,1.268
3738,92.963,1.268
3739,92.963,1.268
3740,92.963,1.268
3741,92.963,1.268
3742,92.963,1.268
3743,92.963,1.268
3744,92.963,1.268
3745,92.963,1.268
3746,92.963,1.268
3747,92.963,1.268
3748,92.963,1.268
3749,92.963,1.268
3750,92.963,1.268
3751,92.963,1.268
3752,92.963,1.268
3753,92.963,1.268
3754,92.963,1.268
3755,92.963,1.268
3756,92.963,1.268
3757,92.963,1.268
3758,92.963,1.268
3759,92.963,1.268
3760,92.963,1.268
3761,92.963,1.268
3762,92.963,1.268
3763,92.963,1.268
3764,92.963,1.268
3765,92.963,1.268
3766,92.963,1.268
3767,92.963,1.268
3768,92.963,1.268
3769,92.963,1.268
3770,92.963,1.268
3771,92.963,1.268
3772,92.963,1.268
3773,92.963,1.268
3774,92.963,1.268
3775,92.963,1.268
3776,92.963,1.268
3777,92.963,1.281
3778,92.963,1.281
3779,92.963,1.281
3780,92.963,1.281
3781,92.963,1.281
3782,92.963,1.281
3783,92.963,1.281
3784,92.963,1.281
3785,92.963,1.281
3786,92.963,1.281
3787,92.963,1.281
3788,92.963,1.281
3789,92.963,1.281
3790,92.963,1.281
3791,92.963,1.281
3792,92.963,1.281
3793,92.963,1.281
3794,92.963,1.281
3795,92.963,1.281
3796,92.963,1.281
3797,92.963,1.281
3798,92.963,1.286
3799,92.963,1.286
3800,92.963,1.286
3801,92.963,1.286
3802,92.963,1.286
3803,92.963,1.286
3804,92.963,1.286
3805,92.963,1.286
3806,92.963,1.286
3807,92.963,1.286
3808,92.963,1.286
3809,92.963,1.286
3810,92.963,1.286
3811,92.963,1.286
3812,92.963,1.286
3813,92.963,1.286
3814,92.963,1.268
3815,92.963,1.268
3816,92.963,1.268
3817,92.963,1.268
3818,92.963,1.268
3819,92.963,1.268
3820,92.963,1.268
3821,92.963,1.268
3822,92.963,1.268
3823,92.963,1.268
3824,92.963,1.268
3825,92.963,1.268
3826,92.963,1.268
3827,92.963,1.268
3828,92.963,1.268
3829,92.963,1.268
3830,92.963,1.268
3831,92.963,1.268
3832,92.963,1.26
3833,92.963,1.26
3834,92.963,1.26
3835,92.963,1.26
3836,92.963,1.26
3837,92.963,1.26
3838,92.963,1.26
3839,92.963,1.26
3840,92.963,1.26
3841,92.963,1.26
3842,92.963,1.26
3843,92.963,1.26
3844,92.963,1.26
3845,92.963,1.26
3846,92.963,1.26
3847,92.963,1.26
3848,92.963,1.26
3849,92.963,1.26
3850,92.963,1.26
3851,92.963,1.26
3852,92.963,1.26
3853,92.963,1.26
3854,92.963,1.26
3855,92.963,1.26
3856,92.963,1.26
3857,92.963,1.26
3858,92.963,1.26
3859,92.963,1.26
3860,92.963,1.26
3861,92.963,1.26
3862,92.963,1.26
3863,92.963,1.26
3864,92.963,1.26
3865,92.963,1.26
3866,92.963,1.26
3867,92.963,1.26
3868,92.963,1.26
3869,92.963,1.26
3870,92.963,1.26
3871,92.963,1.26
3872,92.963,1.26
3873,92.963,1.26
3874,92.963,1.26
3875,92.963,1.26
3876,92.963,1.26
3877,92.963,1.26
3878,92.963,1.26
3879,92.963,1.26
3880,92.963,1.26
3881,92.963,1.26
3882,92.963,1.26
3883,92.963,1.26
3884,92.963,1.26
3885,92.963,1.26
3886,92.963,1.26
3887,92.963,1.26
3888,92.963,1.26
3889,92.963,1.26
3890,92.963,1.26
3891,92.963,1.26
3892,92.963,1.26
3893,92.963,1.26
3894,92.963,1.26
3895,92.963,1.26
3896,92.963,1.252
3897,92.963,1.252
3898,92.963,1.252
3899,92.963,1.252
3900,92.963,1.252
3901,92.963,1.252
3902,92.963,1.252
3903,92.963,1.252
3904,92.963,1.252
3905,92.963,1.252
3906,92.963,1.252
3907,92.963,1.252
3908,92.963,1.252
3909,92.963,1.252
3910,92.963,1.252
3911,92.963,1.252
3912,92.963,1.252
3913,92.963,1.252
3914,92.963,1.252
3915,92.963,1.252
3916,92.963,1.252
3917,92.963,1.252
3918,92.963,1.252
3919,92.963,1.252
3920,92.963,1.252
3921,92.963,1.252
3922,92.963,1.244
3923,92.963,1.244
3924,92.963,1.244
3925,92.963,1.244
3926,92.963,1.244
3927,92.963,1.244
3928,92.963,1.244
3929,92.963,1.244
3930,92.963,1.244
3931,92.963,1.235
3932,92.963,1.235
3933,92.963,1.235
3934,92.963,1.235
3935,92.963,1.235
3936,92.963,1.235
3937,92.963,1.235
3938,92.963,1.235
3939,92.963,1.235
3940,92.963,1.224
3941,92.963,1.224
3942,92.963,1.224
3943,92.963,1.224
3944,92.963,1.224
3945,92.963,1.224
3946,92.963,1.224
3947,92.963,1.215
3948,92.963,1.215
3949,92.963,1.215
3950,92.963,1.215
3951,92.963,1.215
3952,92.963,1.215
3953,92.963,1.215
3954,92.963,1.215
3955,92.963,1.215
3956,92.963,1.215
3957,92.963,1.215
3958,92.963,1.215
3959,92.963,1.215
3960,92.963,1.215
3961,92.963,1.215
3962,92.963,1.215
3963,92.963,1.215
3964,92.963,1.215
3965,92.963,1.215
3966,92.963,1.215
3967,92.963,1.206
3968,92.963,1.206
3969,92.963,1.206
3970,92.963,1.206
3971,92.963,1.206
3972,92.963,1.206
3973,92.963,1.206
3974,92.963,1.206
3975,92.963,1.206
3976,92.963,1.099
3977,92.963,1.099
3978,92.963,1.099
3979,92.963,1.099
3980,92.963,1.099
3981,92.963,1.099
3982,92.963,1.099
3983,92.963,1.099
3984,92.963,1.099
3985,92.963,1.099
3986,92.963,1.099
3987,92.469,1.085
3988,92.469,1.085
3989,92.469,1.085
3990,92.469,1.085
3991,92.469,1.085
3992,92.469,1.085
3993,92.469,1.085
3994,92.469,1.072
3995,92.469,1.072
3996,92.469,1.072
3997,92.469,1.072
3998,92.469,1.072
3999,92.469,1.072
4000,92.469,1.072
4001,92.469,1.072
4002,92.469,1.072
4003,92.469,1.072
4004,92.469,1.072
4005,92.469,1.072
4006,92.469,1.072
4007,92.469,1.072
4008,92.469,1.072
4009,92.469,1.072
4010,92.469,1.072
4011,92.469,1.072
4012,92.469,1.072
4013,92.469,1.072
4014,92.469,1.072
4015,92.469,1.072
4016,92.469,1.072
4017,92.469,1.072
4018,92.469,1.072
4019,92.469,1.072
4020,92.469,1.072
4021,92.469,1.072
4022,92.469,1.072
4023,92.469,1.072
4024,92.469,1.072
4025,92.469,1.072
4026,92.469,1.072
4027,92.469,1.072
4028,92.469,1.059
4029,92.469,1.059
4030,92.469,1.059
4031,92.469,1.059
4032,92.469,1.059
4033,92.469,1.059
4034,92.469,1.059
4035,92.469,1.059
4036,92.469,1.059
4037,92.469,1.059
4038,92.469,1.059
4039,92.469,1.059
4040,92.469,1.059
4041,92.469,1.059
4042,92.469,1.059
4043,92.469,1.059
4044,92.469,1.059
4045,92.469,1.059
4046,92.469,1.059
4047,92.469,1.059
4048,92.469,1.059
4049,92.469,1.059
4050,92.469,1.059
4051,92.469,1.048
4052,92.469,1.048
4053,92.469,1.048
4054,92.469,1.048
4055,92.469,1.048
4056,92.469,1.048
4057,92.469,1.048
4058,92.469,1.048
4059,92.469,1.044
4060,92.469,1.044
4061,92.469,1.044
4062,92.469,1.044
4063,92.469,1.044
4064,92.469,1.044
4065,92.469,1.044
4066,92.469,1.044
4067,92.469,1.044
4068,92.469,1.044
4069,92.469,1.044
4070,92.469,1.044
4071,92.469,1.044
4072,92.469,1.044
4073,92.469,1.044
4074,92.469,1.044
4075,92.469,1.044
4076,92.469,1.044
4077,92.469,1.044
4078,92.469,1.044
4079,92.469,1.044
4080,92.469,1.044
4081,92.469,1.044
4082,92.469,1.044
4083,92.469,1.044
4084,92.469,1.044
4085,92.469,1.044
4086,92.469,1.044
4087,92.469,1.044
4088,92.469,1.044
4089,92.469,1.044
4090,92.469,1.029
4091,92.469,1.029
4092,92.469,1.029
4093,92.469,1.029
4094,92.469,1.029
4095,92.469,1.029
4096,92.469,1.029
4097,92.469,1.029
4098,92.469,1.029
4099,92.469,1.029
4100,92.469,1.029
4101,92.469,1.029
4102,92.469,1.029
4103,92.469,1.029
4104,92.469,1.029
4105,92.469,1.029
4106,92.469,1.029
4107,92.469,1.029
4108,92.469,1.029
4109,92.469,1.029
4110,92.469,1.029
4111,92.469,1.029
4112,92.469,1.029
4113,92.469,1.029
4114,92.469,1.029
4115,92.469,1.029
4116,92.469,1.029
4117,92.469,1.029
0,92.469,1.029
1,92.469,1.029
2,92.469,1.029
3,92.469,1.029
4,92.469,1.029
5,92.469,1.018
6,92.469,1.018
7,92.469,1.018
8,92.469,1.007
9,92.469,1.007
10,92.469,1.007
11,92.469,0.996
12,92.469,0.979
13,92.469,0.979
14,92.469,0.979
15,92.469,0.969
16,92.469,0.944
17,92.469,0.944
18,92.469,0.944
19,92.469,0.937
20,92.469,0.937
21,92.469,0.933
22,92.469,0.927
23,92.469,0.927
24,92.469,0.921
25,92.469,0.921
26,92.469,0.914
27,92.469,0.914
28,92.469,0.914
29,92.469,0.908
30,92.469,0.908
31,92.469,0.908
32,92.469,0.908
33,92.469,0.908
34,92.469,0.908
35,92.469,0.908
36,92.469,0.908
37,92.469,0.908
38,92.469,0.908
39,92.469,0.908
40,92.469,0.908
41,92.469,0.908
42,92.469,0.908
43,92.469,0.908
44,92.469,0.908
45,92.469,0.903
46,92.469,0.899
47,92.201,0.884
48,92.201,0.884
49,92.201,0.884
50,92.201,0.884
51,92.201,0.884
52,92.201,0.884
53,92.201,0.884
54,92.201,0.884
55,92.201,0.884
56,92.201,0.884
57,92.201,0.884
58,92.201,0.884
59,92.201,0.884
60,92.201,0.884
61,92.201,0.884
62,92.201,0.884
63,92.201,0.884
64,92.201,0.884
65,92.201,0.884
66,92.201,0.884
67,92.201,0.884
68,92.201,0.884
69,92.201,0.884
70,92.201,0.884
71,92.201,0.884
72,92.201,0.884
73,92.201,0.884
74,92.201,0.884
75,92.201,0.884
76,92.201,0.884
77,92.201,0.884
78,92.201,0.884
79,92.201,0.884
80,92.201,0.884
81,92.201,0.884
82,92.201,0.884
83,92.201,0.884
84,92.201,0.884
85,92.201,0.884
86,92.201,0.884
87,92.201,0.884
88,92.201,0.884
89,92.201,0.884
90,92.201,0.884
91,92.201,0.884
92,92.201,0.884
93,92.201,0.884
94,92.201,0.884
95,92.201,0.883
96,92.201,0.883
97,92.201,0.883
98,92.201,0.883
99,92.201,0.883
100,92.201,0.883
101,92.201,0.883
102,92.201,0.883
103,92.201,0.883
104,92.201,0.883
105,92.201,0.883
106,92.201,0.883
107,92.201,0.883
108,92.201,0.883
109,92.201,0.883
110,92.201,0.883
111,92.201,0.883
112,92.201,0.883
113,92.201,0.883
114,92.201,0.883
115,92.201,0.883
116,92.201,0.883
117,92.201,0.883
118,92.201,0.883
119,92.201,0.883
120,92.201,0.883
121,92.201,0.883
122,92.201,0.883
123,92.201,0.883
124,92.201,0.883
125,92.201,0.883
126,92.201,0.883
127,92.201,0.883
128,92.201,0.883
129,92.201,0.883
130,92.201,0.883
131,92.201,0.883
132,92.201,0.883
133,92.201,0.883
134,92.201,0.883
135,92.201,0.883
136,92.201,0.883
137,92.201,0.881
138,92.201,0.881
139,92.201,0.881
140,92.201,0.881
141,92.201,0.881
142,92.201,0.881
143,92.201,0.881
144,92.201,0.881
145,92.201,0.881
146,92.201,0.881
147,92.201,0.881
148,92.201,0.881
149,92.201,0.881
150,92.201,0.881
151,92.201,0.881
152,92.201,0.881
153,92.201,0.881
154,92.201,0.881
155,92.201,0.881
156,92.201,0.881
157,92.201,0.881
158,92.201,0.881
159,92.201,0.881
160,92.201,0.881
161,92.201,0.881
162,92.201,0.881
163,92.201,0.881
164,92.201,0.881
165,92.201,0.881
166,92.201,0.881
167,92.201,0.881
168,92.201,0.881
169,92.201,0.881
170,92.201,0.881
171,92.201,0.881
172,92.201,0.881
173,92.201,0.881
174,92.201,0.881
175,92.201,0.881
176,92.201,0.881
177,92.201,0.881
178,92.201,0.881
179,92.201,0.881
180,92.201,0.881
181,92.201,0.881
182,92.201,0.881
183,92.201,0.881
184,92.201,0.881
185,92.201,0.881
186,92.201,0.881
187,92.201,0.881
188,92.201,0.881
189,92.201,0.881
190,92.201,0.881
191,92.201,0.881
192,92.201,0.881
193,92.201,0.881
194,92.201,0.881
195,92.201,0.881
196,92.201,0.884
197,92.201,0.884
198,92.201,0.884
199,92.201,0.884
200,92.201,0.884
201,92.201,0.884
202,92.201,0.884
203,92.201,0.884
204,92.201,0.884
205,92.201,0.884
206,92.201,0.884
207,92.201,0.884
208,92.201,0.884
209,92.201,0.884
210,92.201,0.884
211,92.201,0.884
212,92.201,0.884
213,92.201,0.884
214,92.201,0.884
215,92.201,0.884
216,92.201,0.884
217,92.201,0.884
218,92.201,0.884
219,92.201,0.884
220,92.201,0.884
221,92.201,0.884
222,92.201,0.884
223,92.201,0.884
224,92.201,0.884
225,92.201,0.884
226,92.201,0.884
227,92.201,0.884
228,92.201,0.884
229,92.201,0.884
230,92.201,0.884
231,92.201,0.884
232,92.201,0.884
233,92.201,0.884
234,92.201,0.884
235,92.201,0.884
236,92.201,0.884
237,92.201,0.884
238,92.201,0.884
239,92.201,0.884
240,92.201,0.884
241,92.201,0.883
242,92.201,0.883
243,92.201,0.883
244,92.201,0.883
245,92.201,0.883
246,92.201,0.883
247,92.201,0.883
248,92.201,0.883
249,92.201,0.883
250,92.201,0.883
251,92.201,0.883
252,92.201,0.883
253,92.201,0.883
254,92.201,0.883
255,92.201,0.883
256,92.201,0.883
257,92.201,0.883
258,92.201,0.883
259,92.201,0.883
260,92.201,0.883
261,92.201,0.883
262,92.201,0.883
263,92.201,0.883
264,92.201,0.883
265,92.201,0.883
266,92.201,0.883
267,92.201,0.883
268,92.201,0.883
269,92.201,0.883
270,92.201,0.883
271,92.201,0.883
272,92.201,0.883
273,92.201,0.883
274,92.201,0.883
275,92.201,0.883
276,92.201,0.883
277,92.201,0.883
278,92.201,0.883
279,92.201,0.883
280,92.201,0.883
281,92.201,0.883
282,92.201,0.883
283,92.201,0.883
284,92.201,0.883
285,92.201,0.883
286,92.201,0.883
287,92.201,0.883
288,92.201,0.883
289,92.201,0.883
290,92.201,0.883
291,92.201,0.883
292,92.201,0.883
293,92.201,0.883
294,92.201,0.883
295,92.201,0.883
296,92.201,0.883
297,92.201,0.883
298,92.201,0.883
299,92.201,0.883
300,92.201,0.883
301,92.201,0.883
302,92.201,0.883
303,92.201,0.883
304,92.201,0.883
305,92.201,0.883
306,92.201,0.883
307,92.201,0.883
308,92.201,0.883
309,92.201,0.879
310,92.201,0.879
311,92.201,0.879
312,92.201,0.879
313,92.201,0.879
314,92.201,0.879
315,92.201,0.879
316,92.201,0.879
317,92.201,0.879
318,92.201,0.879
319,92.201,0.879
320,92.201,0.879
321,92.201,0.879
322,92.201,0.879
323,92.201,0.879
324,92.201,0.879
325,92.201,0.879
326,92.201,0.879
327,92.201,0.879
328,92.201,0.879
329,92.201,0.879
330,92.201,0.879
331,92.201,0.879
332,92.201,0.879
333,92.201,0.879
334,92.201,0.879
335,92.201,0.879
336,92.201,0.879
337,92.201,0.879
338,92.201,0.879
339,92.201,0.879
340,92.201,0.879
341,92.201,0.879
342,92.201,0.879
343,92.201,0.879
344,92.201,0.879
345,92.201,0.879
346,92.201,0.879
347,92.201,0.879
348,92.201,0.879
349,92.201,0.879
350,92.201,0.879
351,92.201,0.879
352,92.201,0.879
353,92.201,0.879
354,92.201,0.879
355,92.201,0.879
356,92.201,0.879
357,92.201,0.879
358,92.201,0.879
359,92.201,0.879
360,92.201,0.879
361,92.201,0.879
362,92.201,0.879
363,92.201,0.879
364,92.201,0.879
365,92.201,0.879
366,92.201,0.879
367,92.201,0.879
368,92.201,0.879
369,92.201,0.879
370,92.201,0.879
371,92.201,0.879
372,92.201,0.879
373,92.201,0.879
374,92.201,0.879
375,92.201,0.879
376,92.201,0.879
377,92.201,0.879
378,92.201,0.879
379,92.201,0.879
380,92.201,0.879
381,92.201,0.879
382,92.201,0.879
383,92.201,0.879
384,92.201,0.879
385,92.201,0.879
386,92.201,0.873
387,92.201,0.873
388,92.201,0.873
389,92.201,0.873
390,92.201,0.873
391,92.201,0.873
392,92.201,0.873
393,92.201,0.873
394,92.201,0.873
395,92.201,0.873
396,92.201,0.873
397,92.201,0.873
398,92.201,0.873
399,92.201,0.873
400,92.201,0.873
401,92.201,0.873
402,92.201,0.873
403,92.201,0.873
404,92.201,0.873
405,92.201,0.873
406,92.201,0.873
407,92.201,0.873
408,92.201,0.873
409,92.201,0.873
410,92.201,0.873
411,92.201,0.873
412,92.201,0.873
413,92.201,0.873
414,92.201,0.873
415,92.201,0.873
416,92.201,0.873
417,92.201,0.873
418,92.201,0.873
419,92.201,0.873
420,92.201,0.873
421,92.201,0.873
422,92.201,0.873
423,92.201,0.873
424,92.201,0.873
425,92.201,0.873
426,92.201,0.873
427,92.201,0.873
428,92.201,0.873
429,92.201,0.873
430,92.201,0.873
431,92.201,0.873
432,92.201,0.873
433,92.201,0.873
434,92.201,0.873
435,92.201,0.873
436,92.201,0.873
437,92.201,0.873
438,92.201,0.873
439,92.201,0.873
440,92.201,0.873
441,92.201,0.873
442,92.201,0.873
443,92.201,0.873
444,92.201,0.873
445,92.201,0.873
446,92.201,0.873
447,92.201,0.873
448,92.201,0.873
449,92.201,0.873
450,92.201,0.873
451,92.201,0.873
452,92.201,0.873
453,92.201,0.873
454,92.201,0.873
455,92.201,0.873
456,92.201,0.873
457,92.201,0.873
458,92.201,0.873
459,92.201,0.873
460,92.201,0.873
461,92.201,0.873
462,92.201,0.873
463,92.201,0.873
464,92.201,0.873
465,92.201,0.873
466,92.201,0.873
467,92.201,0.873
468,92.201,0.869
469,92.201,0.869
470,92.201,0.869
471,92.201,0.869
472,92.201,0.869
473,92.201,0.869
474,92.201,0.869
475,92.201,0.869
476,92.201,0.869
477,92.201,0.869
478,92.201,0.869
479,92.201,0.869
480,92.201,0.869
481,92.201,0.869
482,92.201,0.869
483,92.201,0.869
484,92.201,0.869
485,92.201,0.869
486,92.201,0.869
487,92.201,0.869
488,92.201,0.869
489,92.201,0.869
490,92.201,0.869
491,92.201,0.869
492,92.201,0.869
493,92.201,0.869
494,92.201,0.869
495,92.201,0.869
496,92.201,0.869
497,92.201,0.869
498,92.201,0.869
499,92.201,0.869
500,92.201,0.869
501,92.201,0.869
502,92.201,0.869
503,92.201,0.869
504,92.201,0.869
505,92.201,0.869
506,92.201,0.869
507,92.201,0.869
508,92.201,0.869
509,92.201,0.869
510,92.201,0.869
511,92.201,0.869
512,92.201,0.869
513,92.201,0.869
514,92.201,0.869
515,92.201,0.869
516,92.201,0.869
517,92.201,0.869
518,92.201,0.869
519,92.201,0.869
520,92.201,0.869
521,92.201,0.869
522,92.201,0.861
523,92.201,0.861
524,92.201,0.861
525,92.201,0.861
526,92.201,0.861
527,92.201,0.861
528,92.201,0.861
529,92.201,0.861
530,92.201,0.861
531,92.201,0.861
532,92.201,0.861
533,92.201,0.861
534,92.201,0.861
535,92.201,0.861
536,92.201,0.861
537,92.201,0.861
538,92.201,0.861
539,92.201,0.861
540,92.201,0.861
541,92.201,0.861
542,92.201,0.861
543,92.201,0.861
544,92.201,0.861
545,92.201,0.861
546,92.201,0.861
547,92.201,0.861
548,92.201,0.861
549,92.201,0.861
550,92.201,0.861
551,92.201,0.861
552,92.201,0.861
553,92.201,0.861
554,92.201,0.861
555,92.201,0.861
556,92.201,0.861
557,92.201,0.861
558,92.201,0.861
559,92.201,0.861
560,92.201,0.861
561,92.201,0.861
562,92.201,0.861
563,92.201,0.861
564,92.201,0.861
565,92.201,0.861
566,92.201,0.861
567,92.201,0.861
568,92.201,0.859
569,92.201,0.859
570,92.201,0.859
571,92.201,0.859
572,92.201,0.859
573,92.201,0.859
574,92.201,0.859
575,92.201,0.859
576,92.201,0.859
577,92.201,0.859
578,92.201,0.859
579,92.201,0.859
580,92.201,0.859
581,92.201,0.859
582,92.201,0.859
583,92.201,0.859
584,92.201,0.859
585,92.201,0.859
586,92.201,0.859
587,92.201,0.859
588,92.201,0.859
589,92.201,0.859
590,92.201,0.859
591,92.201,0.859
592,92.201,0.859
593,92.201,0.859
594,92.201,0.859
595,92.201,0.859
596,92.201,0.859
597,92.201,0.859
598,92.201,0.859
599,92.201,0.859
600,92.201,0.859
601,92.201,0.859
602,92.201,0.859
603,92.201,0.854
604,92.201,0.854
605,92.201,0.854
606,92.201,0.854
607,92.201,0.854
608,92.201,0.854
609,92.201,0.854
610,92.201,0.854
611,92.201,0.854
612,92.201,0.854
613,92.201,0.854
614,92.201,0.854
615,92.201,0.854
616,92.201,0.854
617,92.201,0.854
618,92.201,0.854
619,92.201,0.854
620,92.201,0.854
621,92.201,0.854
622,92.201,0.854
623,92.201,0.854
624,92.201,0.854
625,92.201,0.854
626,92.201,0.854
627,92.201,0.854
628,92.201,0.854
629,92.201,0.854
630,92.201,0.854
631,92.201,0.854
632,92.201,0.854
633,92.201,0.851
634,92.201,0.851
635,92.201,0.851
636,92.201,0.851
637,92.201,0.851
638,92.201,0.851
639,92.201,0.851
640,92.201,0.851
641,92.201,0.851
642,92.201,0.851
643,92.201,0.851
644,92.201,0.851
645,92.201,0.851
646,92.201,0.851
647,92.201,0.851
648,92.201,0.851
649,92.201,0.851
650,92.201,0.851
651,92.201,0.851
652,92.201,0.851
653,92.201,0.851
654,92.201,0.851
655,92.201,0.851
656,92.201,0.851
657,92.201,0.851
658,92.201,0.851
659,92.201,0.851
660,92.201,0.849
661,92.201,0.849
662,92.201,0.849
663,92.201,0.849
664,92.201,0.849
665,92.201,0.849
666,92.201,0.849
667,92.201,0.849
668,92.201,0.849
669,92.201,0.849
670,92.201,0.849
671,92.201,0.849
672,92.201,0.849
673,92.201,0.849
674,92.201,0.849
675,92.201,0.849
676,92.201,0.849
677,92.201,0.849
678,92.201,0.849
679,92.201,0.849
680,92.201,0.849
681,92.201,0.849
682,92.201,0.849
683,92.201,0.849
684,92.201,0.849
685,92.201,0.849
686,92.201,0.849
687,92.201,0.849
688,92.201,0.849
689,92.201,0.849
690,92.201,0.849
691,92.201,0.849
692,92.201,0.849
693,92.201,0.849
694,92.201,0.849
695,92.201,0.843
696,92.201,0.843
697,92.201,0.843
698,92.201,0.843
699,92.201,0.843
700,92.201,0.843
701,92.201,0.843
702,92.201,0.843
703,92.201,0.843
704,92.201,0.843
705,92.201,0.843
706,92.201,0.843
707,92.201,0.843
708,92.201,0.843
709,92.201,0.843
710,92.201,0.843
711,92.201,0.838
712,92.201,0.838
713,92.201,0.838
714,92.201,0.838
715,92.201,0.838
716,92.201,0.838
717,92.201,0.838
718,92.201,0.838
719,92.201,0.838
720,92.201,0.838
721,92.201,0.838
722,92.201,0.838
723,92.201,0.838
724,92.201,0.838
725,92.201,0.838
726,92.201,0.838
727,92.201,0.838
728,92.201,0.838
729,92.201,0.838
730,92.201,0.838
731,92.201,0.838
732,92.201,0.838
733,92.201,0.838
734,92.201,0.838
735,92.201,0.838
736,92.201,0.838
737,92.201,0.838
738,92.201,0.838
739,92.201,0.838
740,92.201,0.834
741,92.201,0.834
742,92.201,0.834
743,92.201,0.834
744,92.201,0.834
745,92.201,0.834
746,92.201,0.834
747,92.201,0.834
748,92.201,0.834
749,92.201,0.834
750,92.201,0.834
751,92.201,0.834
752,92.201,0.834
753,92.201,0.829
754,92.201,0.829
755,92.201,0.829
756,92.201,0.829
757,92.201,0.829
758,92.201,0.829
759,92.201,0.829
760,92.201,0.829
761,92.201,0.829
762,92.201,0.829
763,92.201,0.829
764,92.201,0.829
765,92.201,0.829
766,92.201,0.825
767,92.201,0.825
768,92.201,0.825
769,92.201,0.825
770,92.201,0.825
771,92.201,0.825
772,92.201,0.825
773,92.201,0.825
774,92.201,0.825
775,92.201,0.825
776,92.201,0.825
777,92.201,0.825
778,92.201,0.825
779,92.201,0.825
780,92.201,0.825
781,92.201,0.825
782,92.201,0.825
783,92.201,0.825
784,92.201,0.825
785,92.201,0.825
786,92.201,0.825
787,92.201,0.825
788,92.201,0.825
789,92.201,0.825
790,92.201,0.825
791,92.201,0.825
792,92.201,0.825
793,92.201,0.821
794,92.201,0.821
795,92.201,0.821
796,92.201,0.821
797,92.201,0.821
798,92.201,0.821
799,92.201,0.821
800,92.201,0.821
801,92.201,0.821
802,92.201,0.821
803,92.201,0.821
804,92.201,0.821
805,92.201,0.821
806,92.201,0.821
807,92.201,0.821
808,92.201,0.821
809,92.201,0.821
810,92.201,0.821
811,92.201,0.821
812,92.201,0.821
813,92.201,0.821
814,92.201,0.821
815,92.201,0.821
816,92.201,0.821
817,92.379,0.819
818,92.379,0.819
819,92.379,0.819
820,92.379,0.819
821,92.379,0.819
822,92.379,0.819
823,92.379,0.819
824,92.379,0.819
825,92.379,0.819
826,92.379,0.819
827,92.379,0.819
828,92.379,0.819
829,92.379,0.819
830,92.379,0.819
831,92.379,0.819
832,92.379,0.819
833,92.379,0.819
834,92.379,0.819
835,92.379,0.819
836,92.379,0.819
837,92.379,0.819
838,92.379,0.819
839,92.379,0.813
840,92.379,0.813
841,92.379,0.813
842,92.379,0.813
843,92.379,0.813
844,92.379,0.813
845,92.379,0.809
846,92.379,0.809
847,92.379,0.809
848,92.379,0.809
849,92.379,0.809
850,92.379,0.809
851,92.379,0.809
852,92.379,0.809
853,92.379,0.809
854,92.379,0.809
855,92.379,0.809
856,92.379,0.809
857,92.379,0.809
858,92.379,0.809
859,92.379,0.809
860,92.379,0.809
861,92.379,0.809
862,92.379,0.809
863,92.379,0.809
864,92.379,0.809
865,92.379,0.809
866,92.379,0.803
867,92.379,0.803
868,92.379,0.803
869,92.379,0.803
870,92.379,0.803
871,92.379,0.803
872,92.379,0.803
873,92.379,0.803
874,92.379,0.803
875,92.379,0.803
876,92.379,0.803
877,92.379,0.803
878,92.379,0.803
879,92.379,0.803
880,92.379,0.803
881,92.379,0.803
882,92.379,0.803
883,92.379,0.803
884,92.379,0.803
885,92.379,0.803
886,92.379,0.803
887,92.379,0.803
888,92.379,0.803
889,92.379,0.803
890,92.379,0.803
891,92.379,0.803
892,92.379,0.803
893,92.379,0.803
894,92.379,0.803
895,92.379,0.803
896,92.379,0.803
897,92.379,0.797
898,92.379,0.797
899,92.379,0.797
900,92.379,0.797
901,92.379,0.797
902,92.379,0.797
903,92.379,0.797
904,92.379,0.797
905,92.379,0.797
906,92.379,0.797
907,92.379,0.797
908,92.379,0.797
909,92.379,0.797
910,92.379,0.797
911,92.379,0.797
912,92.379,0.797
913,92.379,0.797
914,92.379,0.797
915,92.379,0.797
916,92.379,0.797
917,92.379,0.797
918,92.379,0.797
919,92.379,0.797
920,92.379,0.797
921,92.379,0.797
922,92.379,0.797
923,92.379,0.788
924,92.379,0.788
925,92.379,0.788
926,92.379,0.788
927,92.379,0.788
928,92.379,0.788
929,92.379,0.788
930,92.379,0.788
931,92.379,0.788
932,92.379,0.788
933,92.379,0.788
934,92.379,0.788
935,92.379,0.788
936,92.379,0.788
937,92.379,0.788
938,92.379,0.788
939,92.379,0.788
940,92.379,0.788
941,92.379,0.788
942,92.379,0.788
943,92.379,0.781
944,92.379,0.781
945,92.379,0.781
946,92.379,0.781
947,92.379,0.781
948,92.379,0.781
949,92.379,0.781
950,92.379,0.781
951,92.379,0.781
952,92.379,0.781
953,92.379,0.781
954,92.379,0.781
955,92.379,0.781
956,92.379,0.781
957,92.379,0.781
958,92.379,0.781
959,92.379,0.781
960,92.379,0.781
961,92.379,0.781
962,92.379,0.781
963,92.379,0.781
964,92.379,0.778
965,92.379,0.778
966,92.379,0.778
967,92.379,0.778
968,92.379,0.778
969,92.379,0.778
970,92.379,0.778
971,92.379,0.773
972,92.379,0.773
973,92.379,0.773
974,92.379,0.773
975,92.379,0.773
976,92.379,0.773
977,92.379,0.773
978,92.379,0.773
979,92.379,0.773
980,92.379,0.773
981,92.379,0.773
982,92.379,0.773
983,92.379,0.773
984,92.379,0.773
985,92.379,0.773
986,92.379,0.773
987,92.379,0.773
988,92.379,0.773
989,92.379,0.773
990,92.379,0.773
991,92.379,0.773
992,92.379,0.773
993,92.379,0.771
994,92.379,0.771
995,92.379,0.771
996,92.379,0.771
997,92.379,0.771
998,92.379,0.771
999,92.379,0.77
1000,92.379,0.77
1001,92.379,0.77
1002,92.379,0.77
1003,92.379,0.77
1004,92.379,0.77
1005,92.379,0.77
1006,92.379,0.77
1007,92.379,0.77
1008,92.379,0.77
1009,92.379,0.77
1010,92.379,0.77
1011,92.379,0.77
1012,92.379,0.77
1013,92.379,0.77
1014,92.379,0.77
1015,92.379,0.77
1016,92.379,0.77
1017,92.379,0.77
1018,92.379,0.77
1019,92.379,0.768
1020,92.379,0.768
1021,92.379,0.768
1022,92.379,0.768
1023,92.379,0.768
1024,92.379,0.768
1025,92.379,0.768
1026,92.379,0.768
1027,92.379,0.768
1028,92.379,0.768
1029,92.379,0.768
1030,92.379,0.768
1031,92.379,0.768
1032,92.379,0.766
1033,92.379,0.766
1034,92.379,0.766
1035,92.379,0.762
1036,92.379,0.762
1037,92.379,0.762
1038,92.379,0.762
1039,92.379,0.755
1040,92.379,0.755
1041,92.379,0.755
1042,92.379,0.755
1043,92.379,0.755
1044,92.379,0.755
1045,92.379,0.755
1046,92.379,0.749
1047,92.379,0.749
1048,92.379,0.743
1049,92.379,0.743
1050,92.379,0.743
1051,92.379,0.741
1052,92.379,0.741
1053,92.379,0.741
1054,92.379,0.741
1055,92.379,0.741
1056,92.379,0.741
1057,92.379,0.741
1058,92.379,0.741
1059,92.379,0.741
1060,92.379,0.741
1061,92.379,0.741
1062,92.379,0.741
1063,92.379,0.741
1064,92.379,0.741
1065,92.379,0.741
1066,92.379,0.741
1067,92.379,0.739
1068,92.379,0.739
1069,92.379,0.739
1070,92.379,0.75
1071,92.379,0.75
1072,92.379,0.75
1073,92.379,0.75
1074,92.379,0.75
1075,92.379,0.75
1076,92.379,0.75
1077,92.379,0.753
1078,92.379,0.753
1079,92.379,0.753
1080,92.379,0.753
1081,92.379,0.753
1082,92.379,0.753
1083,92.379,0.753
1084,92.431,0.754
1085,92.431,0.754
1086,92.431,0.754
1087,92.431,0.754
1088,92.431,0.754
1089,92.431,0.754
1090,92.431,0.754
1091,92.431,0.754
1092,92.431,0.754
1093,92.431,0.754
1094,92.431,0.754
1095,92.431,0.754
1096,92.431,0.754
1097,92.431,0.754
1098,92.431,0.754
1099,92.431,0.754
1100,92.431,0.754
1101,92.431,0.754
1102,92.431,0.754
1103,92.431,0.754
1104,92.431,0.754
1105,92.431,0.754
1106,92.431,0.754
1107,92.431,0.754
1108,92.431,0.754
1109,92.431,0.752
1110,92.431,0.752
1111,92.431,0.752
1112,92.431,0.752
1113,92.431,0.752
1114,92.431,0.744
1115,92.431,0.744
1116,92.431,0.744
1117,92.431,0.744
1118,92.431,0.744
1119,92.431,0.744
1120,92.431,0.744
1121,92.431,0.744
1122,92.431,0.744
1123,92.431,0.744
1124,92.431,0.744
1125,92.431,0.744
1126,92.431,0.744
1127,92.431,0.744
1128,92.431,0.744
1129,92.431,0.744
1130,92.431,0.744
1131,92.431,0.74
1132,92.431,0.74
1133,92.431,0.74
1134,92.431,0.74
1135,92.431,0.74
1136,92.431,0.74
1137,92.431,0.74
1138,92.431,0.74
1139,92.431,0.74
1140,92.431,0.74
1141,92.431,0.74
1142,92.431,0.74
1143,92.431,0.74
1144,92.431,0.74
1145,92.431,0.74
1146,92.431,0.74
1147,92.431,0.74
1148,92.431,0.74
1149,92.431,0.74
1150,92.431,0.74
1151,92.431,0.74
1152,92.431,0.74
1153,92.431,0.741
1154,92.431,0.741
1155,92.431,0.741
1156,92.431,0.741
1157,92.431,0.741
1158,92.431,0.741
1159,92.431,0.741
1160,92.431,0.741
1161,92.431,0.741
1162,92.431,0.741
1163,92.431,0.741
1164,92.431,0.743
1165,92.431,0.743
1166,92.431,0.743
1167,92.431,0.743
1168,92.431,0.743
1169,92.431,0.743
1170,92.431,0.743
1171,92.431,0.743
1172,92.431,0.743
1173,92.431,0.743
1174,92.431,0.743
1175,92.431,0.743
1176,92.431,0.743
1177,92.431,0.743
1178,92.431,0.742
1179,92.431,0.742
1180,92.431,0.742
1181,92.431,0.742
1182,92.431,0.742
1183,92.431,0.742
1184,92.431,0.742
1185,92.431,0.742
1186,92.431,0.742
1187,92.431,0.742
1188,92.431,0.742
1189,92.431,0.742
1190,92.431,0.742
1191,92.431,0.742
1192,92.431,0.742
1193,92.431,0.742
1194,92.431,0.742
1195,92.431,0.742
1196,92.431,0.742
1197,92.431,0.742
1198,92.431,0.742
1199,92.431,0.742
1200,92.431,0.742
1201,92.431,0.742
1202,92.431,0.742
1203,92.431,0.742
1204,92.431,0.742
1205,92.431,0.742
1206,92.431,0.742
1207,92.431,0.742
1208,92.431,0.742
1209,92.431,0.742
1210,92.431,0.742
1211,92.431,0.742
1212,92.431,0.742
1213,92.431,0.742
1214,92.431,0.742
1215,92.431,0.742
1216,92.431,0.742
1217,92.431,0.742
1218,92.431,0.742
1219,92.431,0.742
1220,92.431,0.742
1221,92.431,0.742
1222,92.431,0.742
1223,92.431,0.742
1224,92.431,0.742
1225,92.431,0.742
1226,92.431,0.742
1227,92.431,0.742
1228,92.431,0.742
1229,92.431,0.74
1230,92.431,0.74
1231,92.431,0.74
1232,92.431,0.74
1233,92.431,0.74
1234,92.431,0.74
1235,92.431,0.74
1236,92.431,0.74
1237,92.431,0.74
1238,92.431,0.74
1239,92.431,0.74
1240,92.431,0.74
1241,92.431,0.74
1242,92.431,0.74
1243,92.431,0.74
1244,92.431,0.74
1245,92.431,0.74
1246,92.431,0.74
1247,92.431,0.74
1248,92.431,0.74
1249,92.431,0.74
1250,92.431,0.74
1251,92.431,0.74
1252,92.431,0.739
1253,92.431,0.739
1254,92.431,0.739
1255,92.431,0.739
1256,92.431,0.739
1257,92.431,0.739
1258,92.431,0.739
1259,92.431,0.739
1260,92.431,0.739
1261,92.431,0.739
1262,92.431,0.739
1263,92.431,0.739
1264,92.431,0.739
1265,92.431,0.739
1266,92.431,0.739
1267,92.431,0.739
1268,92.431,0.739
1269,92.431,0.739
1270,92.431,0.739
1271,92.431,0.739
1272,92.431,0.739
1273,92.431,0.739
1274,92.431,0.739
1275,92.431,0.739
1276,92.431,0.739
1277,92.431,0.739
1278,92.431,0.739
1279,92.431,0.739
1280,92.431,0.739
1281,92.431,0.739
1282,92.431,0.739
1283,92.431,0.739
1284,92.431,0.739
1285,92.431,0.739
1286,92.431,0.739
1287,92.431,0.739
1288,92.431,0.739
1289,92.431,0.739
1290,92.431,0.739
1291,92.431,0.739
1292,92.431,0.739
1293,92.431,0.739
1294,92.431,0.739
1295,92.431,0.739
1296,92.431,0.739
1297,92.431,0.739
1298,92.431,0.739
1299,92.431,0.739
1300,92.431,0.739
1301,92.431,0.739
1302,92.431,0.739
1303,92.431,0.739
1304,92.431,0.739
1305,92.431,0.739
1306,92.431,0.739
1307,92.431,0.739
1308,92.431,0.739
1309,92.431,0.739
1310,92.431,0.739
1311,92.431,0.739
1312,92.431,0.739
1313,92.431,0.739
1314,92.431,0.739
1315,92.431,0.739
1316,92.431,0.739
1317,92.431,0.737
1318,92.431,0.737
1319,92.431,0.737
1320,92.431,0.737
1321,92.431,0.737
1322,92.431,0.737
1323,92.431,0.737
1324,92.431,0.737
1325,92.431,0.737
1326,92.431,0.737
1327,92.431,0.737
1328,92.431,0.737
1329,92.431,0.737
1330,92.431,0.737
1331,92.431,0.737
1332,92.431,0.737
1333,92.431,0.737
1334,92.431,0.737
1335,92.431,0.735
1336,92.431,0.735
1337,92.431,0.735
1338,92.431,0.735
1339,92.431,0.735
1340,92.431,0.735
1341,92.431,0.735
1342,92.431,0.735
1343,92.431,0.735
1344,92.431,0.735
1345,92.431,0.735
1346,92.431,0.735
1347,92.431,0.735
1348,92.431,0.735
1349,92.431,0.735
1350,92.431,0.735
1351,92.431,0.735
1352,92.431,0.735
1353,92.431,0.735
1354,92.431,0.735
1355,92.431,0.735
1356,92.431,0.733
1357,92.431,0.733
1358,92.431,0.733
1359,92.431,0.733
1360,92.431,0.733
1361,92.431,0.733
1362,92.431,0.733
1363,92.431,0.733
1364,92.431,0.733
1365,92.431,0.733
1366,92.431,0.733
1367,92.431,0.733
1368,92.431,0.733
1369,92.431,0.733
1370,92.431,0.733
1371,92.431,0.733
1372,92.431,0.733
1373,92.431,0.73
1374,92.431,0.73
1375,92.431,0.73
1376,92.431,0.73
1377,92.431,0.73
1378,92.431,0.73
1379,92.431,0.73
1380,92.431,0.73
1381,92.431,0.73
1382,92.431,0.73
1383,92.431,0.73
1384,92.431,0.73
1385,92.431,0.73
1386,92.431,0.73
1387,92.431,0.73
1388,92.431,0.73
1389,92.431,0.73
1390,92.431,0.73
1391,92.431,0.73
1392,92.431,0.73
1393,92.431,0.73
1394,92.431,0.73
1395,92.431,0.73
1396,92.431,0.73
1397,92.431,0.731
1398,92.431,0.731
1399,92.431,0.731
1400,92.431,0.731
1401,92.431,0.731
1402,92.431,0.731
1403,92.431,0.731
1404,92.431,0.731
1405,92.431,0.731
1406,92.431,0.731
1407,92.431,0.731
1408,92.431,0.731
1409,92.431,0.731
1410,92.431,0.731
1411,92.431,0.731
1412,92.431,0.728
1413,92.431,0.728
1414,92.431,0.728
1415,92.431,0.728
1416,92.431,0.728
1417,92.431,0.728
1418,92.431,0.728
1419,92.431,0.728
1420,92.431,0.728
1421,92.431,0.728
1422,92.431,0.728
1423,92.431,0.728
1424,92.431,0.728
1425,92.431,0.728
1426,92.431,0.728
1427,92.431,0.728
1428,92.431,0.728
1429,92.431,0.728
1430,92.431,0.728
1431,92.431,0.728
1432,92.431,0.728
1433,92.431,0.728
1434,92.431,0.728
1435,92.431,0.728
1436,92.431,0.728
1437,92.431,0.728
1438,92.431,0.728
1439,92.431,0.728
1440,92.431,0.728
1441,92.431,0.728
1442,92.431,0.728
1443,92.431,0.728
1444,92.431,0.728
1445,92.431,0.728
1446,92.431,0.728
1447,92.431,0.724
1448,92.431,0.724
1449,92.431,0.724
1450,92.431,0.724
1451,92.431,0.724
1452,92.431,0.724
1453,92.431,0.724
1454,92.431,0.724
1455,92.431,0.724
1456,92.431,0.724
1457,92.431,0.724
1458,92.431,0.724
1459,92.431,0.724
1460,92.431,0.724
1461,92.431,0.724
1462,92.431,0.724
1463,92.431,0.724
1464,92.431,0.724
1465,92.431,0.724
1466,92.431,0.724
1467,92.431,0.724
1468,92.431,0.724
1469,92.431,0.724
1470,92.431,0.722
1471,92.431,0.722
1472,92.431,0.722
1473,92.431,0.722
1474,92.431,0.722
1475,92.431,0.722
1476,92.431,0.722
1477,92.431,0.722
1478,92.431,0.722
1479,92.431,0.722
1480,92.431,0.722
1481,92.431,0.722
1482,92.431,0.722
1483,92.431,0.722
1484,92.431,0.722
1485,92.431,0.722
1486,92.431,0.722
1487,92.431,0.722
1488,92.431,0.722
1489,92.431,0.722
1490,92.431,0.722
1491,92.431,0.722
1492,92.431,0.722
1493,92.431,0.722
1494,92.431,0.722
1495,92.431,0.722
1496,92.431,0.722
1497,92.431,0.722
1498,92.431,0.722
1499,92.431,0.722
1500,92.431,0.722
1501,92.431,0.722
1502,92.431,0.722
1503,92.431,0.722
1504,92.431,0.722
1505,92.431,0.722
1506,92.431,0.722
1507,92.431,0.722
1508,92.431,0.722
1509,92.431,0.722
1510,92.431,0.72
1511,92.431,0.72
1512,92.431,0.72
1513,92.431,0.72
1514,92.431,0.72
1515,92.431,0.72
1516,92.431,0.72
1517,92.431,0.72
1518,92.431,0.72
1519,92.431,0.72
1520,92.431,0.72
1521,92.431,0.72
1522,92.431,0.72
1523,92.431,0.72
1524,92.431,0.72
1525,92.431,0.72
1526,92.431,0.72
1527,92.431,0.72
1528,92.431,0.72
1529,92.431,0.72
1530,92.431,0.72
1531,92.649,0.722
1532,92.649,0.722
1533,92.649,0.722
1534,92.649,0.722
1535,92.649,0.722
1536,92.649,0.722
1537,92.649,0.722
1538,92.649,0.722
1539,92.649,0.722
1540,92.649,0.722
1541,92.649,0.722
1542,92.649,0.722
1543,92.649,0.722
1544,92.649,0.722
1545,92.649,0.722
1546,92.649,0.722
1547,92.649,0.722
1548,92.649,0.722
1549,92.649,0.722
1550,92.649,0.722
1551,92.649,0.722
1552,92.649,0.722
1553,92.649,0.722
1554,92.649,0.722
1555,92.649,0.722
1556,92.649,0.722
1557,92.649,0.722
1558,92.649,0.722
1559,92.649,0.722
1560,92.649,0.722
1561,92.649,0.722
1562,92.649,0.722
1563,92.649,0.722
1564,92.649,0.722
1565,92.649,0.72
1566,92.649,0.72
1567,92.649,0.72
1568,92.649,0.72
1569,92.649,0.72
1570,92.649,0.72
1571,92.649,0.72
1572,92.649,0.72
1573,92.649,0.72
1574,92.649,0.72
1575,92.649,0.72
1576,92.649,0.72
1577,92.649,0.72
1578,92.649,0.72
1579,92.649,0.72
1580,92.649,0.72
1581,92.649,0.72
1582,92.649,0.72
1583,92.649,0.72
1584,92.649,0.72
1585,92.649,0.72
1586,92.649,0.72
1587,92.649,0.719
1588,92.649,0.719
1589,92.649,0.719
1590,92.649,0.719
1591,92.649,0.719
1592,92.649,0.719
1593,92.649,0.719
1594,92.649,0.719
1595,92.649,0.719
1596,92.649,0.719
1597,92.649,0.719
1598,92.649,0.719
1599,92.649,0.719
1600,92.649,0.719
1601,92.649,0.719
1602,92.649,0.719
1603,92.649,0.719
1604,92.649,0.716
1605,92.649,0.716
1606,92.649,0.716
1607,92.649,0.716
1608,92.649,0.716
1609,92.649,0.716
1610,92.649,0.716
1611,92.649,0.716
1612,92.649,0.716
1613,92.649,0.716
1614,92.649,0.716
1615,92.649,0.716
1616,92.649,0.716
1617,92.649,0.716
1618,92.649,0.715
1619,92.649,0.715
1620,92.649,0.715
1621,92.649,0.715
1622,92.649,0.715
1623,92.649,0.715
1624,92.649,0.715
1625,92.649,0.715
1626,92.649,0.715
1627,92.649,0.715
1628,92.649,0.715
1629,92.649,0.715
1630,92.649,0.715
1631,92.649,0.715
1632,92.649,0.715
1633,92.649,0.715
1634,92.649,0.715
1635,92.649,0.715
1636,92.649,0.715
1637,92.649,0.715
1638,92.649,0.715
1639,92.649,0.715
1640,92.649,0.715
1641,92.649,0.715
1642,92.649,0.715
1643,92.649,0.715
1644,92.649,0.715
1645,92.649,0.715
1646,92.649,0.715
1647,92.649,0.715
1648,92.649,0.715
1649,92.649,0.715
1650,92.649,0.715
1651,92.649,0.715
1652,92.649,0.715
1653,92.649,0.715
1654,92.649,0.715
1655,92.649,0.715
1656,92.649,0.715
1657,92.649,0.715
1658,92.649,0.715
1659,92.649,0.715
1660,92.649,0.715
1661,92.649,0.715
1662,92.649,0.715
1663,92.649,0.715
1664,92.649,0.715
1665,92.649,0.715
1666,92.649,0.715
1667,92.649,0.715
1668,92.649,0.715
1669,92.649,0.715
1670,92.649,0.715
1671,92.649,0.715
1672,92.649,0.715
1673,92.649,0.715
1674,92.649,0.715
1675,92.649,0.715
1676,92.649,0.715
1677,92.649,0.715
1678,92.649,0.715
1679,92.649,0.715
1680,92.649,0.715
1681,92.649,0.715
1682,92.649,0.715
1683,92.649,0.715
1684,92.649,0.715
1685,92.649,0.715
1686,92.649,0.715
1687,92.649,0.715
1688,92.649,0.715
1689,92.649,0.714
1690,92.649,0.714
1691,92.649,0.714
1692,92.649,0.714
1693,92.649,0.714
1694,92.649,0.714
1695,92.649,0.714
1696,92.649,0.714
1697,92.649,0.714
1698,92.649,0.714
1699,92.649,0.714
1700,92.649,0.714
1701,92.649,0.714
1702,92.649,0.714
1703,92.649,0.714
1704,92.649,0.714
1705,92.649,0.714
1706,92.649,0.714
1707,92.649,0.714
1708,92.649,0.714
1709,92.649,0.714
1710,92.649,0.714
1711,92.649,0.714
1712,92.649,0.714
1713,92.649,0.714
1714,92.649,0.714
1715,92.649,0.714
1716,92.649,0.714
1717,92.649,0.714
1718,92.649,0.714
1719,92.649,0.714
1720,92.649,0.714
1721,92.649,0.714
1722,92.649,0.714
1723,92.649,0.714
1724,92.649,0.714
1725,92.649,0.714
1726,92.649,0.714
1727,92.649,0.714
1728,92.649,0.714
1729,92.649,0.714
1730,92.649,0.714
1731,92.649,0.714
1732,92.649,0.714
1733,92.649,0.714
1734,92.649,0.714
1735,92.649,0.714
1736,92.649,0.714
1737,92.649,0.714
1738,92.649,0.714
1739,92.649,0.714
1740,92.649,0.714
1741,92.649,0.714
1742,92.649,0.714
1743,92.649,0.714
1744,92.649,0.714
1745,92.649,0.714
1746,92.649,0.714
1747,92.649,0.714
1748,92.649,0.714
1749,92.649,0.714
1750,92.649,0.714
1751,92.649,0.714
1752,92.649,0.714
1753,92.649,0.714
1754,92.649,0.714
1755,92.649,0.714
1756,92.649,0.714
1757,92.649,0.714
1758,92.649,0.714
1759,92.649,0.714
1760,92.649,0.714
1761,92.649,0.714
1762,92.649,0.714
1763,92.649,0.714
1764,92.649,0.714
1765,92.649,0.714
1766,92.649,0.714
1767,92.649,0.714
1768,92.649,0.714
1769,92.649,0.714
1770,92.649,0.714
1771,92.649,0.714
1772,92.649,0.714
1773,92.649,0.714
1774,92.649,0.714
1775,92.649,0.714
1776,92.649,0.714
1777,92.649,0.714
1778,92.649,0.714
1779,92.649,0.714
1780,92.649,0.714
1781,92.649,0.714
1782,92.649,0.714
1783,92.649,0.714
1784,92.649,0.714
1785,92.649,0.714
1786,92.649,0.714
1787,92.649,0.714
1788,92.649,0.714
1789,92.649,0.714
1790,92.649,0.714
1791,92.649,0.714
1792,92.649,0.714
1793,92.649,0.714
1794,92.649,0.714
1795,92.649,0.714
1796,92.649,0.714
1797,92.649,0.714
1798,92.649,0.714
1799,92.649,0.714
1800,92.649,0.714
1801,92.649,0.714
1802,92.649,0.714
1803,92.649,0.714
1804,92.649,0.714
1805,92.649,0.714
1806,92.649,0.714
1807,92.649,0.714
1808,92.649,0.714
1809,92.649,0.714
1810,92.649,0.714
1811,92.649,0.714
1812,92.649,0.714
1813,92.649,0.714
1814,92.649,0.714
1815,92.649,0.715
1816,92.649,0.715
1817,92.649,0.715
1818,92.649,0.715
1819,92.649,0.715
1820,92.649,0.715
1821,92.649,0.715
1822,92.649,0.715
1823,92.649,0.715
1824,92.649,0.715
1825,92.649,0.715
1826,92.649,0.715
1827,92.649,0.715
1828,92.649,0.715
1829,92.649,0.715
1830,92.649,0.716
1831,92.649,0.716
1832,92.649,0.716
1833,92.649,0.716
1834,92.649,0.716
1835,92.649,0.716
1836,92.649,0.716
1837,92.649,0.716
1838,92.649,0.716
1839,92.649,0.716
1840,92.649,0.716
1841,92.649,0.716
1842,92.649,0.716
1843,92.649,0.716
1844,92.649,0.716
1845,92.649,0.716
1846,92.649,0.716
1847,92.649,0.716
1848,92.649,0.716
1849,92.649,0.716
1850,92.649,0.716
1851,92.649,0.716
1852,92.649,0.716
1853,92.649,0.716
1854,92.649,0.716
1855,92.649,0.716
1856,92.649,0.716
1857,92.649,0.716
1858,92.649,0.716
1859,92.649,0.716
1860,92.649,0.716
1861,92.649,0.716
1862,92.649,0.716
1863,92.649,0.716
1864,92.649,0.716
1865,92.649,0.716
1866,92.649,0.716
1867,92.649,0.716
1868,92.649,0.716
1869,92.649,0.716
1870,92.649,0.718
1871,92.649,0.718
1872,92.649,0.718
1873,92.649,0.718
1874,92.649,0.718
1875,92.649,0.718
1876,92.649,0.718
1877,92.649,0.718
1878,92.649,0.719
1879,92.649,0.719
1880,92.649,0.719
1881,92.649,0.719
1882,92.649,0.719
1883,92.649,0.719
1884,92.649,0.719
1885,92.649,0.719
1886,92.649,0.719
1887,92.649,0.719
1888,92.713,0.721
1889,92.713,0.721
1890,92.713,0.721
1891,92.713,0.721
1892,92.713,0.721
1893,92.713,0.721
1894,92.713,0.72
1895,92.713,0.72
1896,92.713,0.72
1897,92.713,0.72
1898,92.713,0.72
1899,92.713,0.72
1900,92.713,0.72
1901,92.713,0.72
1902,92.713,0.72
1903,92.713,0.72
1904,92.713,0.72
1905,92.713,0.718
1906,92.713,0.718
1907,92.713,0.718
1908,92.713,0.718
1909,92.713,0.718
1910,92.713,0.718
1911,92.713,0.718
1912,92.713,0.718
1913,92.713,0.718
1914,92.713,0.718
1915,92.713,0.717
1916,92.713,0.717
1917,92.713,0.717
1918,92.713,0.717
1919,92.713,0.717
1920,92.713,0.717
1921,92.713,0.717
1922,92.713,0.717
1923,92.713,0.717
1924,92.713,0.717
1925,92.713,0.717
1926,92.713,0.717
1927,92.713,0.717
1928,92.713,0.717
1929,92.713,0.717
1930,92.713,0.717
1931,92.713,0.717
1932,92.713,0.717
1933,92.713,0.715
1934,92.713,0.715
1935,92.713,0.715
1936,92.713,0.715
1937,92.713,0.715
1938,92.713,0.715
1939,92.713,0.715
1940,92.713,0.715
1941,92.713,0.715
1942,92.713,0.715
1943,92.713,0.715
1944,92.713,0.715
1945,92.713,0.715
1946,92.713,0.715
1947,92.713,0.715
1948,92.713,0.715
1949,92.713,0.715
1950,92.713,0.714
1951,92.713,0.714
1952,92.713,0.714
1953,92.713,0.714
1954,92.713,0.714
1955,92.713,0.714
1956,92.713,0.714
1957,92.713,0.714
1958,92.713,0.714
1959,92.713,0.714
1960,92.713,0.714
1961,92.713,0.714
1962,92.713,0.714
1963,92.713,0.715
1964,92.713,0.715
1965,92.713,0.715
1966,92.713,0.715
1967,92.713,0.715
1968,92.713,0.715
1969,92.713,0.715
1970,92.713,0.715
1971,92.713,0.715
1972,92.713,0.715
1973,92.713,0.715
1974,92.713,0.715
1975,92.713,0.715
1976,92.713,0.715
1977,92.713,0.715
1978,92.713,0.715
1979,92.713,0.715
1980,92.713,0.715
1981,92.713,0.715
1982,92.713,0.715
1983,92.713,0.712
1984,92.713,0.712
1985,92.713,0.712
1986,92.713,0.712
1987,92.713,0.712
1988,92.713,0.712
1989,92.713,0.712
1990,92.713,0.712
1991,92.713,0.712
1992,92.713,0.712
1993,92.713,0.71
1994,92.713,0.71
1995,92.713,0.71
1996,92.713,0.71
1997,92.713,0.71
1998,92.713,0.71
1999,92.713,0.71
2000,92.713,0.71
2001,92.713,0.71
2002,92.713,0.709
2003,92.713,0.709
2004,92.713,0.709
2005,92.713,0.709
2006,92.713,0.709
2007,92.713,0.709
2008,92.713,0.709
2009,92.713,0.709
2010,92.713,0.708
2011,92.713,0.708
2012,92.713,0.708
2013,92.713,0.708
2014,92.713,0.708
2015,92.713,0.708
2016,92.713,0.706
2017,92.713,0.706
2018,92.713,0.706
2019,92.713,0.707
2020,92.713,0.707
2021,92.713,0.707
2022,92.713,0.707
2023,92.713,0.707
2024,92.713,0.707
2025,92.713,0.707
2026,92.713,0.707
2027,92.713,0.707
2028,92.713,0.706
2029,92.713,0.706
2030,92.713,0.706
2031,92.713,0.706
2032,92.713,0.706
2033,92.713,0.706
2034,92.713,0.706
2035,92.713,0.706
2036,92.713,0.706
2037,92.713,0.706
2038,92.713,0.706
2039,92.713,0.706
2040,92.713,0.706
2041,92.713,0.706
2042,92.713,0.706
2043,92.713,0.707
2044,92.713,0.707
2045,92.713,0.707
2046,92.713,0.707
2047,92.713,0.707
2048,92.713,0.707
2049,92.713,0.707
2050,92.713,0.707
2051,92.713,0.707
2052,92.713,0.707
2053,92.713,0.707
2054,92.713,0.707
2055,92.713,0.7
2056,92.713,0.7
2057,92.713,0.7
2058,92.713,0.7
2059,92.713,0.7
2060,93.369,0.655
2061,93.369,0.655
2062,93.369,0.655
2063,93.369,0.655
2064,93.369,0.655
2065,93.369,0.655
2066,93.369,0.655
2067,93.369,0.655
2068,93.369,0.655
2069,93.369,0.655
2070,93.369,0.655
2071,93.369,0.655
2072,93.369,0.655
2073,93.369,0.655
2074,93.369,0.655
2075,93.369,0.655
2076,93.369,0.655
2077,93.369,0.655
2078,93.369,0.655
2079,93.369,0.655
2080,93.369,0.655
2081,93.369,0.655
2082,93.369,0.655
2083,93.369,0.655
2084,93.369,0.655
2085,93.369,0.655
2086,93.369,0.655
2087,93.369,0.655
2088,93.369,0.655
2089,93.369,0.655
2090,93.369,0.655
2091,93.369,0.655
2092,93.369,0.655
2093,93.369,0.655
2094,93.369,0.654
2095,93.369,0.654
2096,93.369,0.654
2097,93.369,0.654
2098,93.369,0.654
2099,93.369,0.654
2100,93.369,0.654
2101,93.369,0.654
2102,93.369,0.654
2103,93.369,0.654
2104,93.369,0.654
2105,93.369,0.654
2106,93.369,0.654
2107,93.369,0.654
2108,93.369,0.654
2109,93.369,0.653
2110,93.369,0.653
2111,93.369,0.653
2112,93.369,0.653
2113,93.369,0.653
2114,93.369,0.653
2115,93.369,0.653
2116,93.369,0.653
2117,93.369,0.653
2118,93.369,0.653
2119,93.369,0.653
2120,93.369,0.653
2121,93.369,0.653
2122,93.369,0.653
2123,93.369,0.653
2124,93.369,0.653
2125,93.369,0.653
2126,93.369,0.653
2127,93.369,0.653
2128,93.369,0.652
2129,93.369,0.652
2130,93.369,0.652
2131,93.369,0.652
2132,93.369,0.652
2133,93.369,0.652
2134,93.369,0.652
2135,93.369,0.652
2136,93.369,0.652
2137,93.369,0.652
2138,93.369,0.652
2139,93.369,0.652
2140,93.369,0.652
2141,93.369,0.652
2142,93.369,0.652
2143,93.369,0.652
2144,93.369,0.652
2145,93.369,0.652
2146,93.369,0.652
2147,93.369,0.652
2148,93.369,0.652
2149,93.369,0.652
2150,93.369,0.652
2151,93.369,0.652
2152,93.369,0.652
2153,93.369,0.652
2154,93.369,0.652
2155,93.369,0.652
2156,93.369,0.652
2157,93.369,0.652
2158,93.369,0.652
2159,93.369,0.652
2160,93.369,0.652
2161,93.369,0.652
2162,93.369,0.652
2163,93.369,0.651
2164,93.369,0.651
2165,93.369,0.651
2166,93.369,0.651
2167,93.369,0.651
2168,93.369,0.651
2169,93.369,0.651
2170,93.369,0.65
2171,93.369,0.65
2172,93.369,0.65
2173,93.369,0.65
2174,93.369,0.65
2175,93.369,0.65
2176,93.369,0.65
2177,93.369,0.65
2178,93.369,0.65
2179,93.369,0.65
2180,93.369,0.65
2181,93.369,0.65
2182,93.369,0.649
2183,93.369,0.649
2184,93.369,0.649
2185,93.369,0.649
2186,93.369,0.649
2187,93.369,0.649
2188,93.369,0.649
2189,93.369,0.649
2190,93.369,0.649
2191,93.369,0.649
2192,93.369,0.646
2193,93.369,0.646
2194,93.369,0.646
2195,93.369,0.646
2196,93.369,0.646
2197,93.369,0.646
2198,93.369,0.646
2199,93.369,0.646
2200,93.369,0.646
2201,93.369,0.646
2202,93.369,0.646
2203,93.369,0.646
2204,93.369,0.646
2205,93.369,0.646
2206,93.369,0.646
2207,93.369,0.646
2208,93.369,0.646
2209,93.369,0.646
2210,93.369,0.646
2211,93.369,0.646
2212,93.369,0.646
2213,93.369,0.646
2214,93.369,0.646
2215,93.369,0.646
2216,93.369,0.646
2217,93.369,0.646
2218,93.369,0.646
2219,93.369,0.646
2220,93.369,0.646
2221,93.369,0.646
2222,93.369,0.646
2223,93.369,0.646
2224,93.369,0.646
2225,93.369,0.646
2226,93.369,0.646
2227,93.369,0.646
2228,93.369,0.646
2229,93.369,0.644
2230,93.369,0.644
2231,93.369,0.644
2232,93.369,0.644
2233,93.369,0.644
2234,93.369,0.644
2235,93.369,0.643
2236,93.369,0.643
2237,93.369,0.643
2238,93.369,0.643
2239,93.369,0.643
2240,93.369,0.643
2241,93.369,0.643
2242,93.369,0.643
2243,93.369,0.643
2244,93.369,0.643
2245,93.369,0.643
2246,93.369,0.643
2247,93.369,0.643
2248,93.369,0.643
2249,93.369,0.639
2250,93.369,0.639
2251,93.369,0.639
2252,93.369,0.639
2253,93.369,0.639
2254,93.369,0.639
2255,93.369,0.639
2256,93.369,0.639
2257,93.369,0.639
2258,93.369,0.639
2259,93.369,0.639
2260,93.369,0.639
2261,93.369,0.639
2262,93.369,0.639
2263,93.369,0.639
2264,93.369,0.637
2265,93.369,0.637
2266,93.369,0.637
2267,93.369,0.637
2268,93.369,0.637
2269,93.369,0.637
2270,93.369,0.635
2271,93.369,0.635
2272,93.369,0.635
2273,93.369,0.635
2274,93.369,0.635
2275,93.369,0.635
2276,93.369,0.635
2277,93.369,0.635
2278,93.369,0.635
2279,93.369,0.635
2280,93.369,0.636
2281,93.369,0.636
2282,93.369,0.636
2283,93.369,0.636
2284,93.369,0.636
2285,93.369,0.636
2286,93.369,0.636
2287,93.369,0.636
2288,93.369,0.636
2289,93.369,0.636
2290,93.369,0.636
2291,93.369,0.636
2292,93.369,0.636
2293,93.369,0.636
2294,93.369,0.635
2295,93.369,0.635
2296,93.369,0.635
2297,93.369,0.635
2298,93.369,0.635
2299,93.369,0.635
2300,93.369,0.635
2301,93.369,0.635
2302,93.369,0.635
2303,93.369,0.635
2304,93.369,0.635
2305,93.369,0.635
2306,93.369,0.635
2307,93.369,0.635
2308,93.369,0.635
2309,93.369,0.635
2310,93.369,0.635
2311,93.369,0.635
2312,93.369,0.635
2313,93.369,0.635
2314,93.369,0.635
2315,93.369,0.635
2316,93.369,0.634
2317,93.369,0.634
2318,93.369,0.634
2319,93.369,0.634
2320,93.369,0.634
2321,93.369,0.634
2322,93.369,0.634
2323,93.369,0.634
2324,93.749,0.635
2325,93.749,0.635
2326,93.749,0.635
2327,93.749,0.635
2328,93.749,0.635
2329,93.749,0.635
2330,93.749,0.635
2331,93.749,0.635
2332,93.749,0.635
2333,93.749,0.635
2334,93.749,0.635
2335,93.749,0.638
2336,93.749,0.638
2337,93.749,0.638
2338,93.749,0.638
2339,93.749,0.638
2340,93.749,0.638
2341,93.749,0.638
2342,93.749,0.639
2343,93.749,0.64
2344,93.749,0.64
2345,93.749,0.64
2346,93.749,0.64
2347,93.749,0.64
2348,93.749,0.64
2349,93.749,0.64
2350,93.749,0.64
2351,93.749,0.64
2352,93.749,0.64
2353,93.749,0.642
2354,93.749,0.642
2355,93.749,0.642
2356,93.749,0.642
2357,93.749,0.642
2358,93.749,0.642
2359,93.749,0.642
2360,93.749,0.642
2361,93.749,0.642
2362,93.749,0.642
2363,93.749,0.642
2364,93.749,0.642
2365,93.749,0.642
2366,93.749,0.642
2367,93.749,0.642
2368,93.749,0.642
2369,93.749,0.642
2370,93.749,0.642
2371,93.749,0.642
2372,93.749,0.644
2373,93.749,0.644
2374,93.749,0.644
2375,93.749,0.644
2376,93.749,0.644
2377,93.749,0.644
2378,93.749,0.644
2379,93.749,0.644
2380,93.749,0.644
2381,93.749,0.644
2382,93.749,0.644
2383,93.749,0.644
2384,93.749,0.644
2385,93.749,0.644
2386,93.749,0.644
2387,93.749,0.644
2388,93.749,0.644
2389,93.749,0.644
2390,93.749,0.644
2391,93.749,0.644
2392,93.749,0.644
2393,93.749,0.644
2394,93.749,0.644
2395,93.749,0.644
2396,93.749,0.643
2397,93.749,0.643
2398,93.749,0.643
2399,93.749,0.643
2400,93.749,0.643
2401,93.749,0.643
2402,93.749,0.643
2403,93.749,0.643
2404,93.749,0.643
2405,93.749,0.642
2406,93.749,0.642
2407,93.749,0.642
2408,93.749,0.642
2409,93.749,0.642
2410,93.749,0.642
2411,93.749,0.642
2412,93.749,0.642
2413,93.749,0.642
2414,93.749,0.642
2415,93.749,0.642
2416,93.749,0.642
2417,93.749,0.642
2418,93.749,0.642
2419,93.749,0.642
2420,93.749,0.642
2421,93.749,0.644
2422,93.749,0.644
2423,93.749,0.644
2424,93.749,0.644
2425,93.749,0.644
2426,93.749,0.644
2427,93.749,0.644
2428,93.749,0.644
2429,93.749,0.645
2430,93.749,0.645
2431,93.749,0.645
2432,93.749,0.645
2433,93.749,0.645
2434,93.749,0.645
2435,93.749,0.645
2436,93.749,0.645
2437,93.749,0.645
2438,93.749,0.645
2439,93.749,0.645
2440,93.749,0.645
2441,93.749,0.645
2442,93.749,0.645
2443,93.749,0.645
2444,93.749,0.645
2445,93.749,0.645
2446,93.749,0.645
2447,93.749,0.645
2448,93.749,0.645
2449,93.749,0.645
2450,93.749,0.645
2451,93.749,0.645
2452,93.749,0.645
2453,93.749,0.645
2454,93.749,0.645
2455,93.749,0.646
2456,93.749,0.646
2457,93.749,0.646
2458,93.749,0.646
2459,93.749,0.646
2460,93.749,0.646
2461,93.749,0.646
2462,93.749,0.646
2463,93.749,0.646
2464,93.749,0.646
2465,93.749,0.646
2466,93.749,0.646
2467,93.749,0.654
2468,93.749,0.654
2469,93.749,0.654
2470,93.749,0.654
2471,93.749,0.654
2472,93.749,0.659
2473,93.749,0.659
2474,93.749,0.659
2475,93.749,0.659
2476,93.749,0.659
2477,93.749,0.659
2478,93.749,0.659
2479,93.749,0.659
2480,93.749,0.659
2481,93.749,0.659
2482,93.749,0.659
2483,93.749,0.659
2484,93.749,0.659
2485,93.749,0.659
2486,93.749,0.659
2487,93.749,0.663
2488,93.749,0.663
2489,93.749,0.663
2490,93.749,0.663
2491,93.749,0.663
2492,93.749,0.663
2493,93.749,0.663
2494,93.749,0.663
2495,93.749,0.663
2496,93.749,0.663
2497,93.749,0.663
2498,93.876,0.668
2499,93.876,0.668
2500,93.876,0.668
2501,93.876,0.668
2502,93.876,0.668
2503,93.876,0.668
2504,93.876,0.668
2505,93.876,0.668
2506,93.876,0.668
2507,93.876,0.668
2508,93.876,0.668
2509,93.876,0.668
2510,93.876,0.668
2511,93.876,0.668
2512,93.876,0.668
2513,93.876,0.668
2514,93.876,0.668
2515,93.876,0.668
2516,93.876,0.672
2517,93.876,0.672
2518,93.876,0.672
2519,93.876,0.672
2520,93.876,0.672
2521,93.876,0.672
2522,93.876,0.672
2523,93.876,0.672
2524,93.876,0.672
2525,93.876,0.672
2526,93.876,0.672
2527,93.876,0.672
2528,93.876,0.672
2529,93.876,0.672
2530,93.876,0.672
2531,93.876,0.672
2532,93.876,0.677
2533,93.876,0.677
2534,93.876,0.677
2535,93.876,0.677
2536,93.876,0.677
2537,93.876,0.677
2538,93.876,0.677
2539,93.876,0.677
2540,93.876,0.677
2541,93.876,0.677
2542,93.876,0.677
2543,93.876,0.677
2544,93.876,0.682
2545,93.876,0.682
2546,93.876,0.682
2547,93.876,0.682
2548,93.876,0.682
2549,93.876,0.682
2550,93.876,0.682
2551,93.876,0.682
2552,93.876,0.682
2553,93.876,0.682
2554,93.876,0.682
2555,93.876,0.682
2556,93.876,0.682
2557,93.876,0.682
2558,93.876,0.682
2559,93.876,0.682
2560,93.876,0.682
2561,93.876,0.682
2562,93.876,0.682
2563,93.876,0.682
2564,93.876,0.682
2565,93.876,0.682
2566,93.876,0.682
2567,93.876,0.682
2568,93.876,0.682
2569,93.876,0.682
2570,93.876,0.682
2571,93.876,0.682
2572,93.876,0.682
2573,93.876,0.682
2574,93.876,0.682
2575,93.876,0.682
2576,93.876,0.682
2577,93.876,0.682
2578,93.876,0.682
2579,93.876,0.682
2580,93.876,0.682
2581,93.876,0.682
2582,93.876,0.682
2583,93.876,0.683
2584,93.876,0.683
2585,93.876,0.683
2586,93.876,0.683
2587,93.876,0.683
2588,93.876,0.683
2589,93.876,0.683
2590,93.876,0.683
2591,93.876,0.683
2592,93.876,0.683
2593,93.876,0.683
2594,93.876,0.683
2595,93.876,0.683
2596,93.876,0.683
2597,93.876,0.684
2598,93.876,0.684
2599,93.876,0.684
2600,93.876,0.684
2601,93.876,0.684
2602,93.876,0.684
2603,93.876,0.684
2604,93.876,0.684
2605,93.876,0.684
2606,93.876,0.684
2607,93.876,0.684
2608,93.876,0.684
2609,93.876,0.684
2610,93.876,0.684
2611,93.876,0.684
2612,93.876,0.684
2613,93.876,0.685
2614,93.876,0.685
2615,93.876,0.685
2616,93.876,0.685
2617,93.876,0.685
2618,93.876,0.685
2619,93.876,0.685
2620,93.876,0.685
2621,93.876,0.685
2622,93.876,0.688
2623,93.876,0.688
2624,93.876,0.688
2625,93.876,0.69
2626,93.876,0.69
2627,93.876,0.69
2628,93.876,0.692
2629,93.876,0.692
2630,93.876,0.692
2631,93.876,0.692
2632,93.876,0.692
2633,93.876,0.692
2634,93.876,0.692
2635,93.876,0.692
2636,93.876,0.692
2637,93.876,0.692
2638,93.876,0.695
2639,93.876,0.695
2640,93.876,0.695
2641,93.876,0.695
2642,93.876,0.695
2643,93.876,0.695
2644,93.876,0.695
2645,93.876,0.695
2646,93.876,0.695
2647,93.876,0.695
2648,93.876,0.697
2649,93.876,0.697
2650,93.876,0.697
2651,93.876,0.697
2652,93.876,0.697
2653,93.876,0.697
2654,93.876,0.697
2655,93.876,0.697
2656,93.876,0.697
2657,93.876,0.697
2658,93.876,0.697
2659,93.876,0.697
2660,93.876,0.697
2661,93.876,0.697
2662,93.876,0.697
2663,93.876,0.697
2664,93.876,0.697
2665,93.876,0.697
2666,93.876,0.697
2667,93.876,0.697
2668,93.876,0.697
2669,93.876,0.697
2670,93.876,0.697
2671,93.876,0.699
2672,93.876,0.699
2673,93.876,0.699
2674,93.876,0.699
2675,93.876,0.699
2676,93.876,0.699
2677,93.876,0.699
2678,93.876,0.699
2679,93.876,0.699
2680,93.876,0.699
2681,93.876,0.699
2682,93.876,0.699
2683,93.876,0.699
2684,93.876,0.699
2685,93.876,0.699
2686,93.876,0.699
2687,93.876,0.699
2688,93.876,0.699
2689,93.876,0.699
2690,93.876,0.699
2691,93.876,0.699
2692,93.876,0.699
2693,93.876,0.699
2694,93.876,0.699
2695,93.876,0.699
2696,93.876,0.699
2697,93.876,0.699
2698,93.876,0.699
2699,93.876,0.701
2700,93.876,0.701
2701,93.876,0.701
2702,93.876,0.701
2703,93.876,0.701
2704,93.876,0.701
2705,93.876,0.701
2706,93.876,0.701
2707,93.876,0.701
2708,93.876,0.701
2709,93.876,0.701
2710,94.055,0.702
2711,94.055,0.702
2712,94.055,0.702
2713,94.055,0.702
2714,94.055,0.702
2715,94.055,0.702
2716,94.055,0.702
2717,94.055,0.702
2718,94.055,0.702
2719,94.055,0.702
2720,94.055,0.702
2721,94.055,0.702
2722,94.055,0.702
2723,94.055,0.702
2724,94.055,0.702
2725,94.055,0.702
2726,94.055,0.702
2727,94.055,0.702
2728,94.055,0.702
2729,94.055,0.702
2730,94.055,0.702
2731,94.055,0.702
2732,94.055,0.704
2733,94.055,0.704
2734,94.055,0.704
2735,94.055,0.704
2736,94.055,0.704
2737,94.055,0.704
2738,94.055,0.704
2739,94.055,0.707
2740,94.055,0.707
2741,94.055,0.707
2742,94.055,0.707
2743,94.055,0.707
2744,94.055,0.711
2745,94.055,0.711
2746,94.055,0.711
2747,94.055,0.711
2748,94.055,0.713
2749,94.055,0.713
2750,94.055,0.713
2751,94.055,0.713
2752,94.055,0.713
2753,94.055,0.713
2754,94.055,0.713
2755,94.055,0.713
2756,94.055,0.713
2757,94.055,0.715
2758,94.055,0.715
2759,94.055,0.715
2760,94.055,0.715
2761,94.055,0.715
2762,94.055,0.715
2763,94.055,0.715
2764,94.055,0.715
2765,94.055,0.715
2766,94.055,0.715
2767,94.055,0.715
2768,94.055,0.715
2769,94.055,0.719
2770,94.055,0.719
2771,94.055,0.719
2772,94.055,0.72
2773,94.055,0.72
2774,94.055,0.72
2775,94.055,0.72
2776,94.055,0.72
2777,94.055,0.72
2778,94.055,0.72
2779,94.055,0.72
2780,94.055,0.72
2781,94.055,0.72
2782,94.055,0.72
2783,94.055,0.72
2784,94.055,0.72
2785,94.055,0.72
2786,94.055,0.72
2787,94.055,0.72
2788,94.055,0.72
2789,94.055,0.72
2790,94.055,0.72
2791,94.055,0.72
2792,94.055,0.72
2793,94.055,0.72
2794,94.055,0.72
2795,94.055,0.72
2796,94.055,0.723
2797,94.055,0.723
2798,94.055,0.723
2799,94.055,0.723
2800,94.055,0.723
2801,94.055,0.723
2802,94.055,0.723
2803,94.055,0.723
2804,94.055,0.723
2805,94.055,0.723
2806,94.055,0.727
2807,94.055,0.727
2808,94.055,0.727
2809,94.055,0.727
2810,94.055,0.727
2811,94.055,0.729
2812,94.055,0.729
2813,94.055,0.729
2814,94.055,0.729
2815,94.055,0.729
2816,94.055,0.729
2817,94.055,0.729
2818,94.055,0.729
2819,94.055,0.729
2820,94.055,0.729
2821,94.055,0.729
2822,94.055,0.729
2823,94.055,0.729
2824,94.055,0.732
2825,94.055,0.732
2826,94.055,0.732
2827,94.055,0.732
2828,94.055,0.732
2829,94.055,0.732
2830,94.055,0.733
2831,94.055,0.737
2832,94.055,0.737
2833,94.055,0.737
2834,94.055,0.737
2835,94.055,0.737
2836,94.055,0.737
2837,94.055,0.737
2838,94.055,0.739
2839,94.055,0.739
2840,94.055,0.739
2841,94.055,0.739
2842,94.055,0.739
2843,94.055,0.739
2844,94.055,0.739
2845,94.055,0.739
2846,94.055,0.739
2847,94.055,0.739
2848,94.055,0.739
2849,94.055,0.739
2850,94.055,0.739
2851,94.055,0.739
2852,94.055,0.742
2853,94.055,0.742
2854,94.055,0.742
2855,94.055,0.742
2856,94.055,0.742
2857,94.055,0.742
2858,94.055,0.742
2859,94.055,0.742
2860,94.055,0.742
2861,94.055,0.742
2862,94.055,0.742
2863,94.055,0.742
2864,94.055,0.742
2865,94.055,0.742
2866,94.055,0.742
2867,94.055,0.742
2868,94.055,0.742
2869,94.055,0.748
2870,94.055,0.748
2871,94.055,0.748
2872,94.055,0.748
2873,94.055,0.748
2874,94.055,0.748
2875,94.055,0.748
2876,94.055,0.748
2877,94.055,0.748
2878,94.055,0.748
2879,94.055,0.748
2880,94.055,0.748
2881,94.055,0.754
2882,94.055,0.754
2883,94.055,0.754
2884,94.055,0.754
2885,94.055,0.754
2886,94.055,0.754
2887,94.055,0.754
2888,94.055,0.754
2889,94.055,0.754
2890,94.055,0.754
2891,94.055,0.754
2892,94.055,0.754
2893,94.055,0.754
2894,94.055,0.754
2895,94.055,0.754
2896,94.055,0.754
2897,94.055,0.754
2898,94.055,0.754
2899,94.055,0.754
2900,94.055,0.761
2901,94.055,0.761
2902,94.055,0.761
2903,94.055,0.761
2904,94.055,0.761
2905,94.055,0.761
2906,94.055,0.761
2907,94.055,0.761
2908,94.055,0.761
2909,94.055,0.761
2910,94.055,0.761
2911,94.055,0.761
2912,94.055,0.761
2913,94.055,0.761
2914,94.055,0.761
2915,94.055,0.761
2916,94.055,0.761
2917,94.055,0.761
2918,94.055,0.761
2919,94.055,0.761
2920,94.055,0.761
2921,94.055,0.761
2922,94.055,0.767
2923,94.055,0.767
2924,94.055,0.767
2925,94.055,0.767
2926,94.055,0.767
2927,94.055,0.767
2928,94.055,0.767
2929,94.055,0.767
2930,94.055,0.767
2931,94.055,0.767
2932,94.055,0.767
2933,94.055,0.767
2934,94.055,0.767
2935,94.055,0.767
2936,94.055,0.767
2937,94.055,0.767
2938,94.055,0.767
2939,94.215,0.782
2940,94.215,0.782
2941,94.215,0.782
2942,94.215,0.782
2943,94.215,0.782
2944,94.215,0.782
2945,94.215,0.782
2946,94.215,0.782
2947,94.215,0.782
2948,94.215,0.782
2949,94.215,0.782
2950,94.215,0.79
2951,94.215,0.79
2952,94.215,0.79
2953,94.215,0.79
2954,94.215,0.79
2955,94.215,0.79
2956,94.215,0.79
2957,94.215,0.79
2958,94.215,0.79
2959,94.215,0.79
2960,94.215,0.79
2961,94.215,0.793
2962,94.215,0.793
2963,94.215,0.793
2964,94.215,0.793
2965,94.215,0.793
2966,94.215,0.793
2967,94.215,0.793
2968,94.215,0.793
2969,94.215,0.793
2970,94.215,0.797
2971,94.215,0.797
2972,94.215,0.797
2973,94.215,0.797
2974,94.215,0.797
2975,94.215,0.797
2976,94.215,0.797
2977,94.215,0.797
2978,94.215,0.797
2979,94.215,0.797
2980,94.215,0.797
2981,94.215,0.797
2982,94.215,0.802
2983,94.215,0.802
2984,94.215,0.802
2985,94.215,0.802
2986,94.215,0.802
2987,94.215,0.802
2988,94.215,0.802
2989,94.215,0.81
2990,94.215,0.81
2991,94.215,0.81
2992,94.215,0.81
2993,94.215,0.81
2994,94.215,0.81
2995,94.215,0.81
2996,94.215,0.81
2997,94.215,0.81
2998,94.215,0.81
2999,94.215,0.81
3000,94.215,0.81
3001,94.215,0.81
3002,94.215,0.81
3003,94.215,0.81
3004,94.215,0.81
3005,94.215,0.81
3006,94.215,0.81
3007,94.215,0.81
3008,94.215,0.822
3009,94.215,0.822
3010,94.215,0.822
3011,94.215,0.822
3012,94.215,0.822
3013,94.215,0.822
3014,94.215,0.822
3015,94.215,0.822
3016,94.215,0.822
3017,94.215,0.822
3018,94.215,0.822
3019,94.215,0.827
3020,94.215,0.827
3021,94.215,0.827
3022,94.215,0.827
3023,94.215,0.827
3024,94.215,0.827
3025,94.215,0.827
3026,94.215,0.827
3027,94.215,0.827
3028,94.215,0.827
3029,94.215,0.827
3030,94.215,0.827
3031,94.215,0.827
3032,94.215,0.827
3033,94.215,0.827
3034,94.215,0.827
3035,94.215,0.827
3036,94.215,0.827
3037,94.215,0.827
3038,94.215,0.827
3039,94.215,0.827
3040,94.215,0.827
3041,94.215,0.827
3042,94.215,0.827
3043,94.215,0.835
3044,94.215,0.835
3045,94.215,0.835
3046,94.215,0.835
3047,94.215,0.835
3048,94.215,0.835
3049,94.215,0.835
3050,94.215,0.835
3051,94.215,0.835
3052,94.215,0.835
3053,94.215,0.835
3054,94.215,0.835
3055,94.215,0.835
3056,94.215,0.835
3057,94.215,0.835
3058,94.215,0.835
3059,94.215,0.835
3060,94.215,0.835
3061,94.215,0.835
3062,94.215,0.835
3063,94.215,0.84
3064,94.215,0.84
3065,94.215,0.84
3066,94.215,0.84
3067,94.215,0.84
3068,94.215,0.84
3069,94.215,0.84
3070,94.215,0.84
3071,94.215,0.84
3072,94.215,0.84
3073,94.215,0.84
3074,94.215,0.84
3075,94.215,0.84
3076,94.215,0.84
3077,94.215,0.84
3078,94.215,0.84
3079,94.215,0.84
3080,94.215,0.84
3081,94.215,0.846
3082,94.215,0.846
3083,94.215,0.846
3084,94.215,0.846
3085,94.215,0.846
3086,94.215,0.846
3087,94.215,0.846
3088,94.215,0.846
3089,94.215,0.846
3090,94.215,0.846
3091,94.215,0.846
3092,94.215,0.846
3093,94.215,0.846
3094,94.215,0.846
3095,94.215,0.846
3096,94.215,0.846
3097,94.215,0.846
3098,94.215,0.846
3099,94.215,0.846
3100,94.215,0.846
3101,94.215,0.846
3102,94.215,0.861
3103,94.215,0.861
3104,94.215,0.861
3105,94.215,0.861
3106,94.215,0.861
3107,94.215,0.861
3108,94.215,0.861
3109,94.215,0.861
3110,94.215,0.861
3111,94.215,0.861
3112,94.215,0.861
3113,94.215,0.861
3114,94.215,0.861
3115,94.215,0.861
3116,94.215,0.861
3117,94.215,0.861
3118,94.215,0.861
3119,94.215,0.861
3120,94.215,0.861
3121,94.215,0.87
3122,94.215,0.87
3123,94.215,0.87
3124,94.215,0.87
3125,94.215,0.87
3126,94.215,0.87
3127,94.215,0.87
3128,94.215,0.87
3129,94.215,0.87
3130,94.215,0.87
3131,94.215,0.87
3132,94.215,0.87
3133,94.215,0.87
3134,94.215,0.876
3135,94.215,0.876
3136,94.215,0.876
3137,94.215,0.876
3138,94.215,0.876
3139,94.215,0.876
3140,94.215,0.876
3141,94.215,0.876
3142,94.215,0.876
3143,94.215,0.876
3144,94.215,0.876
3145,94.215,0.876
3146,94.215,0.876
3147,94.215,0.881
3148,94.215,0.881
3149,94.215,0.881
3150,94.215,0.881
3151,94.215,0.881
3152,94.215,0.884
3153,94.215,0.884
3154,94.215,0.884
3155,94.215,0.884
3156,94.215,0.884
3157,94.215,0.884
3158,94.215,0.884
3159,94.215,0.884
3160,94.215,0.884
3161,94.215,0.884
3162,94.215,0.884
3163,94.215,0.884
3164,94.215,0.884
3165,94.215,0.884
3166,94.215,0.884
3167,94.215,0.884
3168,94.215,0.885
3169,94.215,0.885
3170,94.215,0.885
3171,94.215,0.885
3172,94.215,0.885
3173,94.215,0.885
3174,94.215,0.885
3175,94.215,0.885
3176,94.215,0.885
3177,94.215,0.885
3178,94.215,0.889
3179,94.215,0.889
3180,94.215,0.889
3181,94.215,0.889
3182,94.215,0.889
3183,94.215,0.889
3184,94.215,0.889
3185,94.215,0.889
3186,94.215,0.889
3187,94.215,0.889
3188,94.215,0.889
3189,94.215,0.889
3190,94.215,0.889
3191,94.215,0.889
3192,94.215,0.893
3193,94.215,0.893
3194,94.215,0.893
3195,94.215,0.893
3196,94.215,0.893
3197,94.215,0.893
3198,94.215,0.893
3199,94.215,0.893
3200,94.215,0.893
3201,94.215,0.893
3202,94.215,0.893
3203,94.215,0.893
3204,94.215,0.893
3205,94.215,0.896
3206,94.215,0.896
3207,94.215,0.896
3208,94.215,0.896
3209,94.215,0.896
3210,94.215,0.896
3211,94.215,0.896
3212,94.215,0.896
3213,94.215,0.896
3214,94.215,0.896
3215,94.215,0.896
3216,94.215,0.896
3217,94.215,0.899
3218,94.215,0.899
3219,94.215,0.899
3220,94.215,0.899
3221,94.215,0.899
3222,94.215,0.899
3223,94.215,0.899
3224,94.215,0.899
3225,94.215,0.899
3226,94.215,0.899
3227,94.215,0.899
3228,94.215,0.899
3229,94.215,0.899
3230,94.215,0.899
3231,94.215,0.899
3232,94.215,0.899
3233,94.215,0.899
3234,94.215,0.896
3235,94.215,0.896
3236,94.215,0.896
3237,94.215,0.896
3238,94.215,0.896
3239,94.215,0.896
3240,94.215,0.896
3241,94.215,0.896
3242,94.215,0.896
3243,94.215,0.896
3244,94.215,0.896
3245,94.215,0.896
3246,94.215,0.896
3247,94.215,0.896
3248,94.215,0.896
3249,94.215,0.896
3250,94.027,0.898
3251,94.027,0.898
3252,94.027,0.898
3253,94.027,0.898
3254,94.027,0.898
3255,94.027,0.898
3256,94.027,0.898
3257,94.027,0.898
3258,94.027,0.898
3259,94.027,0.898
3260,94.027,0.898
3261,94.027,0.898
3262,94.027,0.898
3263,94.027,0.898
3264,94.027,0.898
3265,94.027,0.898
3266,94.027,0.898
3267,94.027,0.898
3268,94.027,0.898
3269,94.027,0.898
3270,94.027,0.898
3271,94.027,0.898
3272,94.027,0.898
3273,94.027,0.898
3274,94.027,0.898
3275,94.027,0.899
3276,94.027,0.899
3277,94.027,0.899
3278,94.027,0.899
3279,94.027,0.899
3280,94.027,0.899
3281,94.027,0.899
3282,94.027,0.899
3283,94.027,0.899
3284,94.027,0.899
3285,94.027,0.899
3286,94.027,0.899
3287,94.027,0.899
3288,94.027,0.899
3289,94.027,0.9
3290,94.027,0.9
3291,94.027,0.9
3292,94.027,0.9
3293,94.027,0.9
3294,94.027,0.9
3295,94.027,0.9
3296,94.027,0.9
3297,94.027,0.9
3298,94.027,0.9
3299,94.027,0.9
3300,94.027,0.9
3301,94.027,0.9
3302,94.027,0.9
3303,94.027,0.9
3304,94.027,0.9
3305,94.027,0.9
3306,94.027,0.9
3307,94.027,0.9
3308,94.027,0.9
3309,94.027,0.9
3310,94.027,0.9
3311,94.027,0.9
3312,94.027,0.9
3313,94.027,0.9
3314,94.027,0.9
3315,94.027,0.9
3316,94.027,0.904
3317,94.027,0.904
3318,94.027,0.904
3319,94.027,0.904
3320,94.027,0.904
3321,94.027,0.904
3322,94.027,0.904
3323,94.027,0.904
3324,94.027,0.904
3325,94.027,0.904
3326,94.027,0.904
3327,94.027,0.904
3328,94.027,0.904
3329,94.027,0.904
3330,94.027,0.904
3331,94.027,0.904
3332,94.027,0.904
3333,94.027,0.904
3334,94.027,0.904
3335,94.027,0.904
3336,94.027,0.904
3337,94.027,0.904
3338,94.027,0.904
3339,94.027,0.904
3340,94.027,0.904
3341,94.027,0.904
3342,94.027,0.905
3343,94.027,0.905
3344,94.027,0.905
3345,94.027,0.905
3346,94.027,0.905
3347,94.027,0.905
3348,94.027,0.905
3349,94.027,0.905
3350,94.027,0.905
3351,94.027,0.905
3352,94.027,0.905
3353,94.027,0.905
3354,94.027,0.905
3355,94.027,0.905
3356,94.027,0.905
3357,94.027,0.905
3358,94.027,0.905
3359,94.027,0.904
3360,94.027,0.904
3361,94.027,0.904
3362,94.027,0.904
3363,94.027,0.904
3364,94.027,0.904
3365,94.027,0.904
3366,94.027,0.904
3367,94.027,0.904
3368,94.027,0.904
3369,94.027,0.904
3370,94.027,0.904
3371,94.027,0.904
3372,94.027,0.904
3373,94.027,0.904
3374,94.027,0.904
3375,94.027,0.904
3376,94.027,0.904
3377,94.027,0.904
3378,94.027,0.904
3379,94.027,0.904
3380,94.027,0.904
3381,94.027,0.904
3382,94.027,0.904
3383,94.027,0.904
3384,94.027,0.904
3385,94.027,0.904
3386,94.027,0.904
3387,94.027,0.904
3388,94.027,0.904
3389,94.027,0.904
3390,94.027,0.904
3391,94.027,0.904
3392,94.027,0.904
3393,94.027,0.903
3394,94.027,0.903
3395,94.027,0.903
3396,94.027,0.903
3397,94.027,0.903
3398,94.027,0.903
3399,94.027,0.903
3400,94.027,0.903
3401,94.027,0.903
3402,94.027,0.903
3403,94.027,0.903
3404,94.027,0.899
3405,94.027,0.899
3406,94.027,0.899
3407,94.027,0.899
3408,94.027,0.899
3409,94.027,0.899
3410,94.027,0.899
3411,94.027,0.899
3412,94.027,0.899
3413,94.027,0.899
3414,94.027,0.899
3415,94.027,0.899
3416,94.027,0.899
3417,94.027,0.899
3418,94.027,0.899
3419,94.027,0.899
3420,94.027,0.899
3421,94.027,0.899
3422,94.027,0.898
3423,94.027,0.898
3424,94.027,0.898
3425,94.027,0.898
3426,94.027,0.898
3427,94.027,0.898
3428,94.027,0.898
3429,94.027,0.898
3430,94.027,0.898
3431,94.027,0.898
3432,94.027,0.898
3433,94.027,0.898
3434,94.027,0.898
3435,94.027,0.898
3436,94.027,0.896
3437,94.027,0.896
3438,94.027,0.896
3439,94.027,0.896
3440,94.027,0.896
3441,94.027,0.896
3442,94.027,0.896
3443,94.027,0.896
3444,94.027,0.896
3445,94.027,0.895
3446,94.027,0.895
3447,94.027,0.895
3448,94.027,0.894
3449,94.027,0.894
3450,94.027,0.894
3451,94.027,0.891
3452,94.027,0.89
3453,94.027,0.89
3454,94.027,0.89
3455,94.027,0.89
3456,94.027,0.89
3457,94.027,0.891
3458,94.027,0.891
3459,94.027,0.891
3460,94.027,0.889
3461,94.027,0.889
3462,94.027,0.889
3463,94.027,0.89
3464,94.027,0.89
3465,94.027,0.89
3466,94.027,0.888
3467,94.027,0.888
3468,94.027,0.888
3469,94.027,0.888
3470,94.027,0.888
3471,94.027,0.886
3472,94.027,0.886
3473,94.027,0.886
3474,94.027,0.886
3475,94.027,0.886
3476,94.027,0.886
3477,94.027,0.886
3478,94.027,0.886
3479,94.027,0.886
3480,94.027,0.886
3481,94.027,0.886
3482,94.027,0.886
3483,94.199,0.886
3484,94.199,0.886
3485,94.199,0.886
3486,94.199,0.886
3487,94.199,0.886
3488,94.199,0.886
3489,94.199,0.886
3490,94.199,0.886
3491,94.199,0.886
3492,94.199,0.886
3493,94.199,0.886
3494,94.199,0.886
3495,94.199,0.886
3496,94.199,0.886
3497,94.199,0.886
3498,94.199,0.886
3499,94.199,0.886
3500,94.199,0.886
3501,94.199,0.886
3502,94.199,0.886
3503,94.199,0.886
3504,94.199,0.886
3505,94.199,0.886
3506,94.199,0.886
3507,94.199,0.886
3508,94.199,0.886
3509,94.199,0.884
3510,94.199,0.884
3511,94.199,0.884
3512,94.199,0.884
3513,94.199,0.884
3514,94.199,0.884
3515,94.199,0.884
3516,94.199,0.884
3517,94.199,0.884
3518,94.199,0.884
3519,94.199,0.884
3520,94.199,0.884
3521,94.199,0.884
3522,94.199,0.884
3523,94.199,0.884
3524,94.199,0.884
3525,94.199,0.884
3526,94.199,0.884
3527,94.199,0.884
3528,94.199,0.883
3529,94.199,0.883
3530,94.199,0.883
3531,94.199,0.883
3532,94.199,0.883
3533,94.199,0.883
3534,94.199,0.883
3535,94.199,0.883
3536,94.199,0.883
3537,94.199,0.883
3538,94.199,0.883
3539,94.199,0.883
3540,94.199,0.883
3541,94.199,0.883
3542,94.199,0.882
3543,94.199,0.882
3544,94.199,0.882
3545,94.199,0.882
3546,94.199,0.882
3547,94.199,0.882
3548,94.199,0.882
3549,94.199,0.882
3550,94.199,0.882
3551,94.199,0.882
3552,94.199,0.882
3553,94.199,0.882
3554,94.199,0.882
3555,94.199,0.882
3556,94.199,0.882
3557,94.199,0.882
3558,94.199,0.882
3559,94.199,0.882
3560,94.199,0.882
3561,94.199,0.882
3562,94.199,0.882
3563,94.199,0.882
3564,94.199,0.882
3565,94.199,0.882
3566,94.199,0.882
3567,94.199,0.881
3568,94.199,0.881
3569,94.199,0.881
3570,94.199,0.881
3571,94.199,0.881
3572,94.199,0.881
3573,94.199,0.881
3574,94.199,0.881
3575,94.199,0.881
3576,94.199,0.881
3577,94.199,0.881
3578,94.199,0.881
3579,94.199,0.881
3580,94.199,0.881
3581,94.199,0.881
3582,94.199,0.88
3583,94.199,0.88
3584,94.199,0.88
3585,94.199,0.88
3586,94.199,0.88
3587,94.199,0.88
3588,94.199,0.88
3589,94.199,0.88
3590,94.199,0.88
3591,94.199,0.88
3592,94.199,0.88
3593,94.199,0.88
3594,94.199,0.88
3595,94.199,0.88
3596,94.199,0.88
3597,94.199,0.879
3598,94.199,0.879
3599,94.199,0.879
3600,94.199,0.879
3601,94.199,0.879
3602,94.199,0.879
3603,94.199,0.879
3604,94.199,0.879
3605,94.199,0.879
3606,94.199,0.879
3607,94.199,0.879
3608,94.199,0.879
3609,94.199,0.879
3610,94.199,0.879
3611,94.199,0.879
3612,94.199,0.879
3613,94.199,0.879
3614,94.199,0.879
3615,94.199,0.879
3616,94.199,0.879
3617,94.199,0.879
3618,94.199,0.878
3619,94.199,0.878
3620,94.199,0.878
3621,94.199,0.878
3622,94.199,0.878
3623,94.199,0.878
3624,94.199,0.879
3625,94.199,0.879
3626,94.199,0.879
3627,94.199,0.879
3628,94.199,0.879
3629,94.199,0.879
3630,94.199,0.879
3631,94.199,0.879
3632,94.199,0.879
3633,94.199,0.879
3634,94.199,0.879
3635,94.199,0.879
3636,94.199,0.879
3637,94.199,0.879
3638,94.199,0.877
3639,94.199,0.877
3640,94.199,0.877
3641,94.199,0.877
3642,94.199,0.877
3643,94.199,0.877
3644,94.199,0.877
3645,94.199,0.877
3646,94.199,0.877
3647,94.199,0.877
3648,94.199,0.877
3649,94.199,0.877
3650,94.199,0.877
3651,94.199,0.877
3652,94.199,0.877
3653,94.199,0.877
3654,94.199,0.877
3655,94.199,0.877
3656,94.199,0.877
3657,94.199,0.877
3658,94.199,0.876
3659,94.199,0.876
3660,94.199,0.876
3661,94.199,0.876
3662,94.199,0.876
3663,94.199,0.876
3664,94.199,0.876
3665,94.199,0.876
3666,94.199,0.876
3667,94.199,0.876
3668,94.199,0.876
3669,94.199,0.876
3670,94.199,0.876
3671,94.199,0.876
3672,94.199,0.876
3673,94.199,0.876
3674,94.199,0.879
3675,94.199,0.879
3676,94.199,0.879
3677,94.199,0.879
3678,94.199,0.879
3679,94.199,0.879
3680,94.199,0.879
3681,94.199,0.879
3682,94.199,0.879
3683,94.199,0.879
3684,94.199,0.879
3685,94.199,0.879
3686,94.199,0.879
3687,94.199,0.879
3688,94.199,0.879
3689,94.199,0.879
3690,94.199,0.879
3691,94.199,0.879
3692,94.199,0.879
3693,94.199,0.879
3694,94.199,0.879
3695,94.199,0.879
3696,94.199,0.879
3697,94.199,0.879
3698,94.199,0.879
3699,94.199,0.879
3700,94.199,0.879
3701,94.199,0.879
3702,94.199,0.879
3703,94.199,0.879
3704,94.199,0.879
3705,94.199,0.876
3706,94.199,0.876
3707,94.199,0.879
3708,94.199,0.879
3709,94.199,0.879
3710,94.199,0.879
3711,94.199,0.879
3712,94.199,0.879
3713,94.199,0.879
3714,94.199,0.879
3715,94.199,0.879
3716,94.199,0.879
3717,94.199,0.879
3718,94.199,0.878
3719,94.199,0.878
3720,94.199,0.878
3721,94.199,0.878
3722,94.199,0.878
3723,94.199,0.878
3724,94.199,0.878
3725,94.199,0.878
3726,94.199,0.878
3727,94.199,0.878
3728,94.199,0.878
3729,94.199,0.878
3730,94.199,0.878
3731,94.199,0.878
3732,94.199,0.878
3733,94.199,0.878
3734,94.199,0.878
3735,94.199,0.878
3736,94.199,0.878
3737,94.199,0.878
3738,94.199,0.878
3739,94.199,0.878
3740,94.199,0.878
3741,94.199,0.878
3742,94.199,0.878
3743,94.199,0.878
3744,94.199,0.878
3745,94.199,0.879
3746,94.199,0.879
3747,94.199,0.879
3748,94.199,0.879
3749,94.199,0.879
3750,94.199,0.879
3751,94.199,0.879
3752,94.199,0.879
3753,94.199,0.879
3754,94.199,0.879
3755,94.199,0.879
3756,94.199,0.879
3757,94.199,0.879
3758,94.199,0.879
3759,94.199,0.879
3760,94.199,0.879
3761,94.199,0.879
3762,94.199,0.879
3763,94.199,0.879
3764,94.199,0.879
3765,94.199,0.879
3766,94.199,0.879
3767,94.199,0.879
3768,94.199,0.879
3769,94.199,0.879
3770,94.199,0.879
3771,94.199,0.88
3772,94.199,0.88
3773,94.199,0.88
3774,94.199,0.88
3775,94.199,0.88
3776,94.199,0.886
3777,94.199,0.886
3778,94.199,0.886
3779,94.199,0.886
3780,94.199,0.886
3781,94.199,0.886
3782,94.199,0.886
3783,94.199,0.886
3784,94.199,0.886
3785,94.199,0.886
3786,94.601,0.942
3787,94.601,0.942
3788,94.601,0.942
3789,94.601,0.942
3790,94.601,0.942
3791,94.601,0.942
3792,94.601,0.942
3793,94.601,0.953
3794,94.601,0.953
3795,94.601,0.956
3796,94.601,0.959
3797,94.601,0.959
3798,94.601,0.959
3799,94.601,0.959
3800,94.601,0.959
3801,94.601,0.959
3802,94.601,0.959
3803,94.601,0.959
3804,94.601,0.959
3805,94.601,0.959
3806,94.601,0.959
3807,94.601,0.959
3808,94.601,0.959
3809,94.601,0.959
3810,94.601,0.959
3811,94.601,0.959
3812,94.601,0.965
3813,94.601,0.965
3814,94.601,0.965
3815,94.601,0.965
3816,94.601,0.965
3817,94.601,0.972
3818,94.601,0.972
3819,94.601,0.972
3820,94.601,0.972
3821,94.601,0.972
3822,94.601,0.972
3823,94.601,0.972
3824,94.601,0.972
3825,94.601,0.972
3826,94.601,0.972
3827,94.601,0.972
3828,94.601,0.972
3829,94.601,0.972
3830,94.601,0.972
3831,94.601,0.972
3832,94.601,0.972
3833,94.601,0.972
3834,94.601,0.977
3835,94.601,0.977
3836,94.601,0.977
3837,94.601,0.977
3838,94.601,0.977
3839,94.601,0.977
3840,94.601,0.977
3841,94.601,0.977
3842,94.601,0.977
3843,94.601,0.977
3844,94.601,0.977
3845,94.601,0.977
3846,94.601,0.977
3847,94.601,0.977
3848,94.601,0.977
3849,94.601,0.977
3850,94.601,0.977
3851,94.601,0.977
3852,94.601,0.977
3853,94.601,0.977
3854,94.601,0.977
3855,94.601,0.982
3856,94.601,0.982
3857,94.601,0.982
3858,94.601,0.982
3859,94.601,0.982
3860,94.601,0.982
3861,94.601,0.982
3862,94.601,0.982
3863,94.601,0.982
3864,94.601,0.982
3865,94.601,0.982
3866,94.601,0.982
3867,94.601,0.982
3868,94.601,0.982
3869,94.601,0.982
3870,94.601,0.985
3871,94.601,0.985
3872,94.601,0.985
3873,94.601,0.985
3874,94.601,0.985
3875,94.601,0.985
3876,94.601,0.985
3877,94.601,0.987
3878,94.601,0.987
3879,94.601,0.987
3880,94.601,0.987
3881,94.601,0.987
3882,94.601,0.987
3883,94.601,0.987
3884,94.601,0.987
3885,94.601,0.987
3886,94.601,0.987
3887,94.601,0.987
3888,94.601,0.987
3889,94.601,0.987
3890,94.601,0.987
3891,94.601,0.987
3892,94.601,0.987
3893,94.601,0.987
3894,94.601,0.987
3895,94.601,0.987
3896,94.601,0.993
3897,94.601,0.993
3898,94.601,0.993
3899,94.601,0.993
3900,94.601,0.993
3901,94.601,1.0
3902,94.601,1.0
3903,94.601,1.0
3904,94.601,1.0
3905,94.601,1.0
3906,94.601,1.0
3907,94.601,1.0
3908,94.601,1.0
3909,94.601,1.0
3910,94.601,1.0
3911,94.601,1.0
3912,94.601,1.0
3913,94.601,1.0
3914,94.601,1.0
3915,94.601,1.0
3916,94.601,1.0
3917,94.601,1.0
3918,94.601,1.0
3919,94.601,1.008
3920,94.601,1.008
3921,94.601,1.008
3922,94.601,1.008
3923,94.601,1.008
3924,94.601,1.016
3925,94.601,1.016
3926,94.601,1.016
3927,94.601,1.016
3928,94.601,1.016
3929,94.601,1.016
3930,94.601,1.016
3931,94.601,1.016
3932,94.601,1.016
3933,94.601,1.025
3934,94.601,1.025
3935,94.601,1.025
3936,94.601,1.025
3937,94.601,1.025
3938,94.601,1.025
3939,94.601,1.025
3940,94.601,1.025
3941,94.601,1.025
3942,94.601,1.025
3943,94.601,1.025
3944,94.601,1.025
3945,94.601,1.025
3946,94.601,1.025
3947,94.601,1.029
3948,94.601,1.029
3949,94.601,1.029
3950,94.601,1.029
3951,94.601,1.029
3952,94.601,1.029
3953,94.601,1.029
3954,94.601,1.029
3955,94.601,1.029
3956,94.601,1.029
3957,94.601,1.029
3958,94.601,1.032
3959,94.601,1.032
3960,94.601,1.032
3961,94.601,1.032
3962,94.601,1.032
3963,94.601,1.032
3964,94.601,1.032
3965,94.601,1.032
3966,94.601,1.032
3967,94.601,1.032
3968,94.601,1.032
3969,94.601,1.032
3970,94.601,1.032
3971,94.601,1.032
3972,94.601,1.032
3973,94.601,1.032
3974,94.601,1.037
3975,94.601,1.037
3976,94.601,1.037
3977,94.601,1.037
3978,94.601,1.037
3979,94.601,1.037
3980,94.601,1.043
3981,94.601,1.043
3982,94.601,1.043
3983,94.601,1.043
3984,94.601,1.043
3985,94.601,1.043
3986,94.601,1.043
3987,94.601,1.043
3988,94.601,1.043
3989,94.601,1.045
3990,94.767,1.047
3991,94.767,1.05
3992,94.767,1.05
3993,94.767,1.05
3994,94.767,1.05
3995,94.767,1.05
3996,94.767,1.05
3997,94.767,1.05
3998,94.767,1.05
3999,94.767,1.05
4000,94.767,1.05
4001,94.767,1.05
4002,94.767,1.05
4003,94.767,1.05
4004,94.767,1.05
4005,94.767,1.05
4006,94.767,1.05
4007,94.767,1.05
4008,94.767,1.05
4009,94.767,1.05
4010,94.767,1.049
4011,94.767,1.049
4012,94.767,1.049
4013,94.767,1.049
4014,94.767,1.049
4015,94.767,1.049
4016,94.767,1.049
4017,94.767,1.049
4018,94.767,1.049
4019,94.767,1.049
4020,94.767,1.048
4021,94.767,1.048
4022,94.767,1.048
4023,94.767,1.048
4024,94.767,1.048
4025,94.767,1.048
4026,94.767,1.048
4027,94.767,1.048
4028,94.767,1.05
4029,94.767,1.05
4030,94.767,1.049
4031,94.767,1.049
4032,94.767,1.049
4033,94.767,1.048
4034,94.767,1.048
4035,94.767,1.048
4036,94.767,1.048
4037,94.767,1.048
4038,94.767,1.048
4039,94.767,1.046
4040,94.767,1.046
4041,94.767,1.046
4042,94.767,1.046
4043,94.767,1.046
4044,94.767,1.046
4045,94.767,1.046
4046,94.767,1.046
4047,94.767,1.046
4048,94.767,1.046
4049,94.767,1.046
4050,94.767,1.046
4051,94.767,1.046
4052,94.767,1.046
4053,94.767,1.046
4054,94.767,1.044
4055,94.767,1.044
4056,94.767,1.044
4057,94.767,1.044
4058,94.767,1.044
4059,94.767,1.044
4060,94.767,1.041
4061,94.767,1.041
4062,94.767,1.041
4063,94.767,1.041
4064,94.767,1.041
4065,94.767,1.041
4066,94.767,1.041
4067,94.767,1.041
4068,94.767,1.041
4069,94.767,1.04
4070,94.767,1.04
4071,94.767,1.04
4072,94.767,1.04
4073,94.767,1.04
4074,94.767,1.04
4075,94.767,1.04
4076,94.767,1.04
4077,94.767,1.04
4078,94.767,1.04
4079,94.767,1.039
4080,94.767,1.039
4081,94.767,1.039
4082,94.767,1.039
4083,94.767,1.039
4084,94.767,1.039
4085,94.767,1.039
4086,94.767,1.039
4087,94.767,1.039
4088,94.767,1.035
4089,94.767,1.035
4090,94.767,1.035
4091,94.767,1.035
4092,94.767,1.035
4093,94.767,1.035
4094,94.767,1.035
4095,94.767,1.03
4096,94.767,1.03
4097,94.767,1.03
4098,94.767,1.03
4099,94.767,1.03
4100,94.767,1.03
4101,94.767,1.031
4102,94.767,1.031
4103,94.767,1.031
4104,94.767,1.031
4105,94.767,1.031
4106,94.767,1.031
4107,94.767,1.031
4108,94.767,1.031
4109,94.767,1.028
4110,94.767,1.028
4111,94.767,1.028
4112,94.767,1.028
4113,94.767,1.028
4114,94.767,1.028
4115,94.767,1.028
4116,94.767,1.028
4117,94.767,1.028
